machine,source_bound,source_debt,target_debt,safe_ceiling,invalid_floor,lower,upper,horizon,bounds_checked,exact_bounds,maximum_oracle_vertices,relabel_invariant
b000,0,0,0,0,0,,,6,8,0,4,1
b000,0,0,1,1,1,,,7,9,0,5,1
b000,0,0,2,2,2,,,8,10,0,5,1
b000,0,0,3,3,3,,,9,11,0,5,1
b000,1,0,0,0,0,,,8,10,0,6,1
b000,1,0,1,1,1,,,9,11,0,7,1
b000,1,0,2,2,2,,,10,12,0,7,1
b000,1,0,3,3,3,,,11,13,0,7,1
b000,1,1,0,0,0,,,8,10,0,6,1
b000,1,1,1,1,1,,,9,11,0,7,1
b000,1,1,2,2,2,,,10,12,0,7,1
b000,1,1,3,3,3,,,11,13,0,7,1
b000,2,0,0,0,0,,,10,12,0,8,1
b000,2,0,1,1,1,,,11,13,0,9,1
b000,2,0,2,2,2,,,12,14,0,9,1
b000,2,0,3,3,3,,,13,15,0,9,1
b000,2,1,0,0,0,,,10,12,0,8,1
b000,2,1,1,1,1,,,11,13,0,9,1
b000,2,1,2,2,2,,,12,14,0,9,1
b000,2,1,3,3,3,,,13,15,0,9,1
b000,2,2,0,0,0,,,10,12,0,8,1
b000,2,2,1,1,1,,,11,13,0,9,1
b000,2,2,2,2,2,,,12,14,0,9,1
b000,2,2,3,3,3,,,13,15,0,9,1
b000,3,0,0,0,0,,,12,14,0,10,1
b000,3,0,1,1,1,,,13,15,0,11,1
b000,3,0,2,2,2,,,14,16,0,11,1
b000,3,0,3,3,3,,,15,17,0,11,1
b000,3,1,0,0,0,,,12,14,0,10,1
b000,3,1,1,1,1,,,13,15,0,11,1
b000,3,1,2,2,2,,,14,16,0,11,1
b000,3,1,3,3,3,,,15,17,0,11,1
b000,3,2,0,0,0,,,12,14,0,10,1
b000,3,2,1,1,1,,,13,15,0,11,1
b000,3,2,2,2,2,,,14,16,0,11,1
b000,3,2,3,3,3,,,15,17,0,11,1
b000,3,3,0,0,0,,,12,14,0,10,1
b000,3,3,1,1,1,,,13,15,0,11,1
b000,3,3,2,2,2,,,14,16,0,11,1
b000,3,3,3,3,3,,,15,17,0,11,1
b001,0,0,0,0,0,,,6,8,0,13,1
b001,0,0,1,1,1,,,7,9,0,15,1
b001,0,0,2,2,2,,,8,10,0,16,1
b001,0,0,3,3,3,,,9,11,0,17,1
b001,1,0,0,1,0,,,8,10,0,17,1
b001,1,0,1,1,1,,,9,11,0,19,1
b001,1,0,2,2,2,,,10,12,0,20,1
b001,1,0,3,3,3,,,11,13,0,21,1
b001,1,1,0,1,0,,,8,10,0,17,1
b001,1,1,1,1,1,,,9,11,0,19,1
b001,1,1,2,2,2,,,10,12,0,20,1
b001,1,1,3,3,3,,,11,13,0,21,1
b001,2,0,0,2,0,,,10,12,0,21,1
b001,2,0,1,2,1,,,11,13,0,23,1
b001,2,0,2,2,2,,,12,14,0,24,1
b001,2,0,3,3,3,,,13,15,0,25,1
b001,2,1,0,2,0,,,10,12,0,21,1
b001,2,1,1,2,1,,,11,13,0,23,1
b001,2,1,2,2,2,,,12,14,0,24,1
b001,2,1,3,3,3,,,13,15,0,25,1
b001,2,2,0,2,0,,,10,12,0,21,1
b001,2,2,1,2,1,,,11,13,0,23,1
b001,2,2,2,2,2,,,12,14,0,24,1
b001,2,2,3,3,3,,,13,15,0,25,1
b001,3,0,0,3,0,,,12,14,0,25,1
b001,3,0,1,3,1,,,13,15,0,27,1
b001,3,0,2,3,2,,,14,16,0,28,1
b001,3,0,3,3,3,,,15,17,0,29,1
b001,3,1,0,3,0,,,12,14,0,25,1
b001,3,1,1,3,1,,,13,15,0,27,1
b001,3,1,2,3,2,,,14,16,0,28,1
b001,3,1,3,3,3,,,15,17,0,29,1
b001,3,2,0,3,0,,,12,14,0,25,1
b001,3,2,1,3,1,,,13,15,0,27,1
b001,3,2,2,3,2,,,14,16,0,28,1
b001,3,2,3,3,3,,,15,17,0,29,1
b001,3,3,0,3,0,,,12,14,0,25,1
b001,3,3,1,3,1,,,13,15,0,27,1
b001,3,3,2,3,2,,,14,16,0,28,1
b001,3,3,3,3,3,,,15,17,0,29,1
b002,0,0,0,0,0,,,12,14,0,6,1
b002,0,0,1,1,1,,,13,15,0,6,1
b002,0,0,2,2,2,,,14,16,0,6,1
b002,0,0,3,3,3,,,15,17,0,6,1
b002,1,0,0,1,0,,,16,18,0,11,1
b002,1,0,1,1,1,,,17,19,0,8,1
b002,1,0,2,2,2,,,18,20,0,8,1
b002,1,0,3,3,3,,,19,21,0,8,1
b002,1,1,0,1,0,,,16,18,0,11,1
b002,1,1,1,1,1,,,17,19,0,8,1
b002,1,1,2,2,2,,,18,20,0,8,1
b002,1,1,3,3,3,,,19,21,0,8,1
b002,2,0,0,1,0,,,20,22,0,14,1
b002,2,0,1,1,1,,,21,23,0,10,1
b002,2,0,2,2,2,,,22,24,0,10,1
b002,2,0,3,3,3,,,23,25,0,10,1
b002,2,1,0,1,0,,,20,22,0,14,1
b002,2,1,1,1,1,,,21,23,0,10,1
b002,2,1,2,2,2,,,22,24,0,10,1
b002,2,1,3,3,3,,,23,25,0,10,1
b002,2,2,0,1,0,,,20,22,0,14,1
b002,2,2,1,1,1,,,21,23,0,10,1
b002,2,2,2,2,2,,,22,24,0,10,1
b002,2,2,3,3,3,,,23,25,0,10,1
b002,3,0,0,1,0,,,24,26,0,17,1
b002,3,0,1,1,1,,,25,27,0,12,1
b002,3,0,2,2,2,,,26,28,0,12,1
b002,3,0,3,3,3,,,27,29,0,12,1
b002,3,1,0,1,0,,,24,26,0,17,1
b002,3,1,1,1,1,,,25,27,0,12,1
b002,3,1,2,2,2,,,26,28,0,12,1
b002,3,1,3,3,3,,,27,29,0,12,1
b002,3,2,0,1,0,,,24,26,0,17,1
b002,3,2,1,1,1,,,25,27,0,12,1
b002,3,2,2,2,2,,,26,28,0,12,1
b002,3,2,3,3,3,,,27,29,0,12,1
b002,3,3,0,1,0,,,24,26,0,17,1
b002,3,3,1,1,1,,,25,27,0,12,1
b002,3,3,2,2,2,,,26,28,0,12,1
b002,3,3,3,3,3,,,27,29,0,12,1
b003,0,0,0,0,0,,,12,14,0,6,1
b003,0,0,1,1,1,,,13,15,0,5,1
b003,0,0,2,2,2,,,14,16,0,5,1
b003,0,0,3,3,3,,,15,17,0,5,1
b003,1,0,0,1,0,,,16,18,0,11,1
b003,1,0,1,1,1,,,17,19,0,7,1
b003,1,0,2,2,2,,,18,20,0,7,1
b003,1,0,3,3,3,,,19,21,0,7,1
b003,1,1,0,1,0,,,16,18,0,11,1
b003,1,1,1,1,1,,,17,19,0,7,1
b003,1,1,2,2,2,,,18,20,0,7,1
b003,1,1,3,3,3,,,19,21,0,7,1
b003,2,0,0,1,0,,,20,22,0,14,1
b003,2,0,1,1,1,,,21,23,0,9,1
b003,2,0,2,2,2,,,22,24,0,9,1
b003,2,0,3,3,3,,,23,25,0,9,1
b003,2,1,0,1,0,,,20,22,0,14,1
b003,2,1,1,1,1,,,21,23,0,9,1
b003,2,1,2,2,2,,,22,24,0,9,1
b003,2,1,3,3,3,,,23,25,0,9,1
b003,2,2,0,1,0,,,20,22,0,14,1
b003,2,2,1,1,1,,,21,23,0,9,1
b003,2,2,2,2,2,,,22,24,0,9,1
b003,2,2,3,3,3,,,23,25,0,9,1
b003,3,0,0,1,0,,,24,26,0,17,1
b003,3,0,1,1,1,,,25,27,0,11,1
b003,3,0,2,2,2,,,26,28,0,11,1
b003,3,0,3,3,3,,,27,29,0,11,1
b003,3,1,0,1,0,,,24,26,0,17,1
b003,3,1,1,1,1,,,25,27,0,11,1
b003,3,1,2,2,2,,,26,28,0,11,1
b003,3,1,3,3,3,,,27,29,0,11,1
b003,3,2,0,1,0,,,24,26,0,17,1
b003,3,2,1,1,1,,,25,27,0,11,1
b003,3,2,2,2,2,,,26,28,0,11,1
b003,3,2,3,3,3,,,27,29,0,11,1
b003,3,3,0,1,0,,,24,26,0,17,1
b003,3,3,1,1,1,,,25,27,0,11,1
b003,3,3,2,2,2,,,26,28,0,11,1
b003,3,3,3,3,3,,,27,29,0,11,1
b004,0,0,0,1,0,,,6,8,0,8,1
b004,0,0,1,1,1,,,7,9,0,5,1
b004,0,0,2,2,2,,,8,10,0,6,1
b004,0,0,3,3,3,,,9,11,0,6,1
b004,1,0,0,1,0,,,8,10,0,12,1
b004,1,0,1,1,1,,,9,11,0,7,1
b004,1,0,2,2,2,,,10,12,0,8,1
b004,1,0,3,3,3,,,11,13,0,8,1
b004,1,1,0,1,0,,,8,10,0,11,1
b004,1,1,1,1,1,,,9,11,0,8,1
b004,1,1,2,2,2,,,10,12,0,8,1
b004,1,1,3,3,3,,,11,13,0,8,1
b004,2,0,0,1,0,,,10,12,0,16,1
b004,2,0,1,1,1,,,11,13,0,9,1
b004,2,0,2,2,2,,,12,14,0,10,1
b004,2,0,3,3,3,,,13,15,0,10,1
b004,2,1,0,1,0,,,10,12,0,15,1
b004,2,1,1,1,1,,,11,13,0,10,1
b004,2,1,2,2,2,,,12,14,0,10,1
b004,2,1,3,3,3,,,13,15,0,10,1
b004,2,2,0,1,0,,,10,12,0,14,1
b004,2,2,1,1,1,,,11,13,0,10,1
b004,2,2,2,2,2,,,12,14,0,10,1
b004,2,2,3,3,3,,,13,15,0,10,1
b004,3,0,0,1,0,,,12,14,0,20,1
b004,3,0,1,1,1,,,13,15,0,11,1
b004,3,0,2,2,2,,,14,16,0,12,1
b004,3,0,3,3,3,,,15,17,0,12,1
b004,3,1,0,1,0,,,12,14,0,19,1
b004,3,1,1,1,1,,,13,15,0,12,1
b004,3,1,2,2,2,,,14,16,0,12,1
b004,3,1,3,3,3,,,15,17,0,12,1
b004,3,2,0,1,0,,,12,14,0,18,1
b004,3,2,1,1,1,,,13,15,0,12,1
b004,3,2,2,2,2,,,14,16,0,12,1
b004,3,2,3,3,3,,,15,17,0,12,1
b004,3,3,0,1,0,,,12,14,0,17,1
b004,3,3,1,1,1,,,13,15,0,12,1
b004,3,3,2,2,2,,,14,16,0,12,1
b004,3,3,3,3,3,,,15,17,0,12,1
b005,0,0,0,1,0,,,6,8,0,21,1
b005,0,0,1,1,1,,,7,9,0,22,1
b005,0,0,2,2,2,,,8,10,0,25,1
b005,0,0,3,3,3,,,9,11,0,27,1
b005,1,0,0,2,0,,,8,10,0,28,1
b005,1,0,1,2,1,,,9,11,0,29,1
b005,1,0,2,2,2,,,10,12,0,31,1
b005,1,0,3,3,3,,,11,13,0,34,1
b005,1,1,0,2,0,,,8,10,0,27,1
b005,1,1,1,2,1,,,9,11,0,30,1
b005,1,1,2,2,2,,,10,12,0,32,1
b005,1,1,3,3,3,,,11,13,0,34,1
b005,2,0,0,3,0,,,10,12,0,35,1
b005,2,0,1,3,1,,,11,13,0,36,1
b005,2,0,2,3,2,,,12,14,0,38,1
b005,2,0,3,3,3,,,13,15,0,40,1
b005,2,1,0,3,0,,,10,12,0,34,1
b005,2,1,1,3,1,,,11,13,0,37,1
b005,2,1,2,3,2,,,12,14,0,39,1
b005,2,1,3,3,3,,,13,15,0,41,1
b005,2,2,0,3,0,,,10,12,0,34,1
b005,2,2,1,3,1,,,11,13,0,37,1
b005,2,2,2,3,2,,,12,14,0,39,1
b005,2,2,3,3,3,,,13,15,0,41,1
b005,3,0,0,4,0,,,12,14,0,42,1
b005,3,0,1,4,1,,,13,15,0,43,1
b005,3,0,2,4,2,,,14,16,0,45,1
b005,3,0,3,4,3,,,15,17,0,47,1
b005,3,1,0,4,0,,,12,14,0,41,1
b005,3,1,1,4,1,,,13,15,0,44,1
b005,3,1,2,4,2,,,14,16,0,46,1
b005,3,1,3,4,3,,,15,17,0,48,1
b005,3,2,0,4,0,,,12,14,0,41,1
b005,3,2,1,4,1,,,13,15,0,44,1
b005,3,2,2,4,2,,,14,16,0,46,1
b005,3,2,3,4,3,,,15,17,0,48,1
b005,3,3,0,4,0,,,12,14,0,41,1
b005,3,3,1,4,1,,,13,15,0,44,1
b005,3,3,2,4,2,,,14,16,0,46,1
b005,3,3,3,4,3,,,15,17,0,48,1
b006,0,0,0,1,0,,,12,14,0,9,1
b006,0,0,1,1,1,,,13,15,0,8,1
b006,0,0,2,2,2,,,14,16,0,8,1
b006,0,0,3,3,3,,,15,17,0,8,1
b006,1,0,0,2,0,,,16,18,0,15,1
b006,1,0,1,2,1,,,17,19,0,14,1
b006,1,0,2,2,2,,,18,20,0,10,1
b006,1,0,3,3,3,,,19,21,0,11,1
b006,1,1,0,2,0,,,16,18,0,14,1
b006,1,1,1,2,1,,,17,19,0,15,1
b006,1,1,2,2,2,,,18,20,0,11,1
b006,1,1,3,3,3,,,19,21,0,11,1
b006,2,0,0,2,0,,,20,22,0,19,1
b006,2,0,1,2,1,,,21,23,0,18,1
b006,2,0,2,2,2,,,22,24,0,12,1
b006,2,0,3,3,3,,,23,25,0,13,1
b006,2,1,0,2,0,,,20,22,0,18,1
b006,2,1,1,2,1,,,21,23,0,19,1
b006,2,1,2,2,2,,,22,24,0,13,1
b006,2,1,3,3,3,,,23,25,0,13,1
b006,2,2,0,2,0,,,20,22,0,18,1
b006,2,2,1,2,1,,,21,23,0,19,1
b006,2,2,2,2,2,,,22,24,0,13,1
b006,2,2,3,3,3,,,23,25,0,13,1
b006,3,0,0,2,0,,,24,26,0,23,1
b006,3,0,1,2,1,,,25,27,0,22,1
b006,3,0,2,2,2,,,26,28,0,14,1
b006,3,0,3,3,3,,,27,29,0,15,1
b006,3,1,0,2,0,,,24,26,0,22,1
b006,3,1,1,2,1,,,25,27,0,23,1
b006,3,1,2,2,2,,,26,28,0,15,1
b006,3,1,3,3,3,,,27,29,0,15,1
b006,3,2,0,2,0,,,24,26,0,22,1
b006,3,2,1,2,1,,,25,27,0,23,1
b006,3,2,2,2,2,,,26,28,0,15,1
b006,3,2,3,3,3,,,27,29,0,15,1
b006,3,3,0,2,0,,,24,26,0,22,1
b006,3,3,1,2,1,,,25,27,0,23,1
b006,3,3,2,2,2,,,26,28,0,15,1
b006,3,3,3,3,3,,,27,29,0,15,1
b007,0,0,0,1,0,,,12,14,0,8,1
b007,0,0,1,1,1,,,13,15,0,5,1
b007,0,0,2,2,2,,,14,16,0,6,1
b007,0,0,3,3,3,,,15,17,0,6,1
b007,1,0,0,1,0,,,16,18,0,11,1
b007,1,0,1,1,1,,,17,19,0,7,1
b007,1,0,2,2,2,,,18,20,0,8,1
b007,1,0,3,3,3,,,19,21,0,8,1
b007,1,1,0,1,0,,,16,18,0,10,1
b007,1,1,1,1,1,,,17,19,0,8,1
b007,1,1,2,2,2,,,18,20,0,8,1
b007,1,1,3,3,3,,,19,21,0,8,1
b007,2,0,0,1,0,,,20,22,0,14,1
b007,2,0,1,1,1,,,21,23,0,9,1
b007,2,0,2,2,2,,,22,24,0,10,1
b007,2,0,3,3,3,,,23,25,0,10,1
b007,2,1,0,1,0,,,20,22,0,13,1
b007,2,1,1,1,1,,,21,23,0,10,1
b007,2,1,2,2,2,,,22,24,0,10,1
b007,2,1,3,3,3,,,23,25,0,10,1
b007,2,2,0,1,0,,,20,22,0,12,1
b007,2,2,1,1,1,,,21,23,0,10,1
b007,2,2,2,2,2,,,22,24,0,10,1
b007,2,2,3,3,3,,,23,25,0,10,1
b007,3,0,0,1,0,,,24,26,0,17,1
b007,3,0,1,1,1,,,25,27,0,11,1
b007,3,0,2,2,2,,,26,28,0,12,1
b007,3,0,3,3,3,,,27,29,0,12,1
b007,3,1,0,1,0,,,24,26,0,16,1
b007,3,1,1,1,1,,,25,27,0,12,1
b007,3,1,2,2,2,,,26,28,0,12,1
b007,3,1,3,3,3,,,27,29,0,12,1
b007,3,2,0,1,0,,,24,26,0,15,1
b007,3,2,1,1,1,,,25,27,0,12,1
b007,3,2,2,2,2,,,26,28,0,12,1
b007,3,2,3,3,3,,,27,29,0,12,1
b007,3,3,0,1,0,,,24,26,0,14,1
b007,3,3,1,1,1,,,25,27,0,12,1
b007,3,3,2,2,2,,,26,28,0,12,1
b007,3,3,3,3,3,,,27,29,0,12,1
b008,0,0,0,1,0,,,12,14,0,8,1
b008,0,0,1,1,1,,,13,15,0,5,1
b008,0,0,2,2,2,,,14,16,0,6,1
b008,0,0,3,3,3,,,15,17,0,6,1
b008,1,0,0,1,0,,,16,18,0,12,1
b008,1,0,1,1,1,,,17,19,0,7,1
b008,1,0,2,2,2,,,18,20,0,8,1
b008,1,0,3,3,3,,,19,21,0,8,1
b008,1,1,0,1,0,,,16,18,0,11,1
b008,1,1,1,1,1,,,17,19,0,8,1
b008,1,1,2,2,2,,,18,20,0,8,1
b008,1,1,3,3,3,,,19,21,0,8,1
b008,2,0,0,1,0,,,20,22,0,16,1
b008,2,0,1,1,1,,,21,23,0,9,1
b008,2,0,2,2,2,,,22,24,0,10,1
b008,2,0,3,3,3,,,23,25,0,10,1
b008,2,1,0,1,0,,,20,22,0,15,1
b008,2,1,1,1,1,,,21,23,0,10,1
b008,2,1,2,2,2,,,22,24,0,10,1
b008,2,1,3,3,3,,,23,25,0,10,1
b008,2,2,0,1,0,,,20,22,0,14,1
b008,2,2,1,1,1,,,21,23,0,10,1
b008,2,2,2,2,2,,,22,24,0,10,1
b008,2,2,3,3,3,,,23,25,0,10,1
b008,3,0,0,1,0,,,24,26,0,20,1
b008,3,0,1,1,1,,,25,27,0,11,1
b008,3,0,2,2,2,,,26,28,0,12,1
b008,3,0,3,3,3,,,27,29,0,12,1
b008,3,1,0,1,0,,,24,26,0,19,1
b008,3,1,1,1,1,,,25,27,0,12,1
b008,3,1,2,2,2,,,26,28,0,12,1
b008,3,1,3,3,3,,,27,29,0,12,1
b008,3,2,0,1,0,,,24,26,0,18,1
b008,3,2,1,1,1,,,25,27,0,12,1
b008,3,2,2,2,2,,,26,28,0,12,1
b008,3,2,3,3,3,,,27,29,0,12,1
b008,3,3,0,1,0,,,24,26,0,17,1
b008,3,3,1,1,1,,,25,27,0,12,1
b008,3,3,2,2,2,,,26,28,0,12,1
b008,3,3,3,3,3,,,27,29,0,12,1
b009,0,0,0,1,0,,,12,14,0,21,1
b009,0,0,1,1,1,,,13,15,0,21,1
b009,0,0,2,2,2,,,14,16,0,23,1
b009,0,0,3,3,3,,,15,17,0,24,1
b009,1,0,0,1,0,,,16,18,0,27,1
b009,1,0,1,1,1,,,17,19,0,27,1
b009,1,0,2,2,2,,,18,20,0,29,1
b009,1,0,3,3,3,,,19,21,0,30,1
b009,1,1,0,1,0,,,16,18,0,26,1
b009,1,1,1,1,1,,,17,19,0,28,1
b009,1,1,2,2,2,,,18,20,0,29,1
b009,1,1,3,3,3,,,19,21,0,30,1
b009,2,0,0,2,0,,,20,22,0,33,1
b009,2,0,1,2,1,,,21,23,0,33,1
b009,2,0,2,2,2,,,22,24,0,35,1
b009,2,0,3,3,3,,,23,25,0,36,1
b009,2,1,0,2,0,,,20,22,0,32,1
b009,2,1,1,2,1,,,21,23,0,34,1
b009,2,1,2,2,2,,,22,24,0,35,1
b009,2,1,3,3,3,,,23,25,0,36,1
b009,2,2,0,2,0,,,20,22,0,32,1
b009,2,2,1,2,1,,,21,23,0,34,1
b009,2,2,2,2,2,,,22,24,0,35,1
b009,2,2,3,3,3,,,23,25,0,36,1
b009,3,0,0,3,0,,,24,26,0,39,1
b009,3,0,1,3,1,,,25,27,0,39,1
b009,3,0,2,3,2,,,26,28,0,41,1
b009,3,0,3,3,3,,,27,29,0,42,1
b009,3,1,0,3,0,,,24,26,0,38,1
b009,3,1,1,3,1,,,25,27,0,40,1
b009,3,1,2,3,2,,,26,28,0,41,1
b009,3,1,3,3,3,,,27,29,0,42,1
b009,3,2,0,3,0,,,24,26,0,38,1
b009,3,2,1,3,1,,,25,27,0,40,1
b009,3,2,2,3,2,,,26,28,0,41,1
b009,3,2,3,3,3,,,27,29,0,42,1
b009,3,3,0,3,0,,,24,26,0,38,1
b009,3,3,1,3,1,,,25,27,0,40,1
b009,3,3,2,3,2,,,26,28,0,41,1
b009,3,3,3,3,3,,,27,29,0,42,1
b010,0,0,0,1,0,,,12,14,0,8,1
b010,0,0,1,1,1,,,13,15,0,6,1
b010,0,0,2,2,2,,,14,16,0,7,1
b010,0,0,3,3,3,,,15,17,0,7,1
b010,1,0,0,1,0,,,16,18,0,11,1
b010,1,0,1,1,1,,,17,19,0,8,1
b010,1,0,2,2,2,,,18,20,0,9,1
b010,1,0,3,3,3,,,19,21,0,9,1
b010,1,1,0,1,0,,,16,18,0,10,1
b010,1,1,1,1,1,,,17,19,0,9,1
b010,1,1,2,2,2,,,18,20,0,9,1
b010,1,1,3,3,3,,,19,21,0,9,1
b010,2,0,0,1,0,,,20,22,0,14,1
b010,2,0,1,1,1,,,21,23,0,10,1
b010,2,0,2,2,2,,,22,24,0,11,1
b010,2,0,3,3,3,,,23,25,0,11,1
b010,2,1,0,1,0,,,20,22,0,13,1
b010,2,1,1,1,1,,,21,23,0,11,1
b010,2,1,2,2,2,,,22,24,0,11,1
b010,2,1,3,3,3,,,23,25,0,11,1
b010,2,2,0,1,0,,,20,22,0,12,1
b010,2,2,1,1,1,,,21,23,0,11,1
b010,2,2,2,2,2,,,22,24,0,11,1
b010,2,2,3,3,3,,,23,25,0,11,1
b010,3,0,0,1,0,,,24,26,0,17,1
b010,3,0,1,1,1,,,25,27,0,12,1
b010,3,0,2,2,2,,,26,28,0,13,1
b010,3,0,3,3,3,,,27,29,0,13,1
b010,3,1,0,1,0,,,24,26,0,16,1
b010,3,1,1,1,1,,,25,27,0,13,1
b010,3,1,2,2,2,,,26,28,0,13,1
b010,3,1,3,3,3,,,27,29,0,13,1
b010,3,2,0,1,0,,,24,26,0,15,1
b010,3,2,1,1,1,,,25,27,0,13,1
b010,3,2,2,2,2,,,26,28,0,13,1
b010,3,2,3,3,3,,,27,29,0,13,1
b010,3,3,0,1,0,,,24,26,0,14,1
b010,3,3,1,1,1,,,25,27,0,13,1
b010,3,3,2,2,2,,,26,28,0,13,1
b010,3,3,3,3,3,,,27,29,0,13,1
b011,0,0,0,1,0,,,12,14,0,8,1
b011,0,0,1,1,1,,,13,15,0,5,1
b011,0,0,2,2,2,,,14,16,0,6,1
b011,0,0,3,3,3,,,15,17,0,6,1
b011,1,0,0,1,0,,,16,18,0,11,1
b011,1,0,1,1,1,,,17,19,0,7,1
b011,1,0,2,2,2,,,18,20,0,8,1
b011,1,0,3,3,3,,,19,21,0,8,1
b011,1,1,0,1,0,,,16,18,0,10,1
b011,1,1,1,1,1,,,17,19,0,8,1
b011,1,1,2,2,2,,,18,20,0,8,1
b011,1,1,3,3,3,,,19,21,0,8,1
b011,2,0,0,1,0,,,20,22,0,14,1
b011,2,0,1,1,1,,,21,23,0,9,1
b011,2,0,2,2,2,,,22,24,0,10,1
b011,2,0,3,3,3,,,23,25,0,10,1
b011,2,1,0,1,0,,,20,22,0,13,1
b011,2,1,1,1,1,,,21,23,0,10,1
b011,2,1,2,2,2,,,22,24,0,10,1
b011,2,1,3,3,3,,,23,25,0,10,1
b011,2,2,0,1,0,,,20,22,0,12,1
b011,2,2,1,1,1,,,21,23,0,10,1
b011,2,2,2,2,2,,,22,24,0,10,1
b011,2,2,3,3,3,,,23,25,0,10,1
b011,3,0,0,1,0,,,24,26,0,17,1
b011,3,0,1,1,1,,,25,27,0,11,1
b011,3,0,2,2,2,,,26,28,0,12,1
b011,3,0,3,3,3,,,27,29,0,12,1
b011,3,1,0,1,0,,,24,26,0,16,1
b011,3,1,1,1,1,,,25,27,0,12,1
b011,3,1,2,2,2,,,26,28,0,12,1
b011,3,1,3,3,3,,,27,29,0,12,1
b011,3,2,0,1,0,,,24,26,0,15,1
b011,3,2,1,1,1,,,25,27,0,12,1
b011,3,2,2,2,2,,,26,28,0,12,1
b011,3,2,3,3,3,,,27,29,0,12,1
b011,3,3,0,1,0,,,24,26,0,14,1
b011,3,3,1,1,1,,,25,27,0,12,1
b011,3,3,2,2,2,,,26,28,0,12,1
b011,3,3,3,3,3,,,27,29,0,12,1
b012,0,0,0,1,0,,,12,14,0,8,1
b012,0,0,1,1,1,,,13,15,0,5,1
b012,0,0,2,2,2,,,14,16,0,5,1
b012,0,0,3,3,3,,,15,17,0,5,1
b012,1,0,0,1,0,,,16,18,0,12,1
b012,1,0,1,1,1,,,17,19,0,7,1
b012,1,0,2,2,2,,,18,20,0,7,1
b012,1,0,3,3,3,,,19,21,0,7,1
b012,1,1,0,1,0,,,16,18,0,11,1
b012,1,1,1,1,1,,,17,19,0,7,1
b012,1,1,2,2,2,,,18,20,0,7,1
b012,1,1,3,3,3,,,19,21,0,7,1
b012,2,0,0,1,0,,,20,22,0,16,1
b012,2,0,1,1,1,,,21,23,0,9,1
b012,2,0,2,2,2,,,22,24,0,9,1
b012,2,0,3,3,3,,,23,25,0,9,1
b012,2,1,0,1,0,,,20,22,0,15,1
b012,2,1,1,1,1,,,21,23,0,9,1
b012,2,1,2,2,2,,,22,24,0,9,1
b012,2,1,3,3,3,,,23,25,0,9,1
b012,2,2,0,1,0,,,20,22,0,14,1
b012,2,2,1,1,1,,,21,23,0,9,1
b012,2,2,2,2,2,,,22,24,0,9,1
b012,2,2,3,3,3,,,23,25,0,9,1
b012,3,0,0,1,0,,,24,26,0,20,1
b012,3,0,1,1,1,,,25,27,0,11,1
b012,3,0,2,2,2,,,26,28,0,11,1
b012,3,0,3,3,3,,,27,29,0,11,1
b012,3,1,0,1,0,,,24,26,0,19,1
b012,3,1,1,1,1,,,25,27,0,11,1
b012,3,1,2,2,2,,,26,28,0,11,1
b012,3,1,3,3,3,,,27,29,0,11,1
b012,3,2,0,1,0,,,24,26,0,18,1
b012,3,2,1,1,1,,,25,27,0,11,1
b012,3,2,2,2,2,,,26,28,0,11,1
b012,3,2,3,3,3,,,27,29,0,11,1
b012,3,3,0,1,0,,,24,26,0,17,1
b012,3,3,1,1,1,,,25,27,0,11,1
b012,3,3,2,2,2,,,26,28,0,11,1
b012,3,3,3,3,3,,,27,29,0,11,1
b013,0,0,0,1,0,,,12,14,0,19,1
b013,0,0,1,1,1,,,13,15,0,21,1
b013,0,0,2,2,2,,,14,16,0,22,1
b013,0,0,3,3,3,,,15,17,0,23,1
b013,1,0,0,2,0,,,16,18,0,25,1
b013,1,0,1,2,1,,,17,19,0,27,1
b013,1,0,2,2,2,,,18,20,0,28,1
b013,1,0,3,3,3,,,19,21,0,29,1
b013,1,1,0,2,0,,,16,18,0,25,1
b013,1,1,1,2,1,,,17,19,0,27,1
b013,1,1,2,2,2,,,18,20,0,28,1
b013,1,1,3,3,3,,,19,21,0,29,1
b013,2,0,0,3,0,,,20,22,0,31,1
b013,2,0,1,3,1,,,21,23,0,33,1
b013,2,0,2,3,2,,,22,24,0,34,1
b013,2,0,3,3,3,,,23,25,0,35,1
b013,2,1,0,3,0,,,20,22,0,31,1
b013,2,1,1,3,1,,,21,23,0,33,1
b013,2,1,2,3,2,,,22,24,0,34,1
b013,2,1,3,3,3,,,23,25,0,35,1
b013,2,2,0,3,0,,,20,22,0,31,1
b013,2,2,1,3,1,,,21,23,0,33,1
b013,2,2,2,3,2,,,22,24,0,34,1
b013,2,2,3,3,3,,,23,25,0,35,1
b013,3,0,0,4,0,,,24,26,0,37,1
b013,3,0,1,4,1,,,25,27,0,39,1
b013,3,0,2,4,2,,,26,28,0,40,1
b013,3,0,3,4,3,,,27,29,0,41,1
b013,3,1,0,4,0,,,24,26,0,37,1
b013,3,1,1,4,1,,,25,27,0,39,1
b013,3,1,2,4,2,,,26,28,0,40,1
b013,3,1,3,4,3,,,27,29,0,41,1
b013,3,2,0,4,0,,,24,26,0,37,1
b013,3,2,1,4,1,,,25,27,0,39,1
b013,3,2,2,4,2,,,26,28,0,40,1
b013,3,2,3,4,3,,,27,29,0,41,1
b013,3,3,0,4,0,,,24,26,0,37,1
b013,3,3,1,4,1,,,25,27,0,39,1
b013,3,3,2,4,2,,,26,28,0,40,1
b013,3,3,3,4,3,,,27,29,0,41,1
b014,0,0,0,1,0,,,12,14,0,8,1
b014,0,0,1,1,1,,,13,15,0,8,1
b014,0,0,2,2,2,,,14,16,0,6,1
b014,0,0,3,3,3,,,15,17,0,6,1
b014,1,0,0,2,0,,,16,18,0,13,1
b014,1,0,1,2,1,,,17,19,0,14,1
b014,1,0,2,2,2,,,18,20,0,8,1
b014,1,0,3,3,3,,,19,21,0,8,1
b014,1,1,0,2,0,,,16,18,0,13,1
b014,1,1,1,2,1,,,17,19,0,14,1
b014,1,1,2,2,2,,,18,20,0,8,1
b014,1,1,3,3,3,,,19,21,0,8,1
b014,2,0,0,2,0,,,20,22,0,17,1
b014,2,0,1,2,1,,,21,23,0,18,1
b014,2,0,2,2,2,,,22,24,0,10,1
b014,2,0,3,3,3,,,23,25,0,10,1
b014,2,1,0,2,0,,,20,22,0,17,1
b014,2,1,1,2,1,,,21,23,0,18,1
b014,2,1,2,2,2,,,22,24,0,10,1
b014,2,1,3,3,3,,,23,25,0,10,1
b014,2,2,0,2,0,,,20,22,0,17,1
b014,2,2,1,2,1,,,21,23,0,18,1
b014,2,2,2,2,2,,,22,24,0,10,1
b014,2,2,3,3,3,,,23,25,0,10,1
b014,3,0,0,2,0,,,24,26,0,21,1
b014,3,0,1,2,1,,,25,27,0,22,1
b014,3,0,2,2,2,,,26,28,0,12,1
b014,3,0,3,3,3,,,27,29,0,12,1
b014,3,1,0,2,0,,,24,26,0,21,1
b014,3,1,1,2,1,,,25,27,0,22,1
b014,3,1,2,2,2,,,26,28,0,12,1
b014,3,1,3,3,3,,,27,29,0,12,1
b014,3,2,0,2,0,,,24,26,0,21,1
b014,3,2,1,2,1,,,25,27,0,22,1
b014,3,2,2,2,2,,,26,28,0,12,1
b014,3,2,3,3,3,,,27,29,0,12,1
b014,3,3,0,2,0,,,24,26,0,21,1
b014,3,3,1,2,1,,,25,27,0,22,1
b014,3,3,2,2,2,,,26,28,0,12,1
b014,3,3,3,3,3,,,27,29,0,12,1
b015,0,0,0,1,0,,,12,14,0,8,1
b015,0,0,1,1,1,,,13,15,0,5,1
b015,0,0,2,2,2,,,14,16,0,5,1
b015,0,0,3,3,3,,,15,17,0,5,1
b015,1,0,0,1,0,,,16,18,0,11,1
b015,1,0,1,1,1,,,17,19,0,7,1
b015,1,0,2,2,2,,,18,20,0,7,1
b015,1,0,3,3,3,,,19,21,0,7,1
b015,1,1,0,1,0,,,16,18,0,10,1
b015,1,1,1,1,1,,,17,19,0,7,1
b015,1,1,2,2,2,,,18,20,0,7,1
b015,1,1,3,3,3,,,19,21,0,7,1
b015,2,0,0,1,0,,,20,22,0,14,1
b015,2,0,1,1,1,,,21,23,0,9,1
b015,2,0,2,2,2,,,22,24,0,9,1
b015,2,0,3,3,3,,,23,25,0,9,1
b015,2,1,0,1,0,,,20,22,0,13,1
b015,2,1,1,1,1,,,21,23,0,9,1
b015,2,1,2,2,2,,,22,24,0,9,1
b015,2,1,3,3,3,,,23,25,0,9,1
b015,2,2,0,1,0,,,20,22,0,12,1
b015,2,2,1,1,1,,,21,23,0,9,1
b015,2,2,2,2,2,,,22,24,0,9,1
b015,2,2,3,3,3,,,23,25,0,9,1
b015,3,0,0,1,0,,,24,26,0,17,1
b015,3,0,1,1,1,,,25,27,0,11,1
b015,3,0,2,2,2,,,26,28,0,11,1
b015,3,0,3,3,3,,,27,29,0,11,1
b015,3,1,0,1,0,,,24,26,0,16,1
b015,3,1,1,1,1,,,25,27,0,11,1
b015,3,1,2,2,2,,,26,28,0,11,1
b015,3,1,3,3,3,,,27,29,0,11,1
b015,3,2,0,1,0,,,24,26,0,15,1
b015,3,2,1,1,1,,,25,27,0,11,1
b015,3,2,2,2,2,,,26,28,0,11,1
b015,3,2,3,3,3,,,27,29,0,11,1
b015,3,3,0,1,0,,,24,26,0,14,1
b015,3,3,1,1,1,,,25,27,0,11,1
b015,3,3,2,2,2,,,26,28,0,11,1
b015,3,3,3,3,3,,,27,29,0,11,1
b016,0,0,0,0,0,,,6,8,0,13,1
b016,0,0,1,1,1,,,7,9,0,15,1
b016,0,0,2,2,2,,,8,10,0,16,1
b016,0,0,3,3,3,,,9,11,0,17,1
b016,1,0,0,1,0,,,8,10,0,17,1
b016,1,0,1,2,1,,,9,11,0,20,1
b016,1,0,2,3,2,,,10,12,0,21,1
b016,1,0,3,4,3,,,11,13,0,22,1
b016,1,1,0,1,0,,,8,10,0,18,1
b016,1,1,1,1,1,,,9,11,0,18,1
b016,1,1,2,2,2,,,10,12,0,20,1
b016,1,1,3,3,3,,,11,13,0,21,1
b016,2,0,0,2,0,,,10,12,0,21,1
b016,2,0,1,3,1,,,11,13,0,25,1
b016,2,0,2,4,2,,,12,14,0,26,1
b016,2,0,3,5,3,,,13,15,0,27,1
b016,2,1,0,2,0,,,10,12,0,23,1
b016,2,1,1,2,1,,,11,13,0,22,1
b016,2,1,2,3,2,,,12,14,0,25,1
b016,2,1,3,4,3,,,13,15,0,26,1
b016,2,2,0,2,0,,,10,12,0,22,1
b016,2,2,1,2,1,,,11,13,0,23,1
b016,2,2,2,2,2,,,12,14,0,23,1
b016,2,2,3,3,3,,,13,15,0,25,1
b016,3,0,0,3,0,,,12,14,0,25,1
b016,3,0,1,4,1,,,13,15,0,30,1
b016,3,0,2,5,2,,,14,16,0,31,1
b016,3,0,3,6,3,,,15,17,0,32,1
b016,3,1,0,3,0,,,12,14,0,28,1
b016,3,1,1,3,1,,,13,15,0,26,1
b016,3,1,2,4,2,,,14,16,0,30,1
b016,3,1,3,5,3,,,15,17,0,31,1
b016,3,2,0,3,0,,,12,14,0,27,1
b016,3,2,1,3,1,,,13,15,0,28,1
b016,3,2,2,3,2,,,14,16,0,27,1
b016,3,2,3,4,3,,,15,17,0,30,1
b016,3,3,0,3,0,,,12,14,0,26,1
b016,3,3,1,3,1,,,13,15,0,27,1
b016,3,3,2,3,2,,,14,16,0,28,1
b016,3,3,3,3,3,,,15,17,0,28,1
b017,0,0,0,0,1,0,0,6,8,1,20,1
b017,0,0,1,1,1,,,7,9,0,23,1
b017,0,0,2,2,2,,,8,10,0,25,1
b017,0,0,3,3,3,,,9,11,0,27,1
b017,1,0,0,1,2,1,1,8,10,1,26,1
b017,1,0,1,2,2,,,9,11,0,30,1
b017,1,0,2,3,2,,,10,12,0,32,1
b017,1,0,3,4,3,,,11,13,0,34,1
b017,1,1,0,1,1,,,8,10,0,27,1
b017,1,1,1,1,2,1,1,9,11,1,28,1
b017,1,1,2,2,2,,,10,12,0,31,1
b017,1,1,3,3,3,,,11,13,0,33,1
b017,2,0,0,2,3,2,2,10,12,1,32,1
b017,2,0,1,3,3,,,11,13,0,37,1
b017,2,0,2,4,3,,,12,14,0,39,1
b017,2,0,3,5,3,,,13,15,0,41,1
b017,2,1,0,2,2,,,10,12,0,34,1
b017,2,1,1,2,3,2,2,11,13,1,34,1
b017,2,1,2,3,3,,,12,14,0,38,1
b017,2,1,3,4,3,,,13,15,0,40,1
b017,2,2,0,2,1,,,10,12,0,33,1
b017,2,2,1,2,2,,,11,13,0,35,1
b017,2,2,2,2,3,2,2,12,14,1,36,1
b017,2,2,3,3,3,,,13,15,0,39,1
b017,3,0,0,3,4,3,3,12,14,1,38,1
b017,3,0,1,4,4,,,13,15,0,44,1
b017,3,0,2,5,4,,,14,16,0,46,1
b017,3,0,3,6,4,,,15,17,0,48,1
b017,3,1,0,3,3,,,12,14,0,41,1
b017,3,1,1,3,4,3,3,13,15,1,40,1
b017,3,1,2,4,4,,,14,16,0,45,1
b017,3,1,3,5,4,,,15,17,0,47,1
b017,3,2,0,3,2,,,12,14,0,40,1
b017,3,2,1,3,3,,,13,15,0,42,1
b017,3,2,2,3,4,3,3,14,16,1,42,1
b017,3,2,3,4,4,,,15,17,0,46,1
b017,3,3,0,3,1,,,12,14,0,39,1
b017,3,3,1,3,2,,,13,15,0,41,1
b017,3,3,2,3,3,,,14,16,0,43,1
b017,3,3,3,3,4,3,3,15,17,1,44,1
b018,0,0,0,0,1,0,0,12,14,1,20,1
b018,0,0,1,1,1,,,13,15,0,22,1
b018,0,0,2,2,2,,,14,16,0,23,1
b018,0,0,3,3,3,,,15,17,0,24,1
b018,1,0,0,1,1,,,16,18,0,26,1
b018,1,0,1,2,1,,,17,19,0,29,1
b018,1,0,2,3,2,,,18,20,0,30,1
b018,1,0,3,4,3,,,19,21,0,31,1
b018,1,1,0,1,1,,,16,18,0,27,1
b018,1,1,1,1,1,,,17,19,0,27,1
b018,1,1,2,2,2,,,18,20,0,29,1
b018,1,1,3,3,3,,,19,21,0,30,1
b018,2,0,0,2,1,,,20,22,0,32,1
b018,2,0,1,3,1,,,21,23,0,36,1
b018,2,0,2,4,2,,,22,24,0,37,1
b018,2,0,3,5,3,,,23,25,0,38,1
b018,2,1,0,2,1,,,20,22,0,34,1
b018,2,1,1,2,1,,,21,23,0,33,1
b018,2,1,2,3,2,,,22,24,0,36,1
b018,2,1,3,4,3,,,23,25,0,37,1
b018,2,2,0,2,1,,,20,22,0,33,1
b018,2,2,1,2,1,,,21,23,0,34,1
b018,2,2,2,2,2,,,22,24,0,34,1
b018,2,2,3,3,3,,,23,25,0,36,1
b018,3,0,0,3,1,,,24,26,0,38,1
b018,3,0,1,4,1,,,25,27,0,43,1
b018,3,0,2,5,2,,,26,28,0,44,1
b018,3,0,3,6,3,,,27,29,0,45,1
b018,3,1,0,3,1,,,24,26,0,41,1
b018,3,1,1,3,1,,,25,27,0,39,1
b018,3,1,2,4,2,,,26,28,0,43,1
b018,3,1,3,5,3,,,27,29,0,44,1
b018,3,2,0,3,1,,,24,26,0,40,1
b018,3,2,1,3,1,,,25,27,0,41,1
b018,3,2,2,3,2,,,26,28,0,40,1
b018,3,2,3,4,3,,,27,29,0,43,1
b018,3,3,0,3,1,,,24,26,0,39,1
b018,3,3,1,3,1,,,25,27,0,40,1
b018,3,3,2,3,2,,,26,28,0,41,1
b018,3,3,3,3,3,,,27,29,0,41,1
b019,0,0,0,0,1,0,0,12,14,1,19,1
b019,0,0,1,1,1,,,13,15,0,21,1
b019,0,0,2,2,2,,,14,16,0,22,1
b019,0,0,3,3,3,,,15,17,0,23,1
b019,1,0,0,1,1,,,16,18,0,25,1
b019,1,0,1,2,1,,,17,19,0,28,1
b019,1,0,2,3,2,,,18,20,0,29,1
b019,1,0,3,4,3,,,19,21,0,30,1
b019,1,1,0,1,1,,,16,18,0,26,1
b019,1,1,1,1,1,,,17,19,0,26,1
b019,1,1,2,2,2,,,18,20,0,28,1
b019,1,1,3,3,3,,,19,21,0,29,1
b019,2,0,0,2,1,,,20,22,0,31,1
b019,2,0,1,3,1,,,21,23,0,35,1
b019,2,0,2,4,2,,,22,24,0,36,1
b019,2,0,3,5,3,,,23,25,0,37,1
b019,2,1,0,2,1,,,20,22,0,33,1
b019,2,1,1,2,1,,,21,23,0,32,1
b019,2,1,2,3,2,,,22,24,0,35,1
b019,2,1,3,4,3,,,23,25,0,36,1
b019,2,2,0,2,1,,,20,22,0,32,1
b019,2,2,1,2,1,,,21,23,0,33,1
b019,2,2,2,2,2,,,22,24,0,33,1
b019,2,2,3,3,3,,,23,25,0,35,1
b019,3,0,0,3,1,,,24,26,0,37,1
b019,3,0,1,4,1,,,25,27,0,42,1
b019,3,0,2,5,2,,,26,28,0,43,1
b019,3,0,3,6,3,,,27,29,0,44,1
b019,3,1,0,3,1,,,24,26,0,40,1
b019,3,1,1,3,1,,,25,27,0,38,1
b019,3,1,2,4,2,,,26,28,0,42,1
b019,3,1,3,5,3,,,27,29,0,43,1
b019,3,2,0,3,1,,,24,26,0,39,1
b019,3,2,1,3,1,,,25,27,0,40,1
b019,3,2,2,3,2,,,26,28,0,39,1
b019,3,2,3,4,3,,,27,29,0,42,1
b019,3,3,0,3,1,,,24,26,0,38,1
b019,3,3,1,3,1,,,25,27,0,39,1
b019,3,3,2,3,2,,,26,28,0,40,1
b019,3,3,3,3,3,,,27,29,0,40,1
b020,0,0,0,1,0,,,6,8,0,13,1
b020,0,0,1,1,1,,,7,9,0,13,1
b020,0,0,2,2,2,,,8,10,0,15,1
b020,0,0,3,3,3,,,9,11,0,16,1
b020,1,0,0,2,0,,,8,10,0,18,1
b020,1,0,1,2,1,,,9,11,0,17,1
b020,1,0,2,3,2,,,10,12,0,20,1
b020,1,0,3,4,3,,,11,13,0,21,1
b020,1,1,0,2,0,,,8,10,0,17,1
b020,1,1,1,2,1,,,9,11,0,18,1
b020,1,1,2,2,2,,,10,12,0,18,1
b020,1,1,3,3,3,,,11,13,0,20,1
b020,2,0,0,3,0,,,10,12,0,23,1
b020,2,0,1,3,1,,,11,13,0,21,1
b020,2,0,2,4,2,,,12,14,0,25,1
b020,2,0,3,5,3,,,13,15,0,26,1
b020,2,1,0,3,0,,,10,12,0,22,1
b020,2,1,1,3,1,,,11,13,0,23,1
b020,2,1,2,3,2,,,12,14,0,22,1
b020,2,1,3,4,3,,,13,15,0,25,1
b020,2,2,0,3,0,,,10,12,0,21,1
b020,2,2,1,3,1,,,11,13,0,22,1
b020,2,2,2,3,2,,,12,14,0,23,1
b020,2,2,3,3,3,,,13,15,0,23,1
b020,3,0,0,4,0,,,12,14,0,28,1
b020,3,0,1,4,1,,,13,15,0,25,1
b020,3,0,2,5,2,,,14,16,0,30,1
b020,3,0,3,6,3,,,15,17,0,31,1
b020,3,1,0,4,0,,,12,14,0,27,1
b020,3,1,1,4,1,,,13,15,0,28,1
b020,3,1,2,4,2,,,14,16,0,26,1
b020,3,1,3,5,3,,,15,17,0,30,1
b020,3,2,0,4,0,,,12,14,0,26,1
b020,3,2,1,4,1,,,13,15,0,27,1
b020,3,2,2,4,2,,,14,16,0,28,1
b020,3,2,3,4,3,,,15,17,0,27,1
b020,3,3,0,4,0,,,12,14,0,25,1
b020,3,3,1,4,1,,,13,15,0,26,1
b020,3,3,2,4,2,,,14,16,0,27,1
b020,3,3,3,4,3,,,15,17,0,28,1
b021,0,0,0,1,1,,,6,8,0,20,1
b021,0,0,1,1,2,1,1,7,9,1,21,1
b021,0,0,2,2,2,,,8,10,0,24,1
b021,0,0,3,3,3,,,9,11,0,26,1
b021,1,0,0,3,2,,,8,10,0,29,1
b021,1,0,1,3,3,,,9,11,0,29,1
b021,1,0,2,3,3,,,10,12,0,31,1
b021,1,0,3,4,3,,,11,13,0,35,1
b021,1,1,0,3,1,,,8,10,0,28,1
b021,1,1,1,3,2,,,9,11,0,30,1
b021,1,1,2,3,3,,,10,12,0,31,1
b021,1,1,3,3,3,,,11,13,0,33,1
b021,2,0,0,5,3,,,10,12,0,40,1
b021,2,0,1,5,4,,,11,13,0,39,1
b021,2,0,2,5,4,,,12,14,0,41,1
b021,2,0,3,5,4,,,13,15,0,43,1
b021,2,1,0,5,2,,,10,12,0,39,1
b021,2,1,1,5,3,,,11,13,0,41,1
b021,2,1,2,5,4,,,12,14,0,41,1
b021,2,1,3,5,4,,,13,15,0,43,1
b021,2,2,0,5,1,,,10,12,0,38,1
b021,2,2,1,5,2,,,11,13,0,40,1
b021,2,2,2,5,3,,,12,14,0,42,1
b021,2,2,3,5,4,,,13,15,0,43,1
b021,3,0,0,7,4,,,12,14,0,53,1
b021,3,0,1,7,5,,,13,15,0,51,1
b021,3,0,2,7,5,,,14,16,0,53,1
b021,3,0,3,7,5,,,15,17,0,55,1
b021,3,1,0,7,3,,,12,14,0,52,1
b021,3,1,1,7,4,,,13,15,0,54,1
b021,3,1,2,7,5,,,14,16,0,53,1
b021,3,1,3,7,5,,,15,17,0,55,1
b021,3,2,0,7,2,,,12,14,0,51,1
b021,3,2,1,7,3,,,13,15,0,53,1
b021,3,2,2,7,4,,,14,16,0,55,1
b021,3,2,3,7,5,,,15,17,0,55,1
b021,3,3,0,7,1,,,12,14,0,50,1
b021,3,3,1,7,2,,,13,15,0,52,1
b021,3,3,2,7,3,,,14,16,0,54,1
b021,3,3,3,7,4,,,15,17,0,56,1
b022,0,0,0,1,1,,,12,14,0,20,1
b022,0,0,1,1,1,,,13,15,0,20,1
b022,0,0,2,2,2,,,14,16,0,22,1
b022,0,0,3,3,3,,,15,17,0,23,1
b022,1,0,0,3,1,,,16,18,0,29,1
b022,1,0,1,3,1,,,17,19,0,28,1
b022,1,0,2,3,2,,,18,20,0,29,1
b022,1,0,3,4,3,,,19,21,0,32,1
b022,1,1,0,3,1,,,16,18,0,28,1
b022,1,1,1,3,1,,,17,19,0,29,1
b022,1,1,2,3,2,,,18,20,0,29,1
b022,1,1,3,3,3,,,19,21,0,30,1
b022,2,0,0,4,1,,,20,22,0,37,1
b022,2,0,1,4,1,,,21,23,0,35,1
b022,2,0,2,4,2,,,22,24,0,36,1
b022,2,0,3,5,3,,,23,25,0,40,1
b022,2,1,0,4,1,,,20,22,0,36,1
b022,2,1,1,4,1,,,21,23,0,37,1
b022,2,1,2,4,2,,,22,24,0,36,1
b022,2,1,3,4,3,,,23,25,0,37,1
b022,2,2,0,4,1,,,20,22,0,35,1
b022,2,2,1,4,1,,,21,23,0,36,1
b022,2,2,2,4,2,,,22,24,0,37,1
b022,2,2,3,4,3,,,23,25,0,37,1
b022,3,0,0,5,1,,,24,26,0,45,1
b022,3,0,1,5,1,,,25,27,0,42,1
b022,3,0,2,5,2,,,26,28,0,43,1
b022,3,0,3,6,3,,,27,29,0,48,1
b022,3,1,0,5,1,,,24,26,0,44,1
b022,3,1,1,5,1,,,25,27,0,45,1
b022,3,1,2,5,2,,,26,28,0,43,1
b022,3,1,3,5,3,,,27,29,0,44,1
b022,3,2,0,5,1,,,24,26,0,43,1
b022,3,2,1,5,1,,,25,27,0,44,1
b022,3,2,2,5,2,,,26,28,0,45,1
b022,3,2,3,5,3,,,27,29,0,44,1
b022,3,3,0,5,1,,,24,26,0,42,1
b022,3,3,1,5,1,,,25,27,0,43,1
b022,3,3,2,5,2,,,26,28,0,44,1
b022,3,3,3,5,3,,,27,29,0,45,1
b023,0,0,0,1,1,,,12,14,0,19,1
b023,0,0,1,1,1,,,13,15,0,19,1
b023,0,0,2,2,2,,,14,16,0,21,1
b023,0,0,3,3,3,,,15,17,0,22,1
b023,1,0,0,2,1,,,16,18,0,26,1
b023,1,0,1,2,1,,,17,19,0,25,1
b023,1,0,2,3,2,,,18,20,0,28,1
b023,1,0,3,4,3,,,19,21,0,29,1
b023,1,1,0,2,1,,,16,18,0,25,1
b023,1,1,1,2,1,,,17,19,0,26,1
b023,1,1,2,2,2,,,18,20,0,26,1
b023,1,1,3,3,3,,,19,21,0,28,1
b023,2,0,0,3,1,,,20,22,0,33,1
b023,2,0,1,3,1,,,21,23,0,31,1
b023,2,0,2,4,2,,,22,24,0,35,1
b023,2,0,3,5,3,,,23,25,0,36,1
b023,2,1,0,3,1,,,20,22,0,32,1
b023,2,1,1,3,1,,,21,23,0,33,1
b023,2,1,2,3,2,,,22,24,0,32,1
b023,2,1,3,4,3,,,23,25,0,35,1
b023,2,2,0,3,1,,,20,22,0,31,1
b023,2,2,1,3,1,,,21,23,0,32,1
b023,2,2,2,3,2,,,22,24,0,33,1
b023,2,2,3,3,3,,,23,25,0,33,1
b023,3,0,0,4,1,,,24,26,0,40,1
b023,3,0,1,4,1,,,25,27,0,37,1
b023,3,0,2,5,2,,,26,28,0,42,1
b023,3,0,3,6,3,,,27,29,0,43,1
b023,3,1,0,4,1,,,24,26,0,39,1
b023,3,1,1,4,1,,,25,27,0,40,1
b023,3,1,2,4,2,,,26,28,0,38,1
b023,3,1,3,5,3,,,27,29,0,42,1
b023,3,2,0,4,1,,,24,26,0,38,1
b023,3,2,1,4,1,,,25,27,0,39,1
b023,3,2,2,4,2,,,26,28,0,40,1
b023,3,2,3,4,3,,,27,29,0,39,1
b023,3,3,0,4,1,,,24,26,0,37,1
b023,3,3,1,4,1,,,25,27,0,38,1
b023,3,3,2,4,2,,,26,28,0,39,1
b023,3,3,3,4,3,,,27,29,0,40,1
b024,0,0,0,1,0,,,12,14,0,19,1
b024,0,0,1,1,1,,,13,15,0,19,1
b024,0,0,2,2,2,,,14,16,0,21,1
b024,0,0,3,3,3,,,15,17,0,22,1
b024,1,0,0,2,0,,,16,18,0,26,1
b024,1,0,1,2,1,,,17,19,0,25,1
b024,1,0,2,3,2,,,18,20,0,28,1
b024,1,0,3,4,3,,,19,21,0,29,1
b024,1,1,0,2,0,,,16,18,0,25,1
b024,1,1,1,2,1,,,17,19,0,26,1
b024,1,1,2,2,2,,,18,20,0,26,1
b024,1,1,3,3,3,,,19,21,0,28,1
b024,2,0,0,3,0,,,20,22,0,33,1
b024,2,0,1,3,1,,,21,23,0,31,1
b024,2,0,2,4,2,,,22,24,0,35,1
b024,2,0,3,5,3,,,23,25,0,36,1
b024,2,1,0,3,0,,,20,22,0,32,1
b024,2,1,1,3,1,,,21,23,0,33,1
b024,2,1,2,3,2,,,22,24,0,32,1
b024,2,1,3,4,3,,,23,25,0,35,1
b024,2,2,0,3,0,,,20,22,0,31,1
b024,2,2,1,3,1,,,21,23,0,32,1
b024,2,2,2,3,2,,,22,24,0,33,1
b024,2,2,3,3,3,,,23,25,0,33,1
b024,3,0,0,4,0,,,24,26,0,40,1
b024,3,0,1,4,1,,,25,27,0,37,1
b024,3,0,2,5,2,,,26,28,0,42,1
b024,3,0,3,6,3,,,27,29,0,43,1
b024,3,1,0,4,0,,,24,26,0,39,1
b024,3,1,1,4,1,,,25,27,0,40,1
b024,3,1,2,4,2,,,26,28,0,38,1
b024,3,1,3,5,3,,,27,29,0,42,1
b024,3,2,0,4,0,,,24,26,0,38,1
b024,3,2,1,4,1,,,25,27,0,39,1
b024,3,2,2,4,2,,,26,28,0,40,1
b024,3,2,3,4,3,,,27,29,0,39,1
b024,3,3,0,4,0,,,24,26,0,37,1
b024,3,3,1,4,1,,,25,27,0,38,1
b024,3,3,2,4,2,,,26,28,0,39,1
b024,3,3,3,4,3,,,27,29,0,40,1
b025,0,0,0,1,1,,,12,14,0,32,1
b025,0,0,1,1,1,,,13,15,0,33,1
b025,0,0,2,2,2,,,14,16,0,36,1
b025,0,0,3,3,3,,,15,17,0,38,1
b025,1,0,0,2,2,,,16,18,0,43,1
b025,1,0,1,2,2,,,17,19,0,43,1
b025,1,0,2,3,2,,,18,20,0,47,1
b025,1,0,3,4,3,,,19,21,0,49,1
b025,1,1,0,2,1,,,16,18,0,42,1
b025,1,1,1,2,2,,,17,19,0,44,1
b025,1,1,2,2,2,,,18,20,0,45,1
b025,1,1,3,3,3,,,19,21,0,48,1
b025,2,0,0,3,3,,,20,22,0,54,1
b025,2,0,1,3,3,,,21,23,0,53,1
b025,2,0,2,4,3,,,22,24,0,58,1
b025,2,0,3,5,3,,,23,25,0,60,1
b025,2,1,0,3,2,,,20,22,0,53,1
b025,2,1,1,3,3,,,21,23,0,55,1
b025,2,1,2,3,3,,,22,24,0,55,1
b025,2,1,3,4,3,,,23,25,0,59,1
b025,2,2,0,3,1,,,20,22,0,52,1
b025,2,2,1,3,2,,,21,23,0,54,1
b025,2,2,2,3,3,,,22,24,0,56,1
b025,2,2,3,3,3,,,23,25,0,57,1
b025,3,0,0,4,4,,,24,26,0,65,1
b025,3,0,1,4,4,,,25,27,0,63,1
b025,3,0,2,5,4,,,26,28,0,69,1
b025,3,0,3,6,4,,,27,29,0,71,1
b025,3,1,0,4,3,,,24,26,0,64,1
b025,3,1,1,4,4,,,25,27,0,66,1
b025,3,1,2,4,4,,,26,28,0,65,1
b025,3,1,3,5,4,,,27,29,0,70,1
b025,3,2,0,4,2,,,24,26,0,63,1
b025,3,2,1,4,3,,,25,27,0,65,1
b025,3,2,2,4,4,,,26,28,0,67,1
b025,3,2,3,4,4,,,27,29,0,67,1
b025,3,3,0,4,1,,,24,26,0,62,1
b025,3,3,1,4,2,,,25,27,0,64,1
b025,3,3,2,4,3,,,26,28,0,66,1
b025,3,3,3,4,4,,,27,29,0,68,1
b026,0,0,0,1,1,,,12,14,0,20,1
b026,0,0,1,1,1,,,13,15,0,20,1
b026,0,0,2,2,2,,,14,16,0,22,1
b026,0,0,3,3,3,,,15,17,0,23,1
b026,1,0,0,2,1,,,16,18,0,27,1
b026,1,0,1,2,1,,,17,19,0,26,1
b026,1,0,2,3,2,,,18,20,0,29,1
b026,1,0,3,4,3,,,19,21,0,30,1
b026,1,1,0,2,1,,,16,18,0,26,1
b026,1,1,1,2,1,,,17,19,0,27,1
b026,1,1,2,2,2,,,18,20,0,27,1
b026,1,1,3,3,3,,,19,21,0,29,1
b026,2,0,0,3,1,,,20,22,0,34,1
b026,2,0,1,3,1,,,21,23,0,32,1
b026,2,0,2,4,2,,,22,24,0,36,1
b026,2,0,3,5,3,,,23,25,0,37,1
b026,2,1,0,3,1,,,20,22,0,33,1
b026,2,1,1,3,1,,,21,23,0,34,1
b026,2,1,2,3,2,,,22,24,0,33,1
b026,2,1,3,4,3,,,23,25,0,36,1
b026,2,2,0,3,1,,,20,22,0,32,1
b026,2,2,1,3,1,,,21,23,0,33,1
b026,2,2,2,3,2,,,22,24,0,34,1
b026,2,2,3,3,3,,,23,25,0,34,1
b026,3,0,0,4,1,,,24,26,0,41,1
b026,3,0,1,4,1,,,25,27,0,38,1
b026,3,0,2,5,2,,,26,28,0,43,1
b026,3,0,3,6,3,,,27,29,0,44,1
b026,3,1,0,4,1,,,24,26,0,40,1
b026,3,1,1,4,1,,,25,27,0,41,1
b026,3,1,2,4,2,,,26,28,0,39,1
b026,3,1,3,5,3,,,27,29,0,43,1
b026,3,2,0,4,1,,,24,26,0,39,1
b026,3,2,1,4,1,,,25,27,0,40,1
b026,3,2,2,4,2,,,26,28,0,41,1
b026,3,2,3,4,3,,,27,29,0,40,1
b026,3,3,0,4,1,,,24,26,0,38,1
b026,3,3,1,4,1,,,25,27,0,39,1
b026,3,3,2,4,2,,,26,28,0,40,1
b026,3,3,3,4,3,,,27,29,0,41,1
b027,0,0,0,1,1,,,12,14,0,19,1
b027,0,0,1,1,1,,,13,15,0,19,1
b027,0,0,2,2,2,,,14,16,0,21,1
b027,0,0,3,3,3,,,15,17,0,22,1
b027,1,0,0,2,1,,,16,18,0,26,1
b027,1,0,1,2,1,,,17,19,0,25,1
b027,1,0,2,3,2,,,18,20,0,28,1
b027,1,0,3,4,3,,,19,21,0,29,1
b027,1,1,0,2,1,,,16,18,0,25,1
b027,1,1,1,2,1,,,17,19,0,26,1
b027,1,1,2,2,2,,,18,20,0,26,1
b027,1,1,3,3,3,,,19,21,0,28,1
b027,2,0,0,3,1,,,20,22,0,33,1
b027,2,0,1,3,1,,,21,23,0,31,1
b027,2,0,2,4,2,,,22,24,0,35,1
b027,2,0,3,5,3,,,23,25,0,36,1
b027,2,1,0,3,1,,,20,22,0,32,1
b027,2,1,1,3,1,,,21,23,0,33,1
b027,2,1,2,3,2,,,22,24,0,32,1
b027,2,1,3,4,3,,,23,25,0,35,1
b027,2,2,0,3,1,,,20,22,0,31,1
b027,2,2,1,3,1,,,21,23,0,32,1
b027,2,2,2,3,2,,,22,24,0,33,1
b027,2,2,3,3,3,,,23,25,0,33,1
b027,3,0,0,4,1,,,24,26,0,40,1
b027,3,0,1,4,1,,,25,27,0,37,1
b027,3,0,2,5,2,,,26,28,0,42,1
b027,3,0,3,6,3,,,27,29,0,43,1
b027,3,1,0,4,1,,,24,26,0,39,1
b027,3,1,1,4,1,,,25,27,0,40,1
b027,3,1,2,4,2,,,26,28,0,38,1
b027,3,1,3,5,3,,,27,29,0,42,1
b027,3,2,0,4,1,,,24,26,0,38,1
b027,3,2,1,4,1,,,25,27,0,39,1
b027,3,2,2,4,2,,,26,28,0,40,1
b027,3,2,3,4,3,,,27,29,0,39,1
b027,3,3,0,4,1,,,24,26,0,37,1
b027,3,3,1,4,1,,,25,27,0,38,1
b027,3,3,2,4,2,,,26,28,0,39,1
b027,3,3,3,4,3,,,27,29,0,40,1
b028,0,0,0,1,0,,,12,14,0,19,1
b028,0,0,1,1,1,,,13,15,0,21,1
b028,0,0,2,2,2,,,14,16,0,22,1
b028,0,0,3,3,3,,,15,17,0,23,1
b028,1,0,0,1,0,,,16,18,0,25,1
b028,1,0,1,2,1,,,17,19,0,28,1
b028,1,0,2,3,2,,,18,20,0,29,1
b028,1,0,3,4,3,,,19,21,0,30,1
b028,1,1,0,1,0,,,16,18,0,26,1
b028,1,1,1,1,1,,,17,19,0,26,1
b028,1,1,2,2,2,,,18,20,0,28,1
b028,1,1,3,3,3,,,19,21,0,29,1
b028,2,0,0,2,0,,,20,22,0,31,1
b028,2,0,1,3,1,,,21,23,0,35,1
b028,2,0,2,4,2,,,22,24,0,36,1
b028,2,0,3,5,3,,,23,25,0,37,1
b028,2,1,0,2,0,,,20,22,0,33,1
b028,2,1,1,2,1,,,21,23,0,32,1
b028,2,1,2,3,2,,,22,24,0,35,1
b028,2,1,3,4,3,,,23,25,0,36,1
b028,2,2,0,2,0,,,20,22,0,32,1
b028,2,2,1,2,1,,,21,23,0,33,1
b028,2,2,2,2,2,,,22,24,0,33,1
b028,2,2,3,3,3,,,23,25,0,35,1
b028,3,0,0,3,0,,,24,26,0,37,1
b028,3,0,1,4,1,,,25,27,0,42,1
b028,3,0,2,5,2,,,26,28,0,43,1
b028,3,0,3,6,3,,,27,29,0,44,1
b028,3,1,0,3,0,,,24,26,0,40,1
b028,3,1,1,3,1,,,25,27,0,38,1
b028,3,1,2,4,2,,,26,28,0,42,1
b028,3,1,3,5,3,,,27,29,0,43,1
b028,3,2,0,3,0,,,24,26,0,39,1
b028,3,2,1,3,1,,,25,27,0,40,1
b028,3,2,2,3,2,,,26,28,0,39,1
b028,3,2,3,4,3,,,27,29,0,42,1
b028,3,3,0,3,0,,,24,26,0,38,1
b028,3,3,1,3,1,,,25,27,0,39,1
b028,3,3,2,3,2,,,26,28,0,40,1
b028,3,3,3,3,3,,,27,29,0,40,1
b029,0,0,0,1,1,,,12,14,0,32,1
b029,0,0,1,1,1,,,13,15,0,35,1
b029,0,0,2,2,2,,,14,16,0,37,1
b029,0,0,3,3,3,,,15,17,0,39,1
b029,1,0,0,2,2,,,16,18,0,42,1
b029,1,0,1,2,2,,,17,19,0,46,1
b029,1,0,2,3,2,,,18,20,0,48,1
b029,1,0,3,4,3,,,19,21,0,50,1
b029,1,1,0,2,1,,,16,18,0,43,1
b029,1,1,1,2,2,,,17,19,0,44,1
b029,1,1,2,2,2,,,18,20,0,47,1
b029,1,1,3,3,3,,,19,21,0,49,1
b029,2,0,0,3,3,,,20,22,0,52,1
b029,2,0,1,3,3,,,21,23,0,57,1
b029,2,0,2,4,3,,,22,24,0,59,1
b029,2,0,3,5,3,,,23,25,0,61,1
b029,2,1,0,3,2,,,20,22,0,54,1
b029,2,1,1,3,3,,,21,23,0,54,1
b029,2,1,2,3,3,,,22,24,0,58,1
b029,2,1,3,4,3,,,23,25,0,60,1
b029,2,2,0,3,1,,,20,22,0,53,1
b029,2,2,1,3,2,,,21,23,0,55,1
b029,2,2,2,3,3,,,22,24,0,56,1
b029,2,2,3,3,3,,,23,25,0,59,1
b029,3,0,0,4,4,,,24,26,0,62,1
b029,3,0,1,4,4,,,25,27,0,68,1
b029,3,0,2,5,4,,,26,28,0,70,1
b029,3,0,3,6,4,,,27,29,0,72,1
b029,3,1,0,4,3,,,24,26,0,65,1
b029,3,1,1,4,4,,,25,27,0,64,1
b029,3,1,2,4,4,,,26,28,0,69,1
b029,3,1,3,5,4,,,27,29,0,71,1
b029,3,2,0,4,2,,,24,26,0,64,1
b029,3,2,1,4,3,,,25,27,0,66,1
b029,3,2,2,4,4,,,26,28,0,66,1
b029,3,2,3,4,4,,,27,29,0,70,1
b029,3,3,0,4,1,,,24,26,0,63,1
b029,3,3,1,4,2,,,25,27,0,65,1
b029,3,3,2,4,3,,,26,28,0,67,1
b029,3,3,3,4,4,,,27,29,0,68,1
b030,0,0,0,1,1,,,12,14,0,20,1
b030,0,0,1,1,1,,,13,15,0,22,1
b030,0,0,2,2,2,,,14,16,0,23,1
b030,0,0,3,3,3,,,15,17,0,24,1
b030,1,0,0,2,1,,,16,18,0,26,1
b030,1,0,1,2,1,,,17,19,0,29,1
b030,1,0,2,3,2,,,18,20,0,30,1
b030,1,0,3,4,3,,,19,21,0,31,1
b030,1,1,0,2,1,,,16,18,0,27,1
b030,1,1,1,2,1,,,17,19,0,27,1
b030,1,1,2,2,2,,,18,20,0,29,1
b030,1,1,3,3,3,,,19,21,0,30,1
b030,2,0,0,2,1,,,20,22,0,32,1
b030,2,0,1,3,1,,,21,23,0,36,1
b030,2,0,2,4,2,,,22,24,0,37,1
b030,2,0,3,5,3,,,23,25,0,38,1
b030,2,1,0,2,1,,,20,22,0,34,1
b030,2,1,1,2,1,,,21,23,0,33,1
b030,2,1,2,3,2,,,22,24,0,36,1
b030,2,1,3,4,3,,,23,25,0,37,1
b030,2,2,0,2,1,,,20,22,0,33,1
b030,2,2,1,2,1,,,21,23,0,34,1
b030,2,2,2,2,2,,,22,24,0,34,1
b030,2,2,3,3,3,,,23,25,0,36,1
b030,3,0,0,3,1,,,24,26,0,38,1
b030,3,0,1,4,1,,,25,27,0,43,1
b030,3,0,2,5,2,,,26,28,0,44,1
b030,3,0,3,6,3,,,27,29,0,45,1
b030,3,1,0,3,1,,,24,26,0,41,1
b030,3,1,1,3,1,,,25,27,0,39,1
b030,3,1,2,4,2,,,26,28,0,43,1
b030,3,1,3,5,3,,,27,29,0,44,1
b030,3,2,0,3,1,,,24,26,0,40,1
b030,3,2,1,3,1,,,25,27,0,41,1
b030,3,2,2,3,2,,,26,28,0,40,1
b030,3,2,3,4,3,,,27,29,0,43,1
b030,3,3,0,3,1,,,24,26,0,39,1
b030,3,3,1,3,1,,,25,27,0,40,1
b030,3,3,2,3,2,,,26,28,0,41,1
b030,3,3,3,3,3,,,27,29,0,41,1
b031,0,0,0,1,1,,,12,14,0,19,1
b031,0,0,1,1,1,,,13,15,0,21,1
b031,0,0,2,2,2,,,14,16,0,22,1
b031,0,0,3,3,3,,,15,17,0,23,1
b031,1,0,0,1,1,,,16,18,0,25,1
b031,1,0,1,2,1,,,17,19,0,28,1
b031,1,0,2,3,2,,,18,20,0,29,1
b031,1,0,3,4,3,,,19,21,0,30,1
b031,1,1,0,1,1,,,16,18,0,26,1
b031,1,1,1,1,1,,,17,19,0,26,1
b031,1,1,2,2,2,,,18,20,0,28,1
b031,1,1,3,3,3,,,19,21,0,29,1
b031,2,0,0,2,1,,,20,22,0,31,1
b031,2,0,1,3,1,,,21,23,0,35,1
b031,2,0,2,4,2,,,22,24,0,36,1
b031,2,0,3,5,3,,,23,25,0,37,1
b031,2,1,0,2,1,,,20,22,0,33,1
b031,2,1,1,2,1,,,21,23,0,32,1
b031,2,1,2,3,2,,,22,24,0,35,1
b031,2,1,3,4,3,,,23,25,0,36,1
b031,2,2,0,2,1,,,20,22,0,32,1
b031,2,2,1,2,1,,,21,23,0,33,1
b031,2,2,2,2,2,,,22,24,0,33,1
b031,2,2,3,3,3,,,23,25,0,35,1
b031,3,0,0,3,1,,,24,26,0,37,1
b031,3,0,1,4,1,,,25,27,0,42,1
b031,3,0,2,5,2,,,26,28,0,43,1
b031,3,0,3,6,3,,,27,29,0,44,1
b031,3,1,0,3,1,,,24,26,0,40,1
b031,3,1,1,3,1,,,25,27,0,38,1
b031,3,1,2,4,2,,,26,28,0,42,1
b031,3,1,3,5,3,,,27,29,0,43,1
b031,3,2,0,3,1,,,24,26,0,39,1
b031,3,2,1,3,1,,,25,27,0,40,1
b031,3,2,2,3,2,,,26,28,0,39,1
b031,3,2,3,4,3,,,27,29,0,42,1
b031,3,3,0,3,1,,,24,26,0,38,1
b031,3,3,1,3,1,,,25,27,0,39,1
b031,3,3,2,3,2,,,26,28,0,40,1
b031,3,3,3,3,3,,,27,29,0,40,1
b032,0,0,0,0,0,,,12,14,0,6,1
b032,0,0,1,1,1,,,13,15,0,6,1
b032,0,0,2,2,2,,,14,16,0,6,1
b032,0,0,3,3,3,,,15,17,0,6,1
b032,1,0,0,1,0,,,16,18,0,11,1
b032,1,0,1,1,1,,,17,19,0,8,1
b032,1,0,2,2,2,,,18,20,0,8,1
b032,1,0,3,3,3,,,19,21,0,8,1
b032,1,1,0,1,0,,,16,18,0,12,1
b032,1,1,1,1,1,,,17,19,0,7,1
b032,1,1,2,2,2,,,18,20,0,8,1
b032,1,1,3,3,3,,,19,21,0,8,1
b032,2,0,0,1,0,,,20,22,0,14,1
b032,2,0,1,1,1,,,21,23,0,10,1
b032,2,0,2,2,2,,,22,24,0,10,1
b032,2,0,3,3,3,,,23,25,0,10,1
b032,2,1,0,1,0,,,20,22,0,15,1
b032,2,1,1,1,1,,,21,23,0,9,1
b032,2,1,2,2,2,,,22,24,0,10,1
b032,2,1,3,3,3,,,23,25,0,10,1
b032,2,2,0,1,0,,,20,22,0,15,1
b032,2,2,1,1,1,,,21,23,0,9,1
b032,2,2,2,2,2,,,22,24,0,10,1
b032,2,2,3,3,3,,,23,25,0,10,1
b032,3,0,0,1,0,,,24,26,0,17,1
b032,3,0,1,1,1,,,25,27,0,12,1
b032,3,0,2,2,2,,,26,28,0,12,1
b032,3,0,3,3,3,,,27,29,0,12,1
b032,3,1,0,1,0,,,24,26,0,18,1
b032,3,1,1,1,1,,,25,27,0,11,1
b032,3,1,2,2,2,,,26,28,0,12,1
b032,3,1,3,3,3,,,27,29,0,12,1
b032,3,2,0,1,0,,,24,26,0,18,1
b032,3,2,1,1,1,,,25,27,0,11,1
b032,3,2,2,2,2,,,26,28,0,12,1
b032,3,2,3,3,3,,,27,29,0,12,1
b032,3,3,0,1,0,,,24,26,0,18,1
b032,3,3,1,1,1,,,25,27,0,11,1
b032,3,3,2,2,2,,,26,28,0,12,1
b032,3,3,3,3,3,,,27,29,0,12,1
b033,0,0,0,0,1,0,0,12,14,1,20,1
b033,0,0,1,1,1,,,13,15,0,22,1
b033,0,0,2,2,2,,,14,16,0,23,1
b033,0,0,3,3,3,,,15,17,0,24,1
b033,1,0,0,1,1,,,16,18,0,26,1
b033,1,0,1,1,1,,,17,19,0,28,1
b033,1,0,2,2,2,,,18,20,0,29,1
b033,1,0,3,3,3,,,19,21,0,30,1
b033,1,1,0,1,1,,,16,18,0,27,1
b033,1,1,1,1,1,,,17,19,0,27,1
b033,1,1,2,2,2,,,18,20,0,29,1
b033,1,1,3,3,3,,,19,21,0,30,1
b033,2,0,0,2,1,,,20,22,0,32,1
b033,2,0,1,2,1,,,21,23,0,34,1
b033,2,0,2,2,2,,,22,24,0,35,1
b033,2,0,3,3,3,,,23,25,0,36,1
b033,2,1,0,2,1,,,20,22,0,33,1
b033,2,1,1,2,1,,,21,23,0,33,1
b033,2,1,2,2,2,,,22,24,0,35,1
b033,2,1,3,3,3,,,23,25,0,36,1
b033,2,2,0,2,1,,,20,22,0,33,1
b033,2,2,1,2,1,,,21,23,0,33,1
b033,2,2,2,2,2,,,22,24,0,35,1
b033,2,2,3,3,3,,,23,25,0,36,1
b033,3,0,0,3,1,,,24,26,0,38,1
b033,3,0,1,3,1,,,25,27,0,40,1
b033,3,0,2,3,2,,,26,28,0,41,1
b033,3,0,3,3,3,,,27,29,0,42,1
b033,3,1,0,3,1,,,24,26,0,39,1
b033,3,1,1,3,1,,,25,27,0,39,1
b033,3,1,2,3,2,,,26,28,0,41,1
b033,3,1,3,3,3,,,27,29,0,42,1
b033,3,2,0,3,1,,,24,26,0,39,1
b033,3,2,1,3,1,,,25,27,0,39,1
b033,3,2,2,3,2,,,26,28,0,41,1
b033,3,2,3,3,3,,,27,29,0,42,1
b033,3,3,0,3,1,,,24,26,0,39,1
b033,3,3,1,3,1,,,25,27,0,39,1
b033,3,3,2,3,2,,,26,28,0,41,1
b033,3,3,3,3,3,,,27,29,0,42,1
b034,0,0,0,0,1,0,0,12,14,1,6,1
b034,0,0,1,1,1,,,13,15,0,7,1
b034,0,0,2,2,2,,,14,16,0,7,1
b034,0,0,3,3,3,,,15,17,0,7,1
b034,1,0,0,1,1,,,16,18,0,8,1
b034,1,0,1,1,1,,,17,19,0,9,1
b034,1,0,2,2,2,,,18,20,0,9,1
b034,1,0,3,3,3,,,19,21,0,9,1
b034,1,1,0,1,1,,,16,18,0,9,1
b034,1,1,1,1,1,,,17,19,0,8,1
b034,1,1,2,2,2,,,18,20,0,9,1
b034,1,1,3,3,3,,,19,21,0,9,1
b034,2,0,0,1,1,,,20,22,0,10,1
b034,2,0,1,1,1,,,21,23,0,11,1
b034,2,0,2,2,2,,,22,24,0,11,1
b034,2,0,3,3,3,,,23,25,0,11,1
b034,2,1,0,1,1,,,20,22,0,11,1
b034,2,1,1,1,1,,,21,23,0,10,1
b034,2,1,2,2,2,,,22,24,0,11,1
b034,2,1,3,3,3,,,23,25,0,11,1
b034,2,2,0,1,1,,,20,22,0,11,1
b034,2,2,1,1,1,,,21,23,0,10,1
b034,2,2,2,2,2,,,22,24,0,11,1
b034,2,2,3,3,3,,,23,25,0,11,1
b034,3,0,0,1,1,,,24,26,0,12,1
b034,3,0,1,1,1,,,25,27,0,13,1
b034,3,0,2,2,2,,,26,28,0,13,1
b034,3,0,3,3,3,,,27,29,0,13,1
b034,3,1,0,1,1,,,24,26,0,13,1
b034,3,1,1,1,1,,,25,27,0,12,1
b034,3,1,2,2,2,,,26,28,0,13,1
b034,3,1,3,3,3,,,27,29,0,13,1
b034,3,2,0,1,1,,,24,26,0,13,1
b034,3,2,1,1,1,,,25,27,0,12,1
b034,3,2,2,2,2,,,26,28,0,13,1
b034,3,2,3,3,3,,,27,29,0,13,1
b034,3,3,0,1,1,,,24,26,0,13,1
b034,3,3,1,1,1,,,25,27,0,12,1
b034,3,3,2,2,2,,,26,28,0,13,1
b034,3,3,3,3,3,,,27,29,0,13,1
b035,0,0,0,0,1,0,0,12,14,1,5,1
b035,0,0,1,1,1,,,13,15,0,6,1
b035,0,0,2,2,2,,,14,16,0,6,1
b035,0,0,3,3,3,,,15,17,0,6,1
b035,1,0,0,1,1,,,16,18,0,8,1
b035,1,0,1,1,1,,,17,19,0,8,1
b035,1,0,2,2,2,,,18,20,0,8,1
b035,1,0,3,3,3,,,19,21,0,8,1
b035,1,1,0,1,1,,,16,18,0,9,1
b035,1,1,1,1,1,,,17,19,0,7,1
b035,1,1,2,2,2,,,18,20,0,8,1
b035,1,1,3,3,3,,,19,21,0,8,1
b035,2,0,0,1,1,,,20,22,0,10,1
b035,2,0,1,1,1,,,21,23,0,10,1
b035,2,0,2,2,2,,,22,24,0,10,1
b035,2,0,3,3,3,,,23,25,0,10,1
b035,2,1,0,1,1,,,20,22,0,11,1
b035,2,1,1,1,1,,,21,23,0,9,1
b035,2,1,2,2,2,,,22,24,0,10,1
b035,2,1,3,3,3,,,23,25,0,10,1
b035,2,2,0,1,1,,,20,22,0,11,1
b035,2,2,1,1,1,,,21,23,0,9,1
b035,2,2,2,2,2,,,22,24,0,10,1
b035,2,2,3,3,3,,,23,25,0,10,1
b035,3,0,0,1,1,,,24,26,0,12,1
b035,3,0,1,1,1,,,25,27,0,12,1
b035,3,0,2,2,2,,,26,28,0,12,1
b035,3,0,3,3,3,,,27,29,0,12,1
b035,3,1,0,1,1,,,24,26,0,13,1
b035,3,1,1,1,1,,,25,27,0,11,1
b035,3,1,2,2,2,,,26,28,0,12,1
b035,3,1,3,3,3,,,27,29,0,12,1
b035,3,2,0,1,1,,,24,26,0,13,1
b035,3,2,1,1,1,,,25,27,0,11,1
b035,3,2,2,2,2,,,26,28,0,12,1
b035,3,2,3,3,3,,,27,29,0,12,1
b035,3,3,0,1,1,,,24,26,0,13,1
b035,3,3,1,1,1,,,25,27,0,11,1
b035,3,3,2,2,2,,,26,28,0,12,1
b035,3,3,3,3,3,,,27,29,0,12,1
b036,0,0,0,1,0,,,12,14,0,7,1
b036,0,0,1,1,1,,,13,15,0,4,1
b036,0,0,2,2,2,,,14,16,0,5,1
b036,0,0,3,3,3,,,15,17,0,5,1
b036,1,0,0,1,0,,,16,18,0,10,1
b036,1,0,1,1,1,,,17,19,0,6,1
b036,1,0,2,2,2,,,18,20,0,7,1
b036,1,0,3,3,3,,,19,21,0,7,1
b036,1,1,0,1,0,,,16,18,0,10,1
b036,1,1,1,1,1,,,17,19,0,6,1
b036,1,1,2,2,2,,,18,20,0,7,1
b036,1,1,3,3,3,,,19,21,0,7,1
b036,2,0,0,1,0,,,20,22,0,13,1
b036,2,0,1,1,1,,,21,23,0,8,1
b036,2,0,2,2,2,,,22,24,0,9,1
b036,2,0,3,3,3,,,23,25,0,9,1
b036,2,1,0,1,0,,,20,22,0,13,1
b036,2,1,1,1,1,,,21,23,0,8,1
b036,2,1,2,2,2,,,22,24,0,9,1
b036,2,1,3,3,3,,,23,25,0,9,1
b036,2,2,0,1,0,,,20,22,0,13,1
b036,2,2,1,1,1,,,21,23,0,8,1
b036,2,2,2,2,2,,,22,24,0,9,1
b036,2,2,3,3,3,,,23,25,0,9,1
b036,3,0,0,1,0,,,24,26,0,16,1
b036,3,0,1,1,1,,,25,27,0,10,1
b036,3,0,2,2,2,,,26,28,0,11,1
b036,3,0,3,3,3,,,27,29,0,11,1
b036,3,1,0,1,0,,,24,26,0,16,1
b036,3,1,1,1,1,,,25,27,0,10,1
b036,3,1,2,2,2,,,26,28,0,11,1
b036,3,1,3,3,3,,,27,29,0,11,1
b036,3,2,0,1,0,,,24,26,0,16,1
b036,3,2,1,1,1,,,25,27,0,10,1
b036,3,2,2,2,2,,,26,28,0,11,1
b036,3,2,3,3,3,,,27,29,0,11,1
b036,3,3,0,1,0,,,24,26,0,16,1
b036,3,3,1,1,1,,,25,27,0,10,1
b036,3,3,2,2,2,,,26,28,0,11,1
b036,3,3,3,3,3,,,27,29,0,11,1
b037,0,0,0,1,1,,,12,14,0,32,1
b037,0,0,1,1,1,,,13,15,0,33,1
b037,0,0,2,2,2,,,14,16,0,36,1
b037,0,0,3,3,3,,,15,17,0,38,1
b037,1,0,0,2,1,,,16,18,0,43,1
b037,1,0,1,2,1,,,17,19,0,44,1
b037,1,0,2,2,2,,,18,20,0,46,1
b037,1,0,3,3,3,,,19,21,0,49,1
b037,1,1,0,2,1,,,16,18,0,43,1
b037,1,1,1,2,1,,,17,19,0,44,1
b037,1,1,2,2,2,,,18,20,0,47,1
b037,1,1,3,3,3,,,19,21,0,49,1
b037,2,0,0,3,1,,,20,22,0,54,1
b037,2,0,1,3,1,,,21,23,0,55,1
b037,2,0,2,3,2,,,22,24,0,57,1
b037,2,0,3,3,3,,,23,25,0,59,1
b037,2,1,0,3,1,,,20,22,0,54,1
b037,2,1,1,3,1,,,21,23,0,55,1
b037,2,1,2,3,2,,,22,24,0,58,1
b037,2,1,3,3,3,,,23,25,0,60,1
b037,2,2,0,3,1,,,20,22,0,54,1
b037,2,2,1,3,1,,,21,23,0,55,1
b037,2,2,2,3,2,,,22,24,0,58,1
b037,2,2,3,3,3,,,23,25,0,60,1
b037,3,0,0,4,1,,,24,26,0,65,1
b037,3,0,1,4,1,,,25,27,0,66,1
b037,3,0,2,4,2,,,26,28,0,68,1
b037,3,0,3,4,3,,,27,29,0,70,1
b037,3,1,0,4,1,,,24,26,0,65,1
b037,3,1,1,4,1,,,25,27,0,66,1
b037,3,1,2,4,2,,,26,28,0,69,1
b037,3,1,3,4,3,,,27,29,0,71,1
b037,3,2,0,4,1,,,24,26,0,65,1
b037,3,2,1,4,1,,,25,27,0,66,1
b037,3,2,2,4,2,,,26,28,0,69,1
b037,3,2,3,4,3,,,27,29,0,71,1
b037,3,3,0,4,1,,,24,26,0,65,1
b037,3,3,1,4,1,,,25,27,0,66,1
b037,3,3,2,4,2,,,26,28,0,69,1
b037,3,3,3,4,3,,,27,29,0,71,1
b038,0,0,0,1,1,,,12,14,0,8,1
b038,0,0,1,1,1,,,13,15,0,7,1
b038,0,0,2,2,2,,,14,16,0,7,1
b038,0,0,3,3,3,,,15,17,0,7,1
b038,1,0,0,2,1,,,16,18,0,14,1
b038,1,0,1,2,1,,,17,19,0,13,1
b038,1,0,2,2,2,,,18,20,0,9,1
b038,1,0,3,3,3,,,19,21,0,10,1
b038,1,1,0,2,1,,,16,18,0,14,1
b038,1,1,1,2,1,,,17,19,0,13,1
b038,1,1,2,2,2,,,18,20,0,10,1
b038,1,1,3,3,3,,,19,21,0,10,1
b038,2,0,0,2,1,,,20,22,0,18,1
b038,2,0,1,2,1,,,21,23,0,17,1
b038,2,0,2,2,2,,,22,24,0,11,1
b038,2,0,3,3,3,,,23,25,0,12,1
b038,2,1,0,2,1,,,20,22,0,18,1
b038,2,1,1,2,1,,,21,23,0,17,1
b038,2,1,2,2,2,,,22,24,0,12,1
b038,2,1,3,3,3,,,23,25,0,12,1
b038,2,2,0,2,1,,,20,22,0,18,1
b038,2,2,1,2,1,,,21,23,0,17,1
b038,2,2,2,2,2,,,22,24,0,12,1
b038,2,2,3,3,3,,,23,25,0,12,1
b038,3,0,0,2,1,,,24,26,0,22,1
b038,3,0,1,2,1,,,25,27,0,21,1
b038,3,0,2,2,2,,,26,28,0,13,1
b038,3,0,3,3,3,,,27,29,0,14,1
b038,3,1,0,2,1,,,24,26,0,22,1
b038,3,1,1,2,1,,,25,27,0,21,1
b038,3,1,2,2,2,,,26,28,0,14,1
b038,3,1,3,3,3,,,27,29,0,14,1
b038,3,2,0,2,1,,,24,26,0,22,1
b038,3,2,1,2,1,,,25,27,0,21,1
b038,3,2,2,2,2,,,26,28,0,14,1
b038,3,2,3,3,3,,,27,29,0,14,1
b038,3,3,0,2,1,,,24,26,0,22,1
b038,3,3,1,2,1,,,25,27,0,21,1
b038,3,3,2,2,2,,,26,28,0,14,1
b038,3,3,3,3,3,,,27,29,0,14,1
b039,0,0,0,1,1,,,12,14,0,6,1
b039,0,0,1,1,1,,,13,15,0,4,1
b039,0,0,2,2,2,,,14,16,0,5,1
b039,0,0,3,3,3,,,15,17,0,5,1
b039,1,0,0,1,1,,,16,18,0,8,1
b039,1,0,1,1,1,,,17,19,0,6,1
b039,1,0,2,2,2,,,18,20,0,7,1
b039,1,0,3,3,3,,,19,21,0,7,1
b039,1,1,0,1,1,,,16,18,0,8,1
b039,1,1,1,1,1,,,17,19,0,6,1
b039,1,1,2,2,2,,,18,20,0,7,1
b039,1,1,3,3,3,,,19,21,0,7,1
b039,2,0,0,1,1,,,20,22,0,10,1
b039,2,0,1,1,1,,,21,23,0,8,1
b039,2,0,2,2,2,,,22,24,0,9,1
b039,2,0,3,3,3,,,23,25,0,9,1
b039,2,1,0,1,1,,,20,22,0,10,1
b039,2,1,1,1,1,,,21,23,0,8,1
b039,2,1,2,2,2,,,22,24,0,9,1
b039,2,1,3,3,3,,,23,25,0,9,1
b039,2,2,0,1,1,,,20,22,0,10,1
b039,2,2,1,1,1,,,21,23,0,8,1
b039,2,2,2,2,2,,,22,24,0,9,1
b039,2,2,3,3,3,,,23,25,0,9,1
b039,3,0,0,1,1,,,24,26,0,12,1
b039,3,0,1,1,1,,,25,27,0,10,1
b039,3,0,2,2,2,,,26,28,0,11,1
b039,3,0,3,3,3,,,27,29,0,11,1
b039,3,1,0,1,1,,,24,26,0,12,1
b039,3,1,1,1,1,,,25,27,0,10,1
b039,3,1,2,2,2,,,26,28,0,11,1
b039,3,1,3,3,3,,,27,29,0,11,1
b039,3,2,0,1,1,,,24,26,0,12,1
b039,3,2,1,1,1,,,25,27,0,10,1
b039,3,2,2,2,2,,,26,28,0,11,1
b039,3,2,3,3,3,,,27,29,0,11,1
b039,3,3,0,1,1,,,24,26,0,12,1
b039,3,3,1,1,1,,,25,27,0,10,1
b039,3,3,2,2,2,,,26,28,0,11,1
b039,3,3,3,3,3,,,27,29,0,11,1
b040,0,0,0,1,0,,,12,14,0,7,1
b040,0,0,1,1,1,,,13,15,0,4,1
b040,0,0,2,2,2,,,14,16,0,5,1
b040,0,0,3,3,3,,,15,17,0,5,1
b040,1,0,0,1,0,,,16,18,0,10,1
b040,1,0,1,1,1,,,17,19,0,6,1
b040,1,0,2,2,2,,,18,20,0,7,1
b040,1,0,3,3,3,,,19,21,0,7,1
b040,1,1,0,1,0,,,16,18,0,10,1
b040,1,1,1,1,1,,,17,19,0,6,1
b040,1,1,2,2,2,,,18,20,0,7,1
b040,1,1,3,3,3,,,19,21,0,7,1
b040,2,0,0,1,0,,,20,22,0,13,1
b040,2,0,1,1,1,,,21,23,0,8,1
b040,2,0,2,2,2,,,22,24,0,9,1
b040,2,0,3,3,3,,,23,25,0,9,1
b040,2,1,0,1,0,,,20,22,0,13,1
b040,2,1,1,1,1,,,21,23,0,8,1
b040,2,1,2,2,2,,,22,24,0,9,1
b040,2,1,3,3,3,,,23,25,0,9,1
b040,2,2,0,1,0,,,20,22,0,13,1
b040,2,2,1,1,1,,,21,23,0,8,1
b040,2,2,2,2,2,,,22,24,0,9,1
b040,2,2,3,3,3,,,23,25,0,9,1
b040,3,0,0,1,0,,,24,26,0,16,1
b040,3,0,1,1,1,,,25,27,0,10,1
b040,3,0,2,2,2,,,26,28,0,11,1
b040,3,0,3,3,3,,,27,29,0,11,1
b040,3,1,0,1,0,,,24,26,0,16,1
b040,3,1,1,1,1,,,25,27,0,10,1
b040,3,1,2,2,2,,,26,28,0,11,1
b040,3,1,3,3,3,,,27,29,0,11,1
b040,3,2,0,1,0,,,24,26,0,16,1
b040,3,2,1,1,1,,,25,27,0,10,1
b040,3,2,2,2,2,,,26,28,0,11,1
b040,3,2,3,3,3,,,27,29,0,11,1
b040,3,3,0,1,0,,,24,26,0,16,1
b040,3,3,1,1,1,,,25,27,0,10,1
b040,3,3,2,2,2,,,26,28,0,11,1
b040,3,3,3,3,3,,,27,29,0,11,1
b041,0,0,0,1,1,,,12,14,0,20,1
b041,0,0,1,1,1,,,13,15,0,20,1
b041,0,0,2,2,2,,,14,16,0,22,1
b041,0,0,3,3,3,,,15,17,0,23,1
b041,1,0,0,1,1,,,16,18,0,26,1
b041,1,0,1,1,1,,,17,19,0,26,1
b041,1,0,2,2,2,,,18,20,0,28,1
b041,1,0,3,3,3,,,19,21,0,29,1
b041,1,1,0,1,1,,,16,18,0,26,1
b041,1,1,1,1,1,,,17,19,0,26,1
b041,1,1,2,2,2,,,18,20,0,28,1
b041,1,1,3,3,3,,,19,21,0,29,1
b041,2,0,0,2,1,,,20,22,0,32,1
b041,2,0,1,2,1,,,21,23,0,32,1
b041,2,0,2,2,2,,,22,24,0,34,1
b041,2,0,3,3,3,,,23,25,0,35,1
b041,2,1,0,2,1,,,20,22,0,32,1
b041,2,1,1,2,1,,,21,23,0,32,1
b041,2,1,2,2,2,,,22,24,0,34,1
b041,2,1,3,3,3,,,23,25,0,35,1
b041,2,2,0,2,1,,,20,22,0,32,1
b041,2,2,1,2,1,,,21,23,0,32,1
b041,2,2,2,2,2,,,22,24,0,34,1
b041,2,2,3,3,3,,,23,25,0,35,1
b041,3,0,0,3,1,,,24,26,0,38,1
b041,3,0,1,3,1,,,25,27,0,38,1
b041,3,0,2,3,2,,,26,28,0,40,1
b041,3,0,3,3,3,,,27,29,0,41,1
b041,3,1,0,3,1,,,24,26,0,38,1
b041,3,1,1,3,1,,,25,27,0,38,1
b041,3,1,2,3,2,,,26,28,0,40,1
b041,3,1,3,3,3,,,27,29,0,41,1
b041,3,2,0,3,1,,,24,26,0,38,1
b041,3,2,1,3,1,,,25,27,0,38,1
b041,3,2,2,3,2,,,26,28,0,40,1
b041,3,2,3,3,3,,,27,29,0,41,1
b041,3,3,0,3,1,,,24,26,0,38,1
b041,3,3,1,3,1,,,25,27,0,38,1
b041,3,3,2,3,2,,,26,28,0,40,1
b041,3,3,3,3,3,,,27,29,0,41,1
b042,0,0,0,1,1,,,12,14,0,6,1
b042,0,0,1,1,1,,,13,15,0,5,1
b042,0,0,2,2,2,,,14,16,0,6,1
b042,0,0,3,3,3,,,15,17,0,6,1
b042,1,0,0,1,1,,,16,18,0,8,1
b042,1,0,1,1,1,,,17,19,0,7,1
b042,1,0,2,2,2,,,18,20,0,8,1
b042,1,0,3,3,3,,,19,21,0,8,1
b042,1,1,0,1,1,,,16,18,0,8,1
b042,1,1,1,1,1,,,17,19,0,7,1
b042,1,1,2,2,2,,,18,20,0,8,1
b042,1,1,3,3,3,,,19,21,0,8,1
b042,2,0,0,1,1,,,20,22,0,10,1
b042,2,0,1,1,1,,,21,23,0,9,1
b042,2,0,2,2,2,,,22,24,0,10,1
b042,2,0,3,3,3,,,23,25,0,10,1
b042,2,1,0,1,1,,,20,22,0,10,1
b042,2,1,1,1,1,,,21,23,0,9,1
b042,2,1,2,2,2,,,22,24,0,10,1
b042,2,1,3,3,3,,,23,25,0,10,1
b042,2,2,0,1,1,,,20,22,0,10,1
b042,2,2,1,1,1,,,21,23,0,9,1
b042,2,2,2,2,2,,,22,24,0,10,1
b042,2,2,3,3,3,,,23,25,0,10,1
b042,3,0,0,1,1,,,24,26,0,12,1
b042,3,0,1,1,1,,,25,27,0,11,1
b042,3,0,2,2,2,,,26,28,0,12,1
b042,3,0,3,3,3,,,27,29,0,12,1
b042,3,1,0,1,1,,,24,26,0,12,1
b042,3,1,1,1,1,,,25,27,0,11,1
b042,3,1,2,2,2,,,26,28,0,12,1
b042,3,1,3,3,3,,,27,29,0,12,1
b042,3,2,0,1,1,,,24,26,0,12,1
b042,3,2,1,1,1,,,25,27,0,11,1
b042,3,2,2,2,2,,,26,28,0,12,1
b042,3,2,3,3,3,,,27,29,0,12,1
b042,3,3,0,1,1,,,24,26,0,12,1
b042,3,3,1,1,1,,,25,27,0,11,1
b042,3,3,2,2,2,,,26,28,0,12,1
b042,3,3,3,3,3,,,27,29,0,12,1
b043,0,0,0,1,1,,,12,14,0,6,1
b043,0,0,1,1,1,,,13,15,0,4,1
b043,0,0,2,2,2,,,14,16,0,5,1
b043,0,0,3,3,3,,,15,17,0,5,1
b043,1,0,0,1,1,,,16,18,0,8,1
b043,1,0,1,1,1,,,17,19,0,6,1
b043,1,0,2,2,2,,,18,20,0,7,1
b043,1,0,3,3,3,,,19,21,0,7,1
b043,1,1,0,1,1,,,16,18,0,8,1
b043,1,1,1,1,1,,,17,19,0,6,1
b043,1,1,2,2,2,,,18,20,0,7,1
b043,1,1,3,3,3,,,19,21,0,7,1
b043,2,0,0,1,1,,,20,22,0,10,1
b043,2,0,1,1,1,,,21,23,0,8,1
b043,2,0,2,2,2,,,22,24,0,9,1
b043,2,0,3,3,3,,,23,25,0,9,1
b043,2,1,0,1,1,,,20,22,0,10,1
b043,2,1,1,1,1,,,21,23,0,8,1
b043,2,1,2,2,2,,,22,24,0,9,1
b043,2,1,3,3,3,,,23,25,0,9,1
b043,2,2,0,1,1,,,20,22,0,10,1
b043,2,2,1,1,1,,,21,23,0,8,1
b043,2,2,2,2,2,,,22,24,0,9,1
b043,2,2,3,3,3,,,23,25,0,9,1
b043,3,0,0,1,1,,,24,26,0,12,1
b043,3,0,1,1,1,,,25,27,0,10,1
b043,3,0,2,2,2,,,26,28,0,11,1
b043,3,0,3,3,3,,,27,29,0,11,1
b043,3,1,0,1,1,,,24,26,0,12,1
b043,3,1,1,1,1,,,25,27,0,10,1
b043,3,1,2,2,2,,,26,28,0,11,1
b043,3,1,3,3,3,,,27,29,0,11,1
b043,3,2,0,1,1,,,24,26,0,12,1
b043,3,2,1,1,1,,,25,27,0,10,1
b043,3,2,2,2,2,,,26,28,0,11,1
b043,3,2,3,3,3,,,27,29,0,11,1
b043,3,3,0,1,1,,,24,26,0,12,1
b043,3,3,1,1,1,,,25,27,0,10,1
b043,3,3,2,2,2,,,26,28,0,11,1
b043,3,3,3,3,3,,,27,29,0,11,1
b044,0,0,0,1,0,,,12,14,0,7,1
b044,0,0,1,1,1,,,13,15,0,6,1
b044,0,0,2,2,2,,,14,16,0,6,1
b044,0,0,3,3,3,,,15,17,0,6,1
b044,1,0,0,1,0,,,16,18,0,10,1
b044,1,0,1,1,1,,,17,19,0,8,1
b044,1,0,2,2,2,,,18,20,0,8,1
b044,1,0,3,3,3,,,19,21,0,8,1
b044,1,1,0,1,0,,,16,18,0,10,1
b044,1,1,1,1,1,,,17,19,0,7,1
b044,1,1,2,2,2,,,18,20,0,8,1
b044,1,1,3,3,3,,,19,21,0,8,1
b044,2,0,0,1,0,,,20,22,0,13,1
b044,2,0,1,1,1,,,21,23,0,10,1
b044,2,0,2,2,2,,,22,24,0,10,1
b044,2,0,3,3,3,,,23,25,0,10,1
b044,2,1,0,1,0,,,20,22,0,13,1
b044,2,1,1,1,1,,,21,23,0,9,1
b044,2,1,2,2,2,,,22,24,0,10,1
b044,2,1,3,3,3,,,23,25,0,10,1
b044,2,2,0,1,0,,,20,22,0,13,1
b044,2,2,1,1,1,,,21,23,0,9,1
b044,2,2,2,2,2,,,22,24,0,10,1
b044,2,2,3,3,3,,,23,25,0,10,1
b044,3,0,0,1,0,,,24,26,0,16,1
b044,3,0,1,1,1,,,25,27,0,12,1
b044,3,0,2,2,2,,,26,28,0,12,1
b044,3,0,3,3,3,,,27,29,0,12,1
b044,3,1,0,1,0,,,24,26,0,16,1
b044,3,1,1,1,1,,,25,27,0,11,1
b044,3,1,2,2,2,,,26,28,0,12,1
b044,3,1,3,3,3,,,27,29,0,12,1
b044,3,2,0,1,0,,,24,26,0,16,1
b044,3,2,1,1,1,,,25,27,0,11,1
b044,3,2,2,2,2,,,26,28,0,12,1
b044,3,2,3,3,3,,,27,29,0,12,1
b044,3,3,0,1,0,,,24,26,0,16,1
b044,3,3,1,1,1,,,25,27,0,11,1
b044,3,3,2,2,2,,,26,28,0,12,1
b044,3,3,3,3,3,,,27,29,0,12,1
b045,0,0,0,1,1,,,12,14,0,20,1
b045,0,0,1,1,1,,,13,15,0,22,1
b045,0,0,2,2,2,,,14,16,0,23,1
b045,0,0,3,3,3,,,15,17,0,24,1
b045,1,0,0,2,1,,,16,18,0,26,1
b045,1,0,1,2,1,,,17,19,0,28,1
b045,1,0,2,2,2,,,18,20,0,29,1
b045,1,0,3,3,3,,,19,21,0,30,1
b045,1,1,0,2,1,,,16,18,0,27,1
b045,1,1,1,2,1,,,17,19,0,27,1
b045,1,1,2,2,2,,,18,20,0,29,1
b045,1,1,3,3,3,,,19,21,0,30,1
b045,2,0,0,3,1,,,20,22,0,32,1
b045,2,0,1,3,1,,,21,23,0,34,1
b045,2,0,2,3,2,,,22,24,0,35,1
b045,2,0,3,3,3,,,23,25,0,36,1
b045,2,1,0,3,1,,,20,22,0,33,1
b045,2,1,1,3,1,,,21,23,0,33,1
b045,2,1,2,3,2,,,22,24,0,35,1
b045,2,1,3,3,3,,,23,25,0,36,1
b045,2,2,0,3,1,,,20,22,0,33,1
b045,2,2,1,3,1,,,21,23,0,33,1
b045,2,2,2,3,2,,,22,24,0,35,1
b045,2,2,3,3,3,,,23,25,0,36,1
b045,3,0,0,4,1,,,24,26,0,38,1
b045,3,0,1,4,1,,,25,27,0,40,1
b045,3,0,2,4,2,,,26,28,0,41,1
b045,3,0,3,4,3,,,27,29,0,42,1
b045,3,1,0,4,1,,,24,26,0,39,1
b045,3,1,1,4,1,,,25,27,0,39,1
b045,3,1,2,4,2,,,26,28,0,41,1
b045,3,1,3,4,3,,,27,29,0,42,1
b045,3,2,0,4,1,,,24,26,0,39,1
b045,3,2,1,4,1,,,25,27,0,39,1
b045,3,2,2,4,2,,,26,28,0,41,1
b045,3,2,3,4,3,,,27,29,0,42,1
b045,3,3,0,4,1,,,24,26,0,39,1
b045,3,3,1,4,1,,,25,27,0,39,1
b045,3,3,2,4,2,,,26,28,0,41,1
b045,3,3,3,4,3,,,27,29,0,42,1
b046,0,0,0,1,1,,,12,14,0,8,1
b046,0,0,1,1,1,,,13,15,0,9,1
b046,0,0,2,2,2,,,14,16,0,7,1
b046,0,0,3,3,3,,,15,17,0,7,1
b046,1,0,0,2,1,,,16,18,0,14,1
b046,1,0,1,2,1,,,17,19,0,15,1
b046,1,0,2,2,2,,,18,20,0,9,1
b046,1,0,3,3,3,,,19,21,0,9,1
b046,1,1,0,2,1,,,16,18,0,15,1
b046,1,1,1,2,1,,,17,19,0,14,1
b046,1,1,2,2,2,,,18,20,0,9,1
b046,1,1,3,3,3,,,19,21,0,9,1
b046,2,0,0,2,1,,,20,22,0,18,1
b046,2,0,1,2,1,,,21,23,0,19,1
b046,2,0,2,2,2,,,22,24,0,11,1
b046,2,0,3,3,3,,,23,25,0,11,1
b046,2,1,0,2,1,,,20,22,0,19,1
b046,2,1,1,2,1,,,21,23,0,18,1
b046,2,1,2,2,2,,,22,24,0,11,1
b046,2,1,3,3,3,,,23,25,0,11,1
b046,2,2,0,2,1,,,20,22,0,19,1
b046,2,2,1,2,1,,,21,23,0,18,1
b046,2,2,2,2,2,,,22,24,0,11,1
b046,2,2,3,3,3,,,23,25,0,11,1
b046,3,0,0,2,1,,,24,26,0,22,1
b046,3,0,1,2,1,,,25,27,0,23,1
b046,3,0,2,2,2,,,26,28,0,13,1
b046,3,0,3,3,3,,,27,29,0,13,1
b046,3,1,0,2,1,,,24,26,0,23,1
b046,3,1,1,2,1,,,25,27,0,22,1
b046,3,1,2,2,2,,,26,28,0,13,1
b046,3,1,3,3,3,,,27,29,0,13,1
b046,3,2,0,2,1,,,24,26,0,23,1
b046,3,2,1,2,1,,,25,27,0,22,1
b046,3,2,2,2,2,,,26,28,0,13,1
b046,3,2,3,3,3,,,27,29,0,13,1
b046,3,3,0,2,1,,,24,26,0,23,1
b046,3,3,1,2,1,,,25,27,0,22,1
b046,3,3,2,2,2,,,26,28,0,13,1
b046,3,3,3,3,3,,,27,29,0,13,1
b047,0,0,0,1,1,,,12,14,0,6,1
b047,0,0,1,1,1,,,13,15,0,6,1
b047,0,0,2,2,2,,,14,16,0,6,1
b047,0,0,3,3,3,,,15,17,0,6,1
b047,1,0,0,1,1,,,16,18,0,8,1
b047,1,0,1,1,1,,,17,19,0,8,1
b047,1,0,2,2,2,,,18,20,0,8,1
b047,1,0,3,3,3,,,19,21,0,8,1
b047,1,1,0,1,1,,,16,18,0,8,1
b047,1,1,1,1,1,,,17,19,0,7,1
b047,1,1,2,2,2,,,18,20,0,8,1
b047,1,1,3,3,3,,,19,21,0,8,1
b047,2,0,0,1,1,,,20,22,0,10,1
b047,2,0,1,1,1,,,21,23,0,10,1
b047,2,0,2,2,2,,,22,24,0,10,1
b047,2,0,3,3,3,,,23,25,0,10,1
b047,2,1,0,1,1,,,20,22,0,10,1
b047,2,1,1,1,1,,,21,23,0,9,1
b047,2,1,2,2,2,,,22,24,0,10,1
b047,2,1,3,3,3,,,23,25,0,10,1
b047,2,2,0,1,1,,,20,22,0,10,1
b047,2,2,1,1,1,,,21,23,0,9,1
b047,2,2,2,2,2,,,22,24,0,10,1
b047,2,2,3,3,3,,,23,25,0,10,1
b047,3,0,0,1,1,,,24,26,0,12,1
b047,3,0,1,1,1,,,25,27,0,12,1
b047,3,0,2,2,2,,,26,28,0,12,1
b047,3,0,3,3,3,,,27,29,0,12,1
b047,3,1,0,1,1,,,24,26,0,12,1
b047,3,1,1,1,1,,,25,27,0,11,1
b047,3,1,2,2,2,,,26,28,0,12,1
b047,3,1,3,3,3,,,27,29,0,12,1
b047,3,2,0,1,1,,,24,26,0,12,1
b047,3,2,1,1,1,,,25,27,0,11,1
b047,3,2,2,2,2,,,26,28,0,12,1
b047,3,2,3,3,3,,,27,29,0,12,1
b047,3,3,0,1,1,,,24,26,0,12,1
b047,3,3,1,1,1,,,25,27,0,11,1
b047,3,3,2,2,2,,,26,28,0,12,1
b047,3,3,3,3,3,,,27,29,0,12,1
b048,0,0,0,0,0,,,12,14,0,6,1
b048,0,0,1,1,1,,,13,15,0,7,1
b048,0,0,2,2,2,,,14,16,0,7,1
b048,0,0,3,3,3,,,15,17,0,7,1
b048,1,0,0,1,0,,,16,18,0,11,1
b048,1,0,1,2,1,,,17,19,0,13,1
b048,1,0,2,3,2,,,18,20,0,13,1
b048,1,0,3,4,3,,,19,21,0,13,1
b048,1,1,0,1,0,,,16,18,0,12,1
b048,1,1,1,1,1,,,17,19,0,9,1
b048,1,1,2,2,2,,,18,20,0,9,1
b048,1,1,3,3,3,,,19,21,0,9,1
b048,2,0,0,1,0,,,20,22,0,14,1
b048,2,0,1,2,1,,,21,23,0,17,1
b048,2,0,2,3,2,,,22,24,0,17,1
b048,2,0,3,4,3,,,23,25,0,17,1
b048,2,1,0,1,0,,,20,22,0,15,1
b048,2,1,1,2,1,,,21,23,0,17,1
b048,2,1,2,3,2,,,22,24,0,17,1
b048,2,1,3,4,3,,,23,25,0,17,1
b048,2,2,0,1,0,,,20,22,0,15,1
b048,2,2,1,1,1,,,21,23,0,11,1
b048,2,2,2,2,2,,,22,24,0,11,1
b048,2,2,3,3,3,,,23,25,0,11,1
b048,3,0,0,1,0,,,24,26,0,17,1
b048,3,0,1,2,1,,,25,27,0,21,1
b048,3,0,2,3,2,,,26,28,0,21,1
b048,3,0,3,4,3,,,27,29,0,21,1
b048,3,1,0,1,0,,,24,26,0,18,1
b048,3,1,1,2,1,,,25,27,0,21,1
b048,3,1,2,3,2,,,26,28,0,21,1
b048,3,1,3,4,3,,,27,29,0,21,1
b048,3,2,0,1,0,,,24,26,0,18,1
b048,3,2,1,2,1,,,25,27,0,21,1
b048,3,2,2,3,2,,,26,28,0,21,1
b048,3,2,3,4,3,,,27,29,0,21,1
b048,3,3,0,1,0,,,24,26,0,18,1
b048,3,3,1,1,1,,,25,27,0,13,1
b048,3,3,2,2,2,,,26,28,0,13,1
b048,3,3,3,3,3,,,27,29,0,13,1
b049,0,0,0,0,1,0,0,12,14,1,19,1
b049,0,0,1,1,1,,,13,15,0,21,1
b049,0,0,2,2,2,,,14,16,0,22,1
b049,0,0,3,3,3,,,15,17,0,23,1
b049,1,0,0,1,1,,,16,18,0,25,1
b049,1,0,1,2,1,,,17,19,0,27,1
b049,1,0,2,3,2,,,18,20,0,28,1
b049,1,0,3,4,3,,,19,21,0,29,1
b049,1,1,0,1,1,,,16,18,0,25,1
b049,1,1,1,1,1,,,17,19,0,27,1
b049,1,1,2,2,2,,,18,20,0,28,1
b049,1,1,3,3,3,,,19,21,0,29,1
b049,2,0,0,2,1,,,20,22,0,31,1
b049,2,0,1,2,1,,,21,23,0,33,1
b049,2,0,2,3,2,,,22,24,0,34,1
b049,2,0,3,4,3,,,23,25,0,35,1
b049,2,1,0,2,1,,,20,22,0,31,1
b049,2,1,1,2,1,,,21,23,0,33,1
b049,2,1,2,3,2,,,22,24,0,34,1
b049,2,1,3,4,3,,,23,25,0,35,1
b049,2,2,0,2,1,,,20,22,0,31,1
b049,2,2,1,2,1,,,21,23,0,33,1
b049,2,2,2,2,2,,,22,24,0,34,1
b049,2,2,3,3,3,,,23,25,0,35,1
b049,3,0,0,3,1,,,24,26,0,37,1
b049,3,0,1,3,1,,,25,27,0,39,1
b049,3,0,2,3,2,,,26,28,0,40,1
b049,3,0,3,4,3,,,27,29,0,41,1
b049,3,1,0,3,1,,,24,26,0,37,1
b049,3,1,1,3,1,,,25,27,0,39,1
b049,3,1,2,3,2,,,26,28,0,40,1
b049,3,1,3,4,3,,,27,29,0,41,1
b049,3,2,0,3,1,,,24,26,0,37,1
b049,3,2,1,3,1,,,25,27,0,39,1
b049,3,2,2,3,2,,,26,28,0,40,1
b049,3,2,3,4,3,,,27,29,0,41,1
b049,3,3,0,3,1,,,24,26,0,37,1
b049,3,3,1,3,1,,,25,27,0,39,1
b049,3,3,2,3,2,,,26,28,0,40,1
b049,3,3,3,3,3,,,27,29,0,41,1
b050,0,0,0,0,1,0,0,12,14,1,5,1
b050,0,0,1,1,1,,,13,15,0,8,1
b050,0,0,2,2,2,,,14,16,0,8,1
b050,0,0,3,3,3,,,15,17,0,8,1
b050,1,0,0,1,1,,,16,18,0,8,1
b050,1,0,1,2,1,,,17,19,0,14,1
b050,1,0,2,3,2,,,18,20,0,14,1
b050,1,0,3,4,3,,,19,21,0,14,1
b050,1,1,0,1,1,,,16,18,0,9,1
b050,1,1,1,1,1,,,17,19,0,10,1
b050,1,1,2,2,2,,,18,20,0,10,1
b050,1,1,3,3,3,,,19,21,0,10,1
b050,2,0,0,1,1,,,20,22,0,10,1
b050,2,0,1,2,1,,,21,23,0,18,1
b050,2,0,2,3,2,,,22,24,0,18,1
b050,2,0,3,4,3,,,23,25,0,18,1
b050,2,1,0,1,1,,,20,22,0,11,1
b050,2,1,1,2,1,,,21,23,0,18,1
b050,2,1,2,3,2,,,22,24,0,18,1
b050,2,1,3,4,3,,,23,25,0,18,1
b050,2,2,0,1,1,,,20,22,0,11,1
b050,2,2,1,1,1,,,21,23,0,12,1
b050,2,2,2,2,2,,,22,24,0,12,1
b050,2,2,3,3,3,,,23,25,0,12,1
b050,3,0,0,1,1,,,24,26,0,12,1
b050,3,0,1,2,1,,,25,27,0,22,1
b050,3,0,2,3,2,,,26,28,0,22,1
b050,3,0,3,4,3,,,27,29,0,22,1
b050,3,1,0,1,1,,,24,26,0,13,1
b050,3,1,1,2,1,,,25,27,0,22,1
b050,3,1,2,3,2,,,26,28,0,22,1
b050,3,1,3,4,3,,,27,29,0,22,1
b050,3,2,0,1,1,,,24,26,0,13,1
b050,3,2,1,2,1,,,25,27,0,22,1
b050,3,2,2,3,2,,,26,28,0,22,1
b050,3,2,3,4,3,,,27,29,0,22,1
b050,3,3,0,1,1,,,24,26,0,13,1
b050,3,3,1,1,1,,,25,27,0,14,1
b050,3,3,2,2,2,,,26,28,0,14,1
b050,3,3,3,3,3,,,27,29,0,14,1
b051,0,0,0,0,1,0,0,12,14,1,4,1
b051,0,0,1,1,1,,,13,15,0,7,1
b051,0,0,2,2,2,,,14,16,0,7,1
b051,0,0,3,3,3,,,15,17,0,7,1
b051,1,0,0,1,1,,,16,18,0,8,1
b051,1,0,1,2,1,,,17,19,0,13,1
b051,1,0,2,3,2,,,18,20,0,13,1
b051,1,0,3,4,3,,,19,21,0,13,1
b051,1,1,0,1,1,,,16,18,0,9,1
b051,1,1,1,1,1,,,17,19,0,9,1
b051,1,1,2,2,2,,,18,20,0,9,1
b051,1,1,3,3,3,,,19,21,0,9,1
b051,2,0,0,1,1,,,20,22,0,10,1
b051,2,0,1,2,1,,,21,23,0,17,1
b051,2,0,2,3,2,,,22,24,0,17,1
b051,2,0,3,4,3,,,23,25,0,17,1
b051,2,1,0,1,1,,,20,22,0,11,1
b051,2,1,1,2,1,,,21,23,0,17,1
b051,2,1,2,3,2,,,22,24,0,17,1
b051,2,1,3,4,3,,,23,25,0,17,1
b051,2,2,0,1,1,,,20,22,0,11,1
b051,2,2,1,1,1,,,21,23,0,11,1
b051,2,2,2,2,2,,,22,24,0,11,1
b051,2,2,3,3,3,,,23,25,0,11,1
b051,3,0,0,1,1,,,24,26,0,12,1
b051,3,0,1,2,1,,,25,27,0,21,1
b051,3,0,2,3,2,,,26,28,0,21,1
b051,3,0,3,4,3,,,27,29,0,21,1
b051,3,1,0,1,1,,,24,26,0,13,1
b051,3,1,1,2,1,,,25,27,0,21,1
b051,3,1,2,3,2,,,26,28,0,21,1
b051,3,1,3,4,3,,,27,29,0,21,1
b051,3,2,0,1,1,,,24,26,0,13,1
b051,3,2,1,2,1,,,25,27,0,21,1
b051,3,2,2,3,2,,,26,28,0,21,1
b051,3,2,3,4,3,,,27,29,0,21,1
b051,3,3,0,1,1,,,24,26,0,13,1
b051,3,3,1,1,1,,,25,27,0,13,1
b051,3,3,2,2,2,,,26,28,0,13,1
b051,3,3,3,3,3,,,27,29,0,13,1
b052,0,0,0,1,0,,,12,14,0,8,1
b052,0,0,1,1,1,,,13,15,0,6,1
b052,0,0,2,2,2,,,14,16,0,8,1
b052,0,0,3,3,3,,,15,17,0,8,1
b052,1,0,0,2,0,,,16,18,0,14,1
b052,1,0,1,2,1,,,17,19,0,11,1
b052,1,0,2,3,2,,,18,20,0,14,1
b052,1,0,3,4,3,,,19,21,0,14,1
b052,1,1,0,2,0,,,16,18,0,13,1
b052,1,1,1,2,1,,,17,19,0,12,1
b052,1,1,2,2,2,,,18,20,0,10,1
b052,1,1,3,3,3,,,19,21,0,10,1
b052,2,0,0,2,0,,,20,22,0,18,1
b052,2,0,1,2,1,,,21,23,0,14,1
b052,2,0,2,3,2,,,22,24,0,18,1
b052,2,0,3,4,3,,,23,25,0,18,1
b052,2,1,0,2,0,,,20,22,0,17,1
b052,2,1,1,2,1,,,21,23,0,15,1
b052,2,1,2,3,2,,,22,24,0,18,1
b052,2,1,3,4,3,,,23,25,0,18,1
b052,2,2,0,2,0,,,20,22,0,16,1
b052,2,2,1,2,1,,,21,23,0,15,1
b052,2,2,2,2,2,,,22,24,0,12,1
b052,2,2,3,3,3,,,23,25,0,12,1
b052,3,0,0,2,0,,,24,26,0,22,1
b052,3,0,1,2,1,,,25,27,0,17,1
b052,3,0,2,3,2,,,26,28,0,22,1
b052,3,0,3,4,3,,,27,29,0,22,1
b052,3,1,0,2,0,,,24,26,0,21,1
b052,3,1,1,2,1,,,25,27,0,18,1
b052,3,1,2,3,2,,,26,28,0,22,1
b052,3,1,3,4,3,,,27,29,0,22,1
b052,3,2,0,2,0,,,24,26,0,20,1
b052,3,2,1,2,1,,,25,27,0,18,1
b052,3,2,2,3,2,,,26,28,0,22,1
b052,3,2,3,4,3,,,27,29,0,22,1
b052,3,3,0,2,0,,,24,26,0,19,1
b052,3,3,1,2,1,,,25,27,0,18,1
b052,3,3,2,2,2,,,26,28,0,14,1
b052,3,3,3,3,3,,,27,29,0,14,1
b053,0,0,0,1,1,,,12,14,0,33,1
b053,0,0,1,1,2,1,1,13,15,1,34,1
b053,0,0,2,2,2,,,14,16,0,37,1
b053,0,0,3,3,3,,,15,17,0,39,1
b053,1,0,0,3,1,,,16,18,0,44,1
b053,1,0,1,3,2,,,17,19,0,45,1
b053,1,0,2,3,2,,,18,20,0,47,1
b053,1,0,3,4,3,,,19,21,0,50,1
b053,1,1,0,3,1,,,16,18,0,43,1
b053,1,1,1,3,2,,,17,19,0,46,1
b053,1,1,2,3,2,,,18,20,0,48,1
b053,1,1,3,3,3,,,19,21,0,50,1
b053,2,0,0,4,1,,,20,22,0,55,1
b053,2,0,1,4,2,,,21,23,0,56,1
b053,2,0,2,4,2,,,22,24,0,58,1
b053,2,0,3,4,3,,,23,25,0,60,1
b053,2,1,0,4,1,,,20,22,0,54,1
b053,2,1,1,4,2,,,21,23,0,57,1
b053,2,1,2,4,2,,,22,24,0,59,1
b053,2,1,3,4,3,,,23,25,0,61,1
b053,2,2,0,4,1,,,20,22,0,54,1
b053,2,2,1,4,2,,,21,23,0,57,1
b053,2,2,2,4,2,,,22,24,0,59,1
b053,2,2,3,4,3,,,23,25,0,61,1
b053,3,0,0,5,1,,,24,26,0,66,1
b053,3,0,1,5,2,,,25,27,0,67,1
b053,3,0,2,5,2,,,26,28,0,69,1
b053,3,0,3,5,3,,,27,29,0,71,1
b053,3,1,0,5,1,,,24,26,0,65,1
b053,3,1,1,5,2,,,25,27,0,68,1
b053,3,1,2,5,2,,,26,28,0,70,1
b053,3,1,3,5,3,,,27,29,0,72,1
b053,3,2,0,5,1,,,24,26,0,65,1
b053,3,2,1,5,2,,,25,27,0,68,1
b053,3,2,2,5,2,,,26,28,0,70,1
b053,3,2,3,5,3,,,27,29,0,72,1
b053,3,3,0,5,1,,,24,26,0,65,1
b053,3,3,1,5,2,,,25,27,0,68,1
b053,3,3,2,5,2,,,26,28,0,70,1
b053,3,3,3,5,3,,,27,29,0,72,1
b054,0,0,0,1,1,,,12,14,0,10,1
b054,0,0,1,1,1,,,13,15,0,9,1
b054,0,0,2,2,2,,,14,16,0,10,1
b054,0,0,3,3,3,,,15,17,0,10,1
b054,1,0,0,3,1,,,16,18,0,17,1
b054,1,0,1,3,1,,,17,19,0,16,1
b054,1,0,2,3,2,,,18,20,0,16,1
b054,1,0,3,4,3,,,19,21,0,17,1
b054,1,1,0,3,1,,,16,18,0,16,1
b054,1,1,1,3,1,,,17,19,0,17,1
b054,1,1,2,3,2,,,18,20,0,17,1
b054,1,1,3,3,3,,,19,21,0,13,1
b054,2,0,0,3,1,,,20,22,0,21,1
b054,2,0,1,3,1,,,21,23,0,20,1
b054,2,0,2,3,2,,,22,24,0,20,1
b054,2,0,3,4,3,,,23,25,0,21,1
b054,2,1,0,3,1,,,20,22,0,20,1
b054,2,1,1,3,1,,,21,23,0,21,1
b054,2,1,2,3,2,,,22,24,0,21,1
b054,2,1,3,4,3,,,23,25,0,21,1
b054,2,2,0,3,1,,,20,22,0,20,1
b054,2,2,1,3,1,,,21,23,0,21,1
b054,2,2,2,3,2,,,22,24,0,21,1
b054,2,2,3,3,3,,,23,25,0,15,1
b054,3,0,0,3,1,,,24,26,0,25,1
b054,3,0,1,3,1,,,25,27,0,24,1
b054,3,0,2,3,2,,,26,28,0,24,1
b054,3,0,3,4,3,,,27,29,0,25,1
b054,3,1,0,3,1,,,24,26,0,24,1
b054,3,1,1,3,1,,,25,27,0,25,1
b054,3,1,2,3,2,,,26,28,0,25,1
b054,3,1,3,4,3,,,27,29,0,25,1
b054,3,2,0,3,1,,,24,26,0,24,1
b054,3,2,1,3,1,,,25,27,0,25,1
b054,3,2,2,3,2,,,26,28,0,25,1
b054,3,2,3,4,3,,,27,29,0,25,1
b054,3,3,0,3,1,,,24,26,0,24,1
b054,3,3,1,3,1,,,25,27,0,25,1
b054,3,3,2,3,2,,,26,28,0,25,1
b054,3,3,3,3,3,,,27,29,0,17,1
b055,0,0,0,1,1,,,12,14,0,8,1
b055,0,0,1,1,1,,,13,15,0,6,1
b055,0,0,2,2,2,,,14,16,0,8,1
b055,0,0,3,3,3,,,15,17,0,8,1
b055,1,0,0,2,1,,,16,18,0,14,1
b055,1,0,1,2,1,,,17,19,0,11,1
b055,1,0,2,3,2,,,18,20,0,14,1
b055,1,0,3,4,3,,,19,21,0,14,1
b055,1,1,0,2,1,,,16,18,0,13,1
b055,1,1,1,2,1,,,17,19,0,12,1
b055,1,1,2,2,2,,,18,20,0,10,1
b055,1,1,3,3,3,,,19,21,0,10,1
b055,2,0,0,2,1,,,20,22,0,18,1
b055,2,0,1,2,1,,,21,23,0,14,1
b055,2,0,2,3,2,,,22,24,0,18,1
b055,2,0,3,4,3,,,23,25,0,18,1
b055,2,1,0,2,1,,,20,22,0,17,1
b055,2,1,1,2,1,,,21,23,0,15,1
b055,2,1,2,3,2,,,22,24,0,18,1
b055,2,1,3,4,3,,,23,25,0,18,1
b055,2,2,0,2,1,,,20,22,0,16,1
b055,2,2,1,2,1,,,21,23,0,15,1
b055,2,2,2,2,2,,,22,24,0,12,1
b055,2,2,3,3,3,,,23,25,0,12,1
b055,3,0,0,2,1,,,24,26,0,22,1
b055,3,0,1,2,1,,,25,27,0,17,1
b055,3,0,2,3,2,,,26,28,0,22,1
b055,3,0,3,4,3,,,27,29,0,22,1
b055,3,1,0,2,1,,,24,26,0,21,1
b055,3,1,1,2,1,,,25,27,0,18,1
b055,3,1,2,3,2,,,26,28,0,22,1
b055,3,1,3,4,3,,,27,29,0,22,1
b055,3,2,0,2,1,,,24,26,0,20,1
b055,3,2,1,2,1,,,25,27,0,18,1
b055,3,2,2,3,2,,,26,28,0,22,1
b055,3,2,3,4,3,,,27,29,0,22,1
b055,3,3,0,2,1,,,24,26,0,19,1
b055,3,3,1,2,1,,,25,27,0,18,1
b055,3,3,2,2,2,,,26,28,0,14,1
b055,3,3,3,3,3,,,27,29,0,14,1
b056,0,0,0,1,0,,,12,14,0,8,1
b056,0,0,1,1,1,,,13,15,0,6,1
b056,0,0,2,2,2,,,14,16,0,8,1
b056,0,0,3,3,3,,,15,17,0,8,1
b056,1,0,0,2,0,,,16,18,0,14,1
b056,1,0,1,2,1,,,17,19,0,11,1
b056,1,0,2,3,2,,,18,20,0,14,1
b056,1,0,3,4,3,,,19,21,0,14,1
b056,1,1,0,2,0,,,16,18,0,13,1
b056,1,1,1,2,1,,,17,19,0,12,1
b056,1,1,2,2,2,,,18,20,0,10,1
b056,1,1,3,3,3,,,19,21,0,10,1
b056,2,0,0,2,0,,,20,22,0,18,1
b056,2,0,1,2,1,,,21,23,0,14,1
b056,2,0,2,3,2,,,22,24,0,18,1
b056,2,0,3,4,3,,,23,25,0,18,1
b056,2,1,0,2,0,,,20,22,0,17,1
b056,2,1,1,2,1,,,21,23,0,15,1
b056,2,1,2,3,2,,,22,24,0,18,1
b056,2,1,3,4,3,,,23,25,0,18,1
b056,2,2,0,2,0,,,20,22,0,16,1
b056,2,2,1,2,1,,,21,23,0,15,1
b056,2,2,2,2,2,,,22,24,0,12,1
b056,2,2,3,3,3,,,23,25,0,12,1
b056,3,0,0,2,0,,,24,26,0,22,1
b056,3,0,1,2,1,,,25,27,0,17,1
b056,3,0,2,3,2,,,26,28,0,22,1
b056,3,0,3,4,3,,,27,29,0,22,1
b056,3,1,0,2,0,,,24,26,0,21,1
b056,3,1,1,2,1,,,25,27,0,18,1
b056,3,1,2,3,2,,,26,28,0,22,1
b056,3,1,3,4,3,,,27,29,0,22,1
b056,3,2,0,2,0,,,24,26,0,20,1
b056,3,2,1,2,1,,,25,27,0,18,1
b056,3,2,2,3,2,,,26,28,0,22,1
b056,3,2,3,4,3,,,27,29,0,22,1
b056,3,3,0,2,0,,,24,26,0,19,1
b056,3,3,1,2,1,,,25,27,0,18,1
b056,3,3,2,2,2,,,26,28,0,14,1
b056,3,3,3,3,3,,,27,29,0,14,1
b057,0,0,0,1,1,,,12,14,0,21,1
b057,0,0,1,1,1,,,13,15,0,21,1
b057,0,0,2,2,2,,,14,16,0,23,1
b057,0,0,3,3,3,,,15,17,0,24,1
b057,1,0,0,2,1,,,16,18,0,27,1
b057,1,0,1,2,2,,,17,19,0,27,1
b057,1,0,2,3,2,,,18,20,0,29,1
b057,1,0,3,4,3,,,19,21,0,30,1
b057,1,1,0,2,1,,,16,18,0,26,1
b057,1,1,1,2,2,,,17,19,0,28,1
b057,1,1,2,2,2,,,18,20,0,29,1
b057,1,1,3,3,3,,,19,21,0,30,1
b057,2,0,0,2,1,,,20,22,0,33,1
b057,2,0,1,2,2,,,21,23,0,33,1
b057,2,0,2,3,2,,,22,24,0,35,1
b057,2,0,3,4,3,,,23,25,0,36,1
b057,2,1,0,2,1,,,20,22,0,32,1
b057,2,1,1,2,2,,,21,23,0,34,1
b057,2,1,2,3,2,,,22,24,0,35,1
b057,2,1,3,4,3,,,23,25,0,36,1
b057,2,2,0,2,1,,,20,22,0,32,1
b057,2,2,1,2,2,,,21,23,0,34,1
b057,2,2,2,2,2,,,22,24,0,35,1
b057,2,2,3,3,3,,,23,25,0,36,1
b057,3,0,0,3,1,,,24,26,0,39,1
b057,3,0,1,3,2,,,25,27,0,39,1
b057,3,0,2,3,2,,,26,28,0,41,1
b057,3,0,3,4,3,,,27,29,0,42,1
b057,3,1,0,3,1,,,24,26,0,38,1
b057,3,1,1,3,2,,,25,27,0,40,1
b057,3,1,2,3,2,,,26,28,0,41,1
b057,3,1,3,4,3,,,27,29,0,42,1
b057,3,2,0,3,1,,,24,26,0,38,1
b057,3,2,1,3,2,,,25,27,0,40,1
b057,3,2,2,3,2,,,26,28,0,41,1
b057,3,2,3,4,3,,,27,29,0,42,1
b057,3,3,0,3,1,,,24,26,0,38,1
b057,3,3,1,3,2,,,25,27,0,40,1
b057,3,3,2,3,2,,,26,28,0,41,1
b057,3,3,3,3,3,,,27,29,0,42,1
b058,0,0,0,1,1,,,12,14,0,9,1
b058,0,0,1,1,1,,,13,15,0,7,1
b058,0,0,2,2,2,,,14,16,0,9,1
b058,0,0,3,3,3,,,15,17,0,9,1
b058,1,0,0,2,1,,,16,18,0,15,1
b058,1,0,1,2,1,,,17,19,0,12,1
b058,1,0,2,3,2,,,18,20,0,15,1
b058,1,0,3,4,3,,,19,21,0,15,1
b058,1,1,0,2,1,,,16,18,0,14,1
b058,1,1,1,2,1,,,17,19,0,13,1
b058,1,1,2,2,2,,,18,20,0,11,1
b058,1,1,3,3,3,,,19,21,0,11,1
b058,2,0,0,2,1,,,20,22,0,19,1
b058,2,0,1,2,1,,,21,23,0,15,1
b058,2,0,2,3,2,,,22,24,0,19,1
b058,2,0,3,4,3,,,23,25,0,19,1
b058,2,1,0,2,1,,,20,22,0,18,1
b058,2,1,1,2,1,,,21,23,0,16,1
b058,2,1,2,3,2,,,22,24,0,19,1
b058,2,1,3,4,3,,,23,25,0,19,1
b058,2,2,0,2,1,,,20,22,0,17,1
b058,2,2,1,2,1,,,21,23,0,16,1
b058,2,2,2,2,2,,,22,24,0,13,1
b058,2,2,3,3,3,,,23,25,0,13,1
b058,3,0,0,2,1,,,24,26,0,23,1
b058,3,0,1,2,1,,,25,27,0,18,1
b058,3,0,2,3,2,,,26,28,0,23,1
b058,3,0,3,4,3,,,27,29,0,23,1
b058,3,1,0,2,1,,,24,26,0,22,1
b058,3,1,1,2,1,,,25,27,0,19,1
b058,3,1,2,3,2,,,26,28,0,23,1
b058,3,1,3,4,3,,,27,29,0,23,1
b058,3,2,0,2,1,,,24,26,0,21,1
b058,3,2,1,2,1,,,25,27,0,19,1
b058,3,2,2,3,2,,,26,28,0,23,1
b058,3,2,3,4,3,,,27,29,0,23,1
b058,3,3,0,2,1,,,24,26,0,20,1
b058,3,3,1,2,1,,,25,27,0,19,1
b058,3,3,2,2,2,,,26,28,0,15,1
b058,3,3,3,3,3,,,27,29,0,15,1
b059,0,0,0,1,1,,,12,14,0,8,1
b059,0,0,1,1,1,,,13,15,0,6,1
b059,0,0,2,2,2,,,14,16,0,8,1
b059,0,0,3,3,3,,,15,17,0,8,1
b059,1,0,0,2,1,,,16,18,0,14,1
b059,1,0,1,2,1,,,17,19,0,11,1
b059,1,0,2,3,2,,,18,20,0,14,1
b059,1,0,3,4,3,,,19,21,0,14,1
b059,1,1,0,2,1,,,16,18,0,13,1
b059,1,1,1,2,1,,,17,19,0,12,1
b059,1,1,2,2,2,,,18,20,0,10,1
b059,1,1,3,3,3,,,19,21,0,10,1
b059,2,0,0,2,1,,,20,22,0,18,1
b059,2,0,1,2,1,,,21,23,0,14,1
b059,2,0,2,3,2,,,22,24,0,18,1
b059,2,0,3,4,3,,,23,25,0,18,1
b059,2,1,0,2,1,,,20,22,0,17,1
b059,2,1,1,2,1,,,21,23,0,15,1
b059,2,1,2,3,2,,,22,24,0,18,1
b059,2,1,3,4,3,,,23,25,0,18,1
b059,2,2,0,2,1,,,20,22,0,16,1
b059,2,2,1,2,1,,,21,23,0,15,1
b059,2,2,2,2,2,,,22,24,0,12,1
b059,2,2,3,3,3,,,23,25,0,12,1
b059,3,0,0,2,1,,,24,26,0,22,1
b059,3,0,1,2,1,,,25,27,0,17,1
b059,3,0,2,3,2,,,26,28,0,22,1
b059,3,0,3,4,3,,,27,29,0,22,1
b059,3,1,0,2,1,,,24,26,0,21,1
b059,3,1,1,2,1,,,25,27,0,18,1
b059,3,1,2,3,2,,,26,28,0,22,1
b059,3,1,3,4,3,,,27,29,0,22,1
b059,3,2,0,2,1,,,24,26,0,20,1
b059,3,2,1,2,1,,,25,27,0,18,1
b059,3,2,2,3,2,,,26,28,0,22,1
b059,3,2,3,4,3,,,27,29,0,22,1
b059,3,3,0,2,1,,,24,26,0,19,1
b059,3,3,1,2,1,,,25,27,0,18,1
b059,3,3,2,2,2,,,26,28,0,14,1
b059,3,3,3,3,3,,,27,29,0,14,1
b060,0,0,0,1,0,,,12,14,0,7,1
b060,0,0,1,1,1,,,13,15,0,7,1
b060,0,0,2,2,2,,,14,16,0,7,1
b060,0,0,3,3,3,,,15,17,0,7,1
b060,1,0,0,1,0,,,16,18,0,10,1
b060,1,0,1,2,1,,,17,19,0,13,1
b060,1,0,2,3,2,,,18,20,0,13,1
b060,1,0,3,4,3,,,19,21,0,13,1
b060,1,1,0,1,0,,,16,18,0,10,1
b060,1,1,1,1,1,,,17,19,0,9,1
b060,1,1,2,2,2,,,18,20,0,9,1
b060,1,1,3,3,3,,,19,21,0,9,1
b060,2,0,0,1,0,,,20,22,0,13,1
b060,2,0,1,2,1,,,21,23,0,17,1
b060,2,0,2,3,2,,,22,24,0,17,1
b060,2,0,3,4,3,,,23,25,0,17,1
b060,2,1,0,1,0,,,20,22,0,13,1
b060,2,1,1,2,1,,,21,23,0,17,1
b060,2,1,2,3,2,,,22,24,0,17,1
b060,2,1,3,4,3,,,23,25,0,17,1
b060,2,2,0,1,0,,,20,22,0,13,1
b060,2,2,1,1,1,,,21,23,0,11,1
b060,2,2,2,2,2,,,22,24,0,11,1
b060,2,2,3,3,3,,,23,25,0,11,1
b060,3,0,0,1,0,,,24,26,0,16,1
b060,3,0,1,2,1,,,25,27,0,21,1
b060,3,0,2,3,2,,,26,28,0,21,1
b060,3,0,3,4,3,,,27,29,0,21,1
b060,3,1,0,1,0,,,24,26,0,16,1
b060,3,1,1,2,1,,,25,27,0,21,1
b060,3,1,2,3,2,,,26,28,0,21,1
b060,3,1,3,4,3,,,27,29,0,21,1
b060,3,2,0,1,0,,,24,26,0,16,1
b060,3,2,1,2,1,,,25,27,0,21,1
b060,3,2,2,3,2,,,26,28,0,21,1
b060,3,2,3,4,3,,,27,29,0,21,1
b060,3,3,0,1,0,,,24,26,0,16,1
b060,3,3,1,1,1,,,25,27,0,13,1
b060,3,3,2,2,2,,,26,28,0,13,1
b060,3,3,3,3,3,,,27,29,0,13,1
b061,0,0,0,1,1,,,12,14,0,19,1
b061,0,0,1,1,1,,,13,15,0,21,1
b061,0,0,2,2,2,,,14,16,0,22,1
b061,0,0,3,3,3,,,15,17,0,23,1
b061,1,0,0,2,1,,,16,18,0,25,1
b061,1,0,1,2,1,,,17,19,0,27,1
b061,1,0,2,3,2,,,18,20,0,28,1
b061,1,0,3,4,3,,,19,21,0,29,1
b061,1,1,0,2,1,,,16,18,0,25,1
b061,1,1,1,2,1,,,17,19,0,27,1
b061,1,1,2,2,2,,,18,20,0,28,1
b061,1,1,3,3,3,,,19,21,0,29,1
b061,2,0,0,3,1,,,20,22,0,31,1
b061,2,0,1,3,1,,,21,23,0,33,1
b061,2,0,2,3,2,,,22,24,0,34,1
b061,2,0,3,4,3,,,23,25,0,35,1
b061,2,1,0,3,1,,,20,22,0,31,1
b061,2,1,1,3,1,,,21,23,0,33,1
b061,2,1,2,3,2,,,22,24,0,34,1
b061,2,1,3,4,3,,,23,25,0,35,1
b061,2,2,0,3,1,,,20,22,0,31,1
b061,2,2,1,3,1,,,21,23,0,33,1
b061,2,2,2,3,2,,,22,24,0,34,1
b061,2,2,3,3,3,,,23,25,0,35,1
b061,3,0,0,4,1,,,24,26,0,37,1
b061,3,0,1,4,1,,,25,27,0,39,1
b061,3,0,2,4,2,,,26,28,0,40,1
b061,3,0,3,4,3,,,27,29,0,41,1
b061,3,1,0,4,1,,,24,26,0,37,1
b061,3,1,1,4,1,,,25,27,0,39,1
b061,3,1,2,4,2,,,26,28,0,40,1
b061,3,1,3,4,3,,,27,29,0,41,1
b061,3,2,0,4,1,,,24,26,0,37,1
b061,3,2,1,4,1,,,25,27,0,39,1
b061,3,2,2,4,2,,,26,28,0,40,1
b061,3,2,3,4,3,,,27,29,0,41,1
b061,3,3,0,4,1,,,24,26,0,37,1
b061,3,3,1,4,1,,,25,27,0,39,1
b061,3,3,2,4,2,,,26,28,0,40,1
b061,3,3,3,4,3,,,27,29,0,41,1
b062,0,0,0,1,1,,,12,14,0,7,1
b062,0,0,1,1,1,,,13,15,0,8,1
b062,0,0,2,2,2,,,14,16,0,8,1
b062,0,0,3,3,3,,,15,17,0,8,1
b062,1,0,0,2,1,,,16,18,0,13,1
b062,1,0,1,2,1,,,17,19,0,14,1
b062,1,0,2,3,2,,,18,20,0,14,1
b062,1,0,3,4,3,,,19,21,0,14,1
b062,1,1,0,2,1,,,16,18,0,13,1
b062,1,1,1,2,1,,,17,19,0,14,1
b062,1,1,2,2,2,,,18,20,0,10,1
b062,1,1,3,3,3,,,19,21,0,10,1
b062,2,0,0,2,1,,,20,22,0,17,1
b062,2,0,1,2,1,,,21,23,0,18,1
b062,2,0,2,3,2,,,22,24,0,18,1
b062,2,0,3,4,3,,,23,25,0,18,1
b062,2,1,0,2,1,,,20,22,0,17,1
b062,2,1,1,2,1,,,21,23,0,18,1
b062,2,1,2,3,2,,,22,24,0,18,1
b062,2,1,3,4,3,,,23,25,0,18,1
b062,2,2,0,2,1,,,20,22,0,17,1
b062,2,2,1,2,1,,,21,23,0,18,1
b062,2,2,2,2,2,,,22,24,0,12,1
b062,2,2,3,3,3,,,23,25,0,12,1
b062,3,0,0,2,1,,,24,26,0,21,1
b062,3,0,1,2,1,,,25,27,0,22,1
b062,3,0,2,3,2,,,26,28,0,22,1
b062,3,0,3,4,3,,,27,29,0,22,1
b062,3,1,0,2,1,,,24,26,0,21,1
b062,3,1,1,2,1,,,25,27,0,22,1
b062,3,1,2,3,2,,,26,28,0,22,1
b062,3,1,3,4,3,,,27,29,0,22,1
b062,3,2,0,2,1,,,24,26,0,21,1
b062,3,2,1,2,1,,,25,27,0,22,1
b062,3,2,2,3,2,,,26,28,0,22,1
b062,3,2,3,4,3,,,27,29,0,22,1
b062,3,3,0,2,1,,,24,26,0,21,1
b062,3,3,1,2,1,,,25,27,0,22,1
b062,3,3,2,2,2,,,26,28,0,14,1
b062,3,3,3,3,3,,,27,29,0,14,1
b063,0,0,0,1,1,,,12,14,0,6,1
b063,0,0,1,1,1,,,13,15,0,7,1
b063,0,0,2,2,2,,,14,16,0,7,1
b063,0,0,3,3,3,,,15,17,0,7,1
b063,1,0,0,1,1,,,16,18,0,8,1
b063,1,0,1,2,1,,,17,19,0,13,1
b063,1,0,2,3,2,,,18,20,0,13,1
b063,1,0,3,4,3,,,19,21,0,13,1
b063,1,1,0,1,1,,,16,18,0,8,1
b063,1,1,1,1,1,,,17,19,0,9,1
b063,1,1,2,2,2,,,18,20,0,9,1
b063,1,1,3,3,3,,,19,21,0,9,1
b063,2,0,0,1,1,,,20,22,0,10,1
b063,2,0,1,2,1,,,21,23,0,17,1
b063,2,0,2,3,2,,,22,24,0,17,1
b063,2,0,3,4,3,,,23,25,0,17,1
b063,2,1,0,1,1,,,20,22,0,10,1
b063,2,1,1,2,1,,,21,23,0,17,1
b063,2,1,2,3,2,,,22,24,0,17,1
b063,2,1,3,4,3,,,23,25,0,17,1
b063,2,2,0,1,1,,,20,22,0,10,1
b063,2,2,1,1,1,,,21,23,0,11,1
b063,2,2,2,2,2,,,22,24,0,11,1
b063,2,2,3,3,3,,,23,25,0,11,1
b063,3,0,0,1,1,,,24,26,0,12,1
b063,3,0,1,2,1,,,25,27,0,21,1
b063,3,0,2,3,2,,,26,28,0,21,1
b063,3,0,3,4,3,,,27,29,0,21,1
b063,3,1,0,1,1,,,24,26,0,12,1
b063,3,1,1,2,1,,,25,27,0,21,1
b063,3,1,2,3,2,,,26,28,0,21,1
b063,3,1,3,4,3,,,27,29,0,21,1
b063,3,2,0,1,1,,,24,26,0,12,1
b063,3,2,1,2,1,,,25,27,0,21,1
b063,3,2,2,3,2,,,26,28,0,21,1
b063,3,2,3,4,3,,,27,29,0,21,1
b063,3,3,0,1,1,,,24,26,0,12,1
b063,3,3,1,1,1,,,25,27,0,13,1
b063,3,3,2,2,2,,,26,28,0,13,1
b063,3,3,3,3,3,,,27,29,0,13,1
b064,0,0,0,1,0,,,6,8,0,6,1
b064,0,0,1,2,1,,,7,9,0,8,1
b064,0,0,2,3,2,,,8,10,0,8,1
b064,0,0,3,4,3,,,9,11,0,8,1
b064,1,0,0,1,0,,,8,10,0,9,1
b064,1,0,1,2,1,,,9,11,0,14,1
b064,1,0,2,3,2,,,10,12,0,14,1
b064,1,0,3,4,3,,,11,13,0,14,1
b064,1,1,0,1,0,,,8,10,0,8,1
b064,1,1,1,2,1,,,9,11,0,10,1
b064,1,1,2,3,2,,,10,12,0,10,1
b064,1,1,3,4,3,,,11,13,0,10,1
b064,2,0,0,1,0,,,10,12,0,12,1
b064,2,0,1,2,1,,,11,13,0,18,1
b064,2,0,2,3,2,,,12,14,0,18,1
b064,2,0,3,4,3,,,13,15,0,18,1
b064,2,1,0,1,0,,,10,12,0,11,1
b064,2,1,1,2,1,,,11,13,0,18,1
b064,2,1,2,3,2,,,12,14,0,18,1
b064,2,1,3,4,3,,,13,15,0,18,1
b064,2,2,0,1,0,,,10,12,0,10,1
b064,2,2,1,2,1,,,11,13,0,12,1
b064,2,2,2,3,2,,,12,14,0,12,1
b064,2,2,3,4,3,,,13,15,0,12,1
b064,3,0,0,1,0,,,12,14,0,15,1
b064,3,0,1,2,1,,,13,15,0,22,1
b064,3,0,2,3,2,,,14,16,0,22,1
b064,3,0,3,4,3,,,15,17,0,22,1
b064,3,1,0,1,0,,,12,14,0,14,1
b064,3,1,1,2,1,,,13,15,0,22,1
b064,3,1,2,3,2,,,14,16,0,22,1
b064,3,1,3,4,3,,,15,17,0,22,1
b064,3,2,0,1,0,,,12,14,0,13,1
b064,3,2,1,2,1,,,13,15,0,22,1
b064,3,2,2,3,2,,,14,16,0,22,1
b064,3,2,3,4,3,,,15,17,0,22,1
b064,3,3,0,1,0,,,12,14,0,12,1
b064,3,3,1,2,1,,,13,15,0,14,1
b064,3,3,2,3,2,,,14,16,0,14,1
b064,3,3,3,4,3,,,15,17,0,14,1
b065,0,0,0,1,0,,,6,8,0,12,1
b065,0,0,1,2,1,,,7,9,0,15,1
b065,0,0,2,3,2,,,8,10,0,16,1
b065,0,0,3,4,3,,,9,11,0,17,1
b065,1,0,0,2,0,,,8,10,0,16,1
b065,1,0,1,3,1,,,9,11,0,20,1
b065,1,0,2,4,2,,,10,12,0,21,1
b065,1,0,3,5,3,,,11,13,0,22,1
b065,1,1,0,2,0,,,8,10,0,16,1
b065,1,1,1,3,1,,,9,11,0,20,1
b065,1,1,2,4,2,,,10,12,0,21,1
b065,1,1,3,5,3,,,11,13,0,22,1
b065,2,0,0,3,0,,,10,12,0,20,1
b065,2,0,1,4,1,,,11,13,0,25,1
b065,2,0,2,5,2,,,12,14,0,26,1
b065,2,0,3,6,3,,,13,15,0,27,1
b065,2,1,0,3,0,,,10,12,0,20,1
b065,2,1,1,4,1,,,11,13,0,25,1
b065,2,1,2,5,2,,,12,14,0,26,1
b065,2,1,3,6,3,,,13,15,0,27,1
b065,2,2,0,3,0,,,10,12,0,20,1
b065,2,2,1,4,1,,,11,13,0,25,1
b065,2,2,2,5,2,,,12,14,0,26,1
b065,2,2,3,6,3,,,13,15,0,27,1
b065,3,0,0,4,0,,,12,14,0,24,1
b065,3,0,1,5,1,,,13,15,0,30,1
b065,3,0,2,6,2,,,14,16,0,31,1
b065,3,0,3,7,3,,,15,17,0,32,1
b065,3,1,0,4,0,,,12,14,0,24,1
b065,3,1,1,5,1,,,13,15,0,30,1
b065,3,1,2,6,2,,,14,16,0,31,1
b065,3,1,3,7,3,,,15,17,0,32,1
b065,3,2,0,4,0,,,12,14,0,24,1
b065,3,2,1,5,1,,,13,15,0,30,1
b065,3,2,2,6,2,,,14,16,0,31,1
b065,3,2,3,7,3,,,15,17,0,32,1
b065,3,3,0,4,0,,,12,14,0,24,1
b065,3,3,1,5,1,,,13,15,0,30,1
b065,3,3,2,6,2,,,14,16,0,31,1
b065,3,3,3,7,3,,,15,17,0,32,1
b066,0,0,0,1,0,,,12,14,0,6,1
b066,0,0,1,2,1,,,13,15,0,7,1
b066,0,0,2,3,2,,,14,16,0,7,1
b066,0,0,3,4,3,,,15,17,0,7,1
b066,1,0,0,1,0,,,16,18,0,9,1
b066,1,0,1,2,1,,,17,19,0,13,1
b066,1,0,2,3,2,,,18,20,0,13,1
b066,1,0,3,4,3,,,19,21,0,13,1
b066,1,1,0,1,0,,,16,18,0,8,1
b066,1,1,1,2,1,,,17,19,0,9,1
b066,1,1,2,3,2,,,18,20,0,9,1
b066,1,1,3,4,3,,,19,21,0,9,1
b066,2,0,0,1,0,,,20,22,0,12,1
b066,2,0,1,2,1,,,21,23,0,17,1
b066,2,0,2,3,2,,,22,24,0,17,1
b066,2,0,3,4,3,,,23,25,0,17,1
b066,2,1,0,1,0,,,20,22,0,11,1
b066,2,1,1,2,1,,,21,23,0,17,1
b066,2,1,2,3,2,,,22,24,0,17,1
b066,2,1,3,4,3,,,23,25,0,17,1
b066,2,2,0,1,0,,,20,22,0,10,1
b066,2,2,1,2,1,,,21,23,0,11,1
b066,2,2,2,3,2,,,22,24,0,11,1
b066,2,2,3,4,3,,,23,25,0,11,1
b066,3,0,0,1,0,,,24,26,0,15,1
b066,3,0,1,2,1,,,25,27,0,21,1
b066,3,0,2,3,2,,,26,28,0,21,1
b066,3,0,3,4,3,,,27,29,0,21,1
b066,3,1,0,1,0,,,24,26,0,14,1
b066,3,1,1,2,1,,,25,27,0,21,1
b066,3,1,2,3,2,,,26,28,0,21,1
b066,3,1,3,4,3,,,27,29,0,21,1
b066,3,2,0,1,0,,,24,26,0,13,1
b066,3,2,1,2,1,,,25,27,0,21,1
b066,3,2,2,3,2,,,26,28,0,21,1
b066,3,2,3,4,3,,,27,29,0,21,1
b066,3,3,0,1,0,,,24,26,0,12,1
b066,3,3,1,2,1,,,25,27,0,13,1
b066,3,3,2,3,2,,,26,28,0,13,1
b066,3,3,3,4,3,,,27,29,0,13,1
b067,0,0,0,1,0,,,12,14,0,6,1
b067,0,0,1,2,1,,,13,15,0,9,1
b067,0,0,2,3,2,,,14,16,0,9,1
b067,0,0,3,4,3,,,15,17,0,9,1
b067,1,0,0,2,0,,,16,18,0,11,1
b067,1,0,1,3,1,,,17,19,0,15,1
b067,1,0,2,4,2,,,18,20,0,15,1
b067,1,0,3,5,3,,,19,21,0,15,1
b067,1,1,0,2,0,,,16,18,0,11,1
b067,1,1,1,3,1,,,17,19,0,15,1
b067,1,1,2,4,2,,,18,20,0,15,1
b067,1,1,3,5,3,,,19,21,0,15,1
b067,2,0,0,2,0,,,20,22,0,14,1
b067,2,0,1,3,1,,,21,23,0,19,1
b067,2,0,2,4,2,,,22,24,0,19,1
b067,2,0,3,5,3,,,23,25,0,19,1
b067,2,1,0,2,0,,,20,22,0,14,1
b067,2,1,1,3,1,,,21,23,0,19,1
b067,2,1,2,4,2,,,22,24,0,19,1
b067,2,1,3,5,3,,,23,25,0,19,1
b067,2,2,0,2,0,,,20,22,0,14,1
b067,2,2,1,3,1,,,21,23,0,19,1
b067,2,2,2,4,2,,,22,24,0,19,1
b067,2,2,3,5,3,,,23,25,0,19,1
b067,3,0,0,2,0,,,24,26,0,17,1
b067,3,0,1,3,1,,,25,27,0,23,1
b067,3,0,2,4,2,,,26,28,0,23,1
b067,3,0,3,5,3,,,27,29,0,23,1
b067,3,1,0,2,0,,,24,26,0,17,1
b067,3,1,1,3,1,,,25,27,0,23,1
b067,3,1,2,4,2,,,26,28,0,23,1
b067,3,1,3,5,3,,,27,29,0,23,1
b067,3,2,0,2,0,,,24,26,0,17,1
b067,3,2,1,3,1,,,25,27,0,23,1
b067,3,2,2,4,2,,,26,28,0,23,1
b067,3,2,3,5,3,,,27,29,0,23,1
b067,3,3,0,2,0,,,24,26,0,17,1
b067,3,3,1,3,1,,,25,27,0,23,1
b067,3,3,2,4,2,,,26,28,0,23,1
b067,3,3,3,5,3,,,27,29,0,23,1
b068,0,0,0,infinity,0,,,6,8,0,28,1
b068,0,0,1,infinity,1,,,7,9,0,30,1
b068,0,0,2,infinity,2,,,8,10,0,32,1
b068,0,0,3,infinity,3,,,9,11,0,34,1
b068,1,0,0,infinity,0,,,8,10,0,47,1
b068,1,0,1,infinity,1,,,9,11,0,50,1
b068,1,0,2,infinity,2,,,10,12,0,54,1
b068,1,0,3,infinity,3,,,11,13,0,58,1
b068,1,1,0,infinity,0,,,8,10,0,46,1
b068,1,1,1,infinity,1,,,9,11,0,51,1
b068,1,1,2,infinity,2,,,10,12,0,55,1
b068,1,1,3,infinity,3,,,11,13,0,59,1
b068,2,0,0,infinity,0,,,10,12,0,59,1
b068,2,0,1,infinity,1,,,11,13,0,62,1
b068,2,0,2,infinity,2,,,12,14,0,66,1
b068,2,0,3,infinity,3,,,13,15,0,70,1
b068,2,1,0,infinity,0,,,10,12,0,58,1
b068,2,1,1,infinity,1,,,11,13,0,63,1
b068,2,1,2,infinity,2,,,12,14,0,67,1
b068,2,1,3,infinity,3,,,13,15,0,71,1
b068,2,2,0,infinity,0,,,10,12,0,58,1
b068,2,2,1,infinity,1,,,11,13,0,63,1
b068,2,2,2,infinity,2,,,12,14,0,67,1
b068,2,2,3,infinity,3,,,13,15,0,71,1
b068,3,0,0,infinity,0,,,12,14,0,71,1
b068,3,0,1,infinity,1,,,13,15,0,74,1
b068,3,0,2,infinity,2,,,14,16,0,78,1
b068,3,0,3,infinity,3,,,15,17,0,82,1
b068,3,1,0,infinity,0,,,12,14,0,70,1
b068,3,1,1,infinity,1,,,13,15,0,75,1
b068,3,1,2,infinity,2,,,14,16,0,79,1
b068,3,1,3,infinity,3,,,15,17,0,83,1
b068,3,2,0,infinity,0,,,12,14,0,70,1
b068,3,2,1,infinity,1,,,13,15,0,75,1
b068,3,2,2,infinity,2,,,14,16,0,79,1
b068,3,2,3,infinity,3,,,15,17,0,83,1
b068,3,3,0,infinity,0,,,12,14,0,70,1
b068,3,3,1,infinity,1,,,13,15,0,75,1
b068,3,3,2,infinity,2,,,14,16,0,79,1
b068,3,3,3,infinity,3,,,15,17,0,83,1
b069,0,0,0,infinity,0,,,6,8,0,26,1
b069,0,0,1,infinity,1,,,7,9,0,28,1
b069,0,0,2,infinity,2,,,8,10,0,30,1
b069,0,0,3,infinity,3,,,9,11,0,32,1
b069,1,0,0,infinity,0,,,8,10,0,49,1
b069,1,0,1,infinity,1,,,9,11,0,56,1
b069,1,0,2,infinity,2,,,10,12,0,58,1
b069,1,0,3,infinity,3,,,11,13,0,63,1
b069,1,1,0,infinity,0,,,8,10,0,48,1
b069,1,1,1,infinity,1,,,9,11,0,56,1
b069,1,1,2,infinity,2,,,10,12,0,59,1
b069,1,1,3,infinity,3,,,11,13,0,64,1
b069,2,0,0,infinity,0,,,10,12,0,70,1
b069,2,0,1,infinity,1,,,11,13,0,79,1
b069,2,0,2,infinity,2,,,12,14,0,81,1
b069,2,0,3,infinity,3,,,13,15,0,87,1
b069,2,1,0,infinity,0,,,10,12,0,69,1
b069,2,1,1,infinity,1,,,11,13,0,79,1
b069,2,1,2,infinity,2,,,12,14,0,82,1
b069,2,1,3,infinity,3,,,13,15,0,88,1
b069,2,2,0,infinity,0,,,10,12,0,69,1
b069,2,2,1,infinity,1,,,11,13,0,79,1
b069,2,2,2,infinity,2,,,12,14,0,82,1
b069,2,2,3,infinity,3,,,13,15,0,88,1
b069,3,0,0,infinity,0,,,12,14,0,94,1
b069,3,0,1,infinity,1,,,13,15,0,105,1
b069,3,0,2,infinity,2,,,14,16,0,107,1
b069,3,0,3,infinity,3,,,15,17,0,114,1
b069,3,1,0,infinity,0,,,12,14,0,93,1
b069,3,1,1,infinity,1,,,13,15,0,105,1
b069,3,1,2,infinity,2,,,14,16,0,108,1
b069,3,1,3,infinity,3,,,15,17,0,115,1
b069,3,2,0,infinity,0,,,12,14,0,93,1
b069,3,2,1,infinity,1,,,13,15,0,105,1
b069,3,2,2,infinity,2,,,14,16,0,108,1
b069,3,2,3,infinity,3,,,15,17,0,115,1
b069,3,3,0,infinity,0,,,12,14,0,93,1
b069,3,3,1,infinity,1,,,13,15,0,105,1
b069,3,3,2,infinity,2,,,14,16,0,108,1
b069,3,3,3,infinity,3,,,15,17,0,115,1
b070,0,0,0,infinity,0,,,12,14,0,32,1
b070,0,0,1,infinity,1,,,13,15,0,33,1
b070,0,0,2,infinity,2,,,14,16,0,34,1
b070,0,0,3,infinity,3,,,15,17,0,35,1
b070,1,0,0,infinity,0,,,16,18,0,44,1
b070,1,0,1,infinity,1,,,17,19,0,63,1
b070,1,0,2,infinity,2,,,18,20,0,47,1
b070,1,0,3,infinity,3,,,19,21,0,67,1
b070,1,1,0,infinity,0,,,16,18,0,43,1
b070,1,1,1,infinity,1,,,17,19,0,63,1
b070,1,1,2,infinity,2,,,18,20,0,48,1
b070,1,1,3,infinity,3,,,19,21,0,67,1
b070,2,0,0,infinity,0,,,20,22,0,56,1
b070,2,0,1,infinity,1,,,21,23,0,79,1
b070,2,0,2,infinity,2,,,22,24,0,59,1
b070,2,0,3,infinity,3,,,23,25,0,83,1
b070,2,1,0,infinity,0,,,20,22,0,55,1
b070,2,1,1,infinity,1,,,21,23,0,79,1
b070,2,1,2,infinity,2,,,22,24,0,60,1
b070,2,1,3,infinity,3,,,23,25,0,83,1
b070,2,2,0,infinity,0,,,20,22,0,55,1
b070,2,2,1,infinity,1,,,21,23,0,79,1
b070,2,2,2,infinity,2,,,22,24,0,60,1
b070,2,2,3,infinity,3,,,23,25,0,83,1
b070,3,0,0,infinity,0,,,24,26,0,68,1
b070,3,0,1,infinity,1,,,25,27,0,95,1
b070,3,0,2,infinity,2,,,26,28,0,71,1
b070,3,0,3,infinity,3,,,27,29,0,99,1
b070,3,1,0,infinity,0,,,24,26,0,67,1
b070,3,1,1,infinity,1,,,25,27,0,95,1
b070,3,1,2,infinity,2,,,26,28,0,72,1
b070,3,1,3,infinity,3,,,27,29,0,99,1
b070,3,2,0,infinity,0,,,24,26,0,67,1
b070,3,2,1,infinity,1,,,25,27,0,95,1
b070,3,2,2,infinity,2,,,26,28,0,72,1
b070,3,2,3,infinity,3,,,27,29,0,99,1
b070,3,3,0,infinity,0,,,24,26,0,67,1
b070,3,3,1,infinity,1,,,25,27,0,95,1
b070,3,3,2,infinity,2,,,26,28,0,72,1
b070,3,3,3,infinity,3,,,27,29,0,99,1
b071,0,0,0,infinity,0,,,12,14,0,46,1
b071,0,0,1,infinity,1,,,13,15,0,48,1
b071,0,0,2,infinity,2,,,14,16,0,50,1
b071,0,0,3,infinity,3,,,15,17,0,52,1
b071,1,0,0,infinity,0,,,16,18,0,79,1
b071,1,0,1,infinity,1,,,17,19,0,82,1
b071,1,0,2,infinity,2,,,18,20,0,86,1
b071,1,0,3,infinity,3,,,19,21,0,90,1
b071,1,1,0,infinity,0,,,16,18,0,78,1
b071,1,1,1,infinity,1,,,17,19,0,83,1
b071,1,1,2,infinity,2,,,18,20,0,87,1
b071,1,1,3,infinity,3,,,19,21,0,91,1
b071,2,0,0,infinity,0,,,20,22,0,99,1
b071,2,0,1,infinity,1,,,21,23,0,102,1
b071,2,0,2,infinity,2,,,22,24,0,106,1
b071,2,0,3,infinity,3,,,23,25,0,110,1
b071,2,1,0,infinity,0,,,20,22,0,98,1
b071,2,1,1,infinity,1,,,21,23,0,103,1
b071,2,1,2,infinity,2,,,22,24,0,107,1
b071,2,1,3,infinity,3,,,23,25,0,111,1
b071,2,2,0,infinity,0,,,20,22,0,98,1
b071,2,2,1,infinity,1,,,21,23,0,103,1
b071,2,2,2,infinity,2,,,22,24,0,107,1
b071,2,2,3,infinity,3,,,23,25,0,111,1
b071,3,0,0,infinity,0,,,24,26,0,119,1
b071,3,0,1,infinity,1,,,25,27,0,122,1
b071,3,0,2,infinity,2,,,26,28,0,126,1
b071,3,0,3,infinity,3,,,27,29,0,130,1
b071,3,1,0,infinity,0,,,24,26,0,118,1
b071,3,1,1,infinity,1,,,25,27,0,123,1
b071,3,1,2,infinity,2,,,26,28,0,127,1
b071,3,1,3,infinity,3,,,27,29,0,131,1
b071,3,2,0,infinity,0,,,24,26,0,118,1
b071,3,2,1,infinity,1,,,25,27,0,123,1
b071,3,2,2,infinity,2,,,26,28,0,127,1
b071,3,2,3,infinity,3,,,27,29,0,131,1
b071,3,3,0,infinity,0,,,24,26,0,118,1
b071,3,3,1,infinity,1,,,25,27,0,123,1
b071,3,3,2,infinity,2,,,26,28,0,127,1
b071,3,3,3,infinity,3,,,27,29,0,131,1
b072,0,0,0,2,0,,,12,14,0,11,1
b072,0,0,1,2,1,,,13,15,0,9,1
b072,0,0,2,3,2,,,14,16,0,10,1
b072,0,0,3,4,3,,,15,17,0,10,1
b072,1,0,0,2,0,,,16,18,0,15,1
b072,1,0,1,2,1,,,17,19,0,14,1
b072,1,0,2,3,2,,,18,20,0,17,1
b072,1,0,3,4,3,,,19,21,0,17,1
b072,1,1,0,2,0,,,16,18,0,14,1
b072,1,1,1,2,1,,,17,19,0,11,1
b072,1,1,2,3,2,,,18,20,0,12,1
b072,1,1,3,4,3,,,19,21,0,12,1
b072,2,0,0,2,0,,,20,22,0,19,1
b072,2,0,1,2,1,,,21,23,0,18,1
b072,2,0,2,3,2,,,22,24,0,21,1
b072,2,0,3,4,3,,,23,25,0,21,1
b072,2,1,0,2,0,,,20,22,0,18,1
b072,2,1,1,2,1,,,21,23,0,19,1
b072,2,1,2,3,2,,,22,24,0,21,1
b072,2,1,3,4,3,,,23,25,0,21,1
b072,2,2,0,2,0,,,20,22,0,18,1
b072,2,2,1,2,1,,,21,23,0,13,1
b072,2,2,2,3,2,,,22,24,0,14,1
b072,2,2,3,4,3,,,23,25,0,14,1
b072,3,0,0,2,0,,,24,26,0,23,1
b072,3,0,1,2,1,,,25,27,0,22,1
b072,3,0,2,3,2,,,26,28,0,25,1
b072,3,0,3,4,3,,,27,29,0,25,1
b072,3,1,0,2,0,,,24,26,0,22,1
b072,3,1,1,2,1,,,25,27,0,23,1
b072,3,1,2,3,2,,,26,28,0,25,1
b072,3,1,3,4,3,,,27,29,0,25,1
b072,3,2,0,2,0,,,24,26,0,22,1
b072,3,2,1,2,1,,,25,27,0,23,1
b072,3,2,2,3,2,,,26,28,0,25,1
b072,3,2,3,4,3,,,27,29,0,25,1
b072,3,3,0,2,0,,,24,26,0,22,1
b072,3,3,1,2,1,,,25,27,0,15,1
b072,3,3,2,3,2,,,26,28,0,16,1
b072,3,3,3,4,3,,,27,29,0,16,1
b073,0,0,0,2,0,,,12,14,0,21,1
b073,0,0,1,2,1,,,13,15,0,20,1
b073,0,0,2,3,2,,,14,16,0,23,1
b073,0,0,3,4,3,,,15,17,0,24,1
b073,1,0,0,3,0,,,16,18,0,28,1
b073,1,0,1,3,1,,,17,19,0,28,1
b073,1,0,2,4,2,,,18,20,0,32,1
b073,1,0,3,5,3,,,19,21,0,33,1
b073,1,1,0,3,0,,,16,18,0,27,1
b073,1,1,1,3,1,,,17,19,0,29,1
b073,1,1,2,4,2,,,18,20,0,32,1
b073,1,1,3,5,3,,,19,21,0,33,1
b073,2,0,0,4,0,,,20,22,0,35,1
b073,2,0,1,4,1,,,21,23,0,35,1
b073,2,0,2,5,2,,,22,24,0,40,1
b073,2,0,3,6,3,,,23,25,0,41,1
b073,2,1,0,4,0,,,20,22,0,34,1
b073,2,1,1,4,1,,,21,23,0,36,1
b073,2,1,2,5,2,,,22,24,0,40,1
b073,2,1,3,6,3,,,23,25,0,41,1
b073,2,2,0,4,0,,,20,22,0,34,1
b073,2,2,1,4,1,,,21,23,0,36,1
b073,2,2,2,5,2,,,22,24,0,40,1
b073,2,2,3,6,3,,,23,25,0,41,1
b073,3,0,0,5,0,,,24,26,0,42,1
b073,3,0,1,5,1,,,25,27,0,42,1
b073,3,0,2,6,2,,,26,28,0,48,1
b073,3,0,3,7,3,,,27,29,0,49,1
b073,3,1,0,5,0,,,24,26,0,41,1
b073,3,1,1,5,1,,,25,27,0,43,1
b073,3,1,2,6,2,,,26,28,0,48,1
b073,3,1,3,7,3,,,27,29,0,49,1
b073,3,2,0,5,0,,,24,26,0,41,1
b073,3,2,1,5,1,,,25,27,0,43,1
b073,3,2,2,6,2,,,26,28,0,48,1
b073,3,2,3,7,3,,,27,29,0,49,1
b073,3,3,0,5,0,,,24,26,0,41,1
b073,3,3,1,5,1,,,25,27,0,43,1
b073,3,3,2,6,2,,,26,28,0,48,1
b073,3,3,3,7,3,,,27,29,0,49,1
b074,0,0,0,2,0,,,12,14,0,10,1
b074,0,0,1,2,1,,,13,15,0,8,1
b074,0,0,2,3,2,,,14,16,0,9,1
b074,0,0,3,4,3,,,15,17,0,9,1
b074,1,0,0,2,0,,,16,18,0,14,1
b074,1,0,1,2,1,,,17,19,0,13,1
b074,1,0,2,3,2,,,18,20,0,16,1
b074,1,0,3,4,3,,,19,21,0,16,1
b074,1,1,0,2,0,,,16,18,0,13,1
b074,1,1,1,2,1,,,17,19,0,10,1
b074,1,1,2,3,2,,,18,20,0,11,1
b074,1,1,3,4,3,,,19,21,0,11,1
b074,2,0,0,2,0,,,20,22,0,18,1
b074,2,0,1,2,1,,,21,23,0,17,1
b074,2,0,2,3,2,,,22,24,0,20,1
b074,2,0,3,4,3,,,23,25,0,20,1
b074,2,1,0,2,0,,,20,22,0,17,1
b074,2,1,1,2,1,,,21,23,0,18,1
b074,2,1,2,3,2,,,22,24,0,20,1
b074,2,1,3,4,3,,,23,25,0,20,1
b074,2,2,0,2,0,,,20,22,0,17,1
b074,2,2,1,2,1,,,21,23,0,12,1
b074,2,2,2,3,2,,,22,24,0,13,1
b074,2,2,3,4,3,,,23,25,0,13,1
b074,3,0,0,2,0,,,24,26,0,22,1
b074,3,0,1,2,1,,,25,27,0,21,1
b074,3,0,2,3,2,,,26,28,0,24,1
b074,3,0,3,4,3,,,27,29,0,24,1
b074,3,1,0,2,0,,,24,26,0,21,1
b074,3,1,1,2,1,,,25,27,0,22,1
b074,3,1,2,3,2,,,26,28,0,24,1
b074,3,1,3,4,3,,,27,29,0,24,1
b074,3,2,0,2,0,,,24,26,0,21,1
b074,3,2,1,2,1,,,25,27,0,22,1
b074,3,2,2,3,2,,,26,28,0,24,1
b074,3,2,3,4,3,,,27,29,0,24,1
b074,3,3,0,2,0,,,24,26,0,21,1
b074,3,3,1,2,1,,,25,27,0,14,1
b074,3,3,2,3,2,,,26,28,0,15,1
b074,3,3,3,4,3,,,27,29,0,15,1
b075,0,0,0,2,0,,,12,14,0,11,1
b075,0,0,1,2,1,,,13,15,0,9,1
b075,0,0,2,3,2,,,14,16,0,11,1
b075,0,0,3,4,3,,,15,17,0,11,1
b075,1,0,0,3,0,,,16,18,0,17,1
b075,1,0,1,3,1,,,17,19,0,16,1
b075,1,0,2,4,2,,,18,20,0,18,1
b075,1,0,3,5,3,,,19,21,0,18,1
b075,1,1,0,3,0,,,16,18,0,16,1
b075,1,1,1,3,1,,,17,19,0,17,1
b075,1,1,2,4,2,,,18,20,0,18,1
b075,1,1,3,5,3,,,19,21,0,18,1
b075,2,0,0,3,0,,,20,22,0,21,1
b075,2,0,1,3,1,,,21,23,0,20,1
b075,2,0,2,4,2,,,22,24,0,22,1
b075,2,0,3,5,3,,,23,25,0,22,1
b075,2,1,0,3,0,,,20,22,0,20,1
b075,2,1,1,3,1,,,21,23,0,21,1
b075,2,1,2,4,2,,,22,24,0,22,1
b075,2,1,3,5,3,,,23,25,0,22,1
b075,2,2,0,3,0,,,20,22,0,20,1
b075,2,2,1,3,1,,,21,23,0,21,1
b075,2,2,2,4,2,,,22,24,0,22,1
b075,2,2,3,5,3,,,23,25,0,22,1
b075,3,0,0,3,0,,,24,26,0,25,1
b075,3,0,1,3,1,,,25,27,0,24,1
b075,3,0,2,4,2,,,26,28,0,26,1
b075,3,0,3,5,3,,,27,29,0,26,1
b075,3,1,0,3,0,,,24,26,0,24,1
b075,3,1,1,3,1,,,25,27,0,25,1
b075,3,1,2,4,2,,,26,28,0,26,1
b075,3,1,3,5,3,,,27,29,0,26,1
b075,3,2,0,3,0,,,24,26,0,24,1
b075,3,2,1,3,1,,,25,27,0,25,1
b075,3,2,2,4,2,,,26,28,0,26,1
b075,3,2,3,5,3,,,27,29,0,26,1
b075,3,3,0,3,0,,,24,26,0,24,1
b075,3,3,1,3,1,,,25,27,0,25,1
b075,3,3,2,4,2,,,26,28,0,26,1
b075,3,3,3,5,3,,,27,29,0,26,1
b076,0,0,0,2,0,,,12,14,0,9,1
b076,0,0,1,3,1,,,13,15,0,9,1
b076,0,0,2,4,2,,,14,16,0,9,1
b076,0,0,3,5,3,,,15,17,0,9,1
b076,1,0,0,2,0,,,16,18,0,13,1
b076,1,0,1,3,1,,,17,19,0,15,1
b076,1,0,2,4,2,,,18,20,0,15,1
b076,1,0,3,5,3,,,19,21,0,15,1
b076,1,1,0,2,0,,,16,18,0,13,1
b076,1,1,1,3,1,,,17,19,0,15,1
b076,1,1,2,4,2,,,18,20,0,15,1
b076,1,1,3,5,3,,,19,21,0,15,1
b076,2,0,0,2,0,,,20,22,0,17,1
b076,2,0,1,3,1,,,21,23,0,19,1
b076,2,0,2,4,2,,,22,24,0,19,1
b076,2,0,3,5,3,,,23,25,0,19,1
b076,2,1,0,2,0,,,20,22,0,17,1
b076,2,1,1,3,1,,,21,23,0,19,1
b076,2,1,2,4,2,,,22,24,0,19,1
b076,2,1,3,5,3,,,23,25,0,19,1
b076,2,2,0,2,0,,,20,22,0,17,1
b076,2,2,1,3,1,,,21,23,0,19,1
b076,2,2,2,4,2,,,22,24,0,19,1
b076,2,2,3,5,3,,,23,25,0,19,1
b076,3,0,0,2,0,,,24,26,0,21,1
b076,3,0,1,3,1,,,25,27,0,23,1
b076,3,0,2,4,2,,,26,28,0,23,1
b076,3,0,3,5,3,,,27,29,0,23,1
b076,3,1,0,2,0,,,24,26,0,21,1
b076,3,1,1,3,1,,,25,27,0,23,1
b076,3,1,2,4,2,,,26,28,0,23,1
b076,3,1,3,5,3,,,27,29,0,23,1
b076,3,2,0,2,0,,,24,26,0,21,1
b076,3,2,1,3,1,,,25,27,0,23,1
b076,3,2,2,4,2,,,26,28,0,23,1
b076,3,2,3,5,3,,,27,29,0,23,1
b076,3,3,0,2,0,,,24,26,0,21,1
b076,3,3,1,3,1,,,25,27,0,23,1
b076,3,3,2,4,2,,,26,28,0,23,1
b076,3,3,3,5,3,,,27,29,0,23,1
b077,0,0,0,2,0,,,12,14,0,18,1
b077,0,0,1,3,1,,,13,15,0,21,1
b077,0,0,2,4,2,,,14,16,0,22,1
b077,0,0,3,5,3,,,15,17,0,23,1
b077,1,0,0,3,0,,,16,18,0,24,1
b077,1,0,1,4,1,,,17,19,0,28,1
b077,1,0,2,5,2,,,18,20,0,29,1
b077,1,0,3,6,3,,,19,21,0,30,1
b077,1,1,0,3,0,,,16,18,0,24,1
b077,1,1,1,4,1,,,17,19,0,28,1
b077,1,1,2,5,2,,,18,20,0,29,1
b077,1,1,3,6,3,,,19,21,0,30,1
b077,2,0,0,4,0,,,20,22,0,30,1
b077,2,0,1,5,1,,,21,23,0,35,1
b077,2,0,2,6,2,,,22,24,0,36,1
b077,2,0,3,7,3,,,23,25,0,37,1
b077,2,1,0,4,0,,,20,22,0,30,1
b077,2,1,1,5,1,,,21,23,0,35,1
b077,2,1,2,6,2,,,22,24,0,36,1
b077,2,1,3,7,3,,,23,25,0,37,1
b077,2,2,0,4,0,,,20,22,0,30,1
b077,2,2,1,5,1,,,21,23,0,35,1
b077,2,2,2,6,2,,,22,24,0,36,1
b077,2,2,3,7,3,,,23,25,0,37,1
b077,3,0,0,5,0,,,24,26,0,36,1
b077,3,0,1,6,1,,,25,27,0,42,1
b077,3,0,2,7,2,,,26,28,0,43,1
b077,3,0,3,8,3,,,27,29,0,44,1
b077,3,1,0,5,0,,,24,26,0,36,1
b077,3,1,1,6,1,,,25,27,0,42,1
b077,3,1,2,7,2,,,26,28,0,43,1
b077,3,1,3,8,3,,,27,29,0,44,1
b077,3,2,0,5,0,,,24,26,0,36,1
b077,3,2,1,6,1,,,25,27,0,42,1
b077,3,2,2,7,2,,,26,28,0,43,1
b077,3,2,3,8,3,,,27,29,0,44,1
b077,3,3,0,5,0,,,24,26,0,36,1
b077,3,3,1,6,1,,,25,27,0,42,1
b077,3,3,2,7,2,,,26,28,0,43,1
b077,3,3,3,8,3,,,27,29,0,44,1
b078,0,0,0,2,0,,,12,14,0,8,1
b078,0,0,1,3,1,,,13,15,0,8,1
b078,0,0,2,4,2,,,14,16,0,8,1
b078,0,0,3,5,3,,,15,17,0,8,1
b078,1,0,0,2,0,,,16,18,0,12,1
b078,1,0,1,3,1,,,17,19,0,14,1
b078,1,0,2,4,2,,,18,20,0,14,1
b078,1,0,3,5,3,,,19,21,0,14,1
b078,1,1,0,2,0,,,16,18,0,11,1
b078,1,1,1,3,1,,,17,19,0,14,1
b078,1,1,2,4,2,,,18,20,0,14,1
b078,1,1,3,5,3,,,19,21,0,14,1
b078,2,0,0,2,0,,,20,22,0,16,1
b078,2,0,1,3,1,,,21,23,0,18,1
b078,2,0,2,4,2,,,22,24,0,18,1
b078,2,0,3,5,3,,,23,25,0,18,1
b078,2,1,0,2,0,,,20,22,0,15,1
b078,2,1,1,3,1,,,21,23,0,18,1
b078,2,1,2,4,2,,,22,24,0,18,1
b078,2,1,3,5,3,,,23,25,0,18,1
b078,2,2,0,2,0,,,20,22,0,14,1
b078,2,2,1,3,1,,,21,23,0,18,1
b078,2,2,2,4,2,,,22,24,0,18,1
b078,2,2,3,5,3,,,23,25,0,18,1
b078,3,0,0,2,0,,,24,26,0,20,1
b078,3,0,1,3,1,,,25,27,0,22,1
b078,3,0,2,4,2,,,26,28,0,22,1
b078,3,0,3,5,3,,,27,29,0,22,1
b078,3,1,0,2,0,,,24,26,0,19,1
b078,3,1,1,3,1,,,25,27,0,22,1
b078,3,1,2,4,2,,,26,28,0,22,1
b078,3,1,3,5,3,,,27,29,0,22,1
b078,3,2,0,2,0,,,24,26,0,18,1
b078,3,2,1,3,1,,,25,27,0,22,1
b078,3,2,2,4,2,,,26,28,0,22,1
b078,3,2,3,5,3,,,27,29,0,22,1
b078,3,3,0,2,0,,,24,26,0,17,1
b078,3,3,1,3,1,,,25,27,0,22,1
b078,3,3,2,4,2,,,26,28,0,22,1
b078,3,3,3,5,3,,,27,29,0,22,1
b079,0,0,0,2,0,,,12,14,0,8,1
b079,0,0,1,3,1,,,13,15,0,9,1
b079,0,0,2,4,2,,,14,16,0,9,1
b079,0,0,3,5,3,,,15,17,0,9,1
b079,1,0,0,2,0,,,16,18,0,11,1
b079,1,0,1,3,1,,,17,19,0,15,1
b079,1,0,2,4,2,,,18,20,0,15,1
b079,1,0,3,5,3,,,19,21,0,15,1
b079,1,1,0,2,0,,,16,18,0,10,1
b079,1,1,1,3,1,,,17,19,0,11,1
b079,1,1,2,4,2,,,18,20,0,11,1
b079,1,1,3,5,3,,,19,21,0,11,1
b079,2,0,0,2,0,,,20,22,0,14,1
b079,2,0,1,3,1,,,21,23,0,19,1
b079,2,0,2,4,2,,,22,24,0,19,1
b079,2,0,3,5,3,,,23,25,0,19,1
b079,2,1,0,2,0,,,20,22,0,13,1
b079,2,1,1,3,1,,,21,23,0,19,1
b079,2,1,2,4,2,,,22,24,0,19,1
b079,2,1,3,5,3,,,23,25,0,19,1
b079,2,2,0,2,0,,,20,22,0,12,1
b079,2,2,1,3,1,,,21,23,0,13,1
b079,2,2,2,4,2,,,22,24,0,13,1
b079,2,2,3,5,3,,,23,25,0,13,1
b079,3,0,0,2,0,,,24,26,0,17,1
b079,3,0,1,3,1,,,25,27,0,23,1
b079,3,0,2,4,2,,,26,28,0,23,1
b079,3,0,3,5,3,,,27,29,0,23,1
b079,3,1,0,2,0,,,24,26,0,16,1
b079,3,1,1,3,1,,,25,27,0,23,1
b079,3,1,2,4,2,,,26,28,0,23,1
b079,3,1,3,5,3,,,27,29,0,23,1
b079,3,2,0,2,0,,,24,26,0,15,1
b079,3,2,1,3,1,,,25,27,0,23,1
b079,3,2,2,4,2,,,26,28,0,23,1
b079,3,2,3,5,3,,,27,29,0,23,1
b079,3,3,0,2,0,,,24,26,0,14,1
b079,3,3,1,3,1,,,25,27,0,15,1
b079,3,3,2,4,2,,,26,28,0,15,1
b079,3,3,3,5,3,,,27,29,0,15,1
b080,0,0,0,1,1,,,6,8,0,20,1
b080,0,0,1,2,2,,,7,9,0,24,1
b080,0,0,2,3,3,,,8,10,0,26,1
b080,0,0,3,4,4,,,9,11,0,28,1
b080,1,0,0,2,1,,,8,10,0,27,1
b080,1,0,1,3,2,,,9,11,0,32,1
b080,1,0,2,4,3,,,10,12,0,35,1
b080,1,0,3,5,4,,,11,13,0,37,1
b080,1,1,0,2,1,,,8,10,0,28,1
b080,1,1,1,2,2,,,9,11,0,29,1
b080,1,1,2,3,3,,,10,12,0,33,1
b080,1,1,3,4,4,,,11,13,0,35,1
b080,2,0,0,3,1,,,10,12,0,34,1
b080,2,0,1,4,2,,,11,13,0,40,1
b080,2,0,2,5,3,,,12,14,0,43,1
b080,2,0,3,6,4,,,13,15,0,46,1
b080,2,1,0,3,1,,,10,12,0,36,1
b080,2,1,1,3,2,,,11,13,0,36,1
b080,2,1,2,4,3,,,12,14,0,41,1
b080,2,1,3,5,4,,,13,15,0,44,1
b080,2,2,0,3,1,,,10,12,0,35,1
b080,2,2,1,3,2,,,11,13,0,37,1
b080,2,2,2,3,3,,,12,14,0,38,1
b080,2,2,3,4,4,,,13,15,0,42,1
b080,3,0,0,4,1,,,12,14,0,41,1
b080,3,0,1,5,2,,,13,15,0,48,1
b080,3,0,2,6,3,,,14,16,0,51,1
b080,3,0,3,7,4,,,15,17,0,54,1
b080,3,1,0,4,1,,,12,14,0,44,1
b080,3,1,1,4,2,,,13,15,0,43,1
b080,3,1,2,5,3,,,14,16,0,49,1
b080,3,1,3,6,4,,,15,17,0,52,1
b080,3,2,0,4,1,,,12,14,0,43,1
b080,3,2,1,4,2,,,13,15,0,45,1
b080,3,2,2,4,3,,,14,16,0,45,1
b080,3,2,3,5,4,,,15,17,0,50,1
b080,3,3,0,4,1,,,12,14,0,42,1
b080,3,3,1,4,2,,,13,15,0,44,1
b080,3,3,2,4,3,,,14,16,0,46,1
b080,3,3,3,4,4,,,15,17,0,47,1
b081,0,0,0,1,2,1,1,6,8,1,19,1
b081,0,0,1,2,2,,,7,9,0,23,1
b081,0,0,2,3,3,,,8,10,0,25,1
b081,0,0,3,4,4,,,9,11,0,27,1
b081,1,0,0,3,3,,,8,10,0,27,1
b081,1,0,1,4,3,,,9,11,0,33,1
b081,1,0,2,5,3,,,10,12,0,37,1
b081,1,0,3,6,4,,,11,13,0,39,1
b081,1,1,0,3,2,,,8,10,0,28,1
b081,1,1,1,3,3,,,9,11,0,29,1
b081,1,1,2,4,3,,,10,12,0,34,1
b081,1,1,3,5,4,,,11,13,0,36,1
b081,2,0,0,5,4,,,10,12,0,37,1
b081,2,0,1,6,4,,,11,13,0,45,1
b081,2,0,2,7,4,,,12,14,0,50,1
b081,2,0,3,8,4,,,13,15,0,55,1
b081,2,1,0,5,3,,,10,12,0,39,1
b081,2,1,1,5,4,,,11,13,0,39,1
b081,2,1,2,6,4,,,12,14,0,46,1
b081,2,1,3,7,4,,,13,15,0,51,1
b081,2,2,0,5,2,,,10,12,0,38,1
b081,2,2,1,5,3,,,11,13,0,40,1
b081,2,2,2,5,4,,,12,14,0,41,1
b081,2,2,3,6,4,,,13,15,0,47,1
b081,3,0,0,7,5,,,12,14,0,49,1
b081,3,0,1,8,5,,,13,15,0,59,1
b081,3,0,2,9,5,,,14,16,0,65,1
b081,3,0,3,10,5,,,15,17,0,71,1
b081,3,1,0,7,4,,,12,14,0,52,1
b081,3,1,1,7,5,,,13,15,0,51,1
b081,3,1,2,8,5,,,14,16,0,60,1
b081,3,1,3,9,5,,,15,17,0,66,1
b081,3,2,0,7,3,,,12,14,0,51,1
b081,3,2,1,7,4,,,13,15,0,53,1
b081,3,2,2,7,5,,,14,16,0,53,1
b081,3,2,3,8,5,,,15,17,0,61,1
b081,3,3,0,7,2,,,12,14,0,50,1
b081,3,3,1,7,3,,,13,15,0,52,1
b081,3,3,2,7,4,,,14,16,0,54,1
b081,3,3,3,7,5,,,15,17,0,55,1
b082,0,0,0,1,1,,,12,14,0,31,1
b082,0,0,1,2,2,,,13,15,0,35,1
b082,0,0,2,3,3,,,14,16,0,37,1
b082,0,0,3,4,4,,,15,17,0,39,1
b082,1,0,0,2,1,,,16,18,0,42,1
b082,1,0,1,3,2,,,17,19,0,47,1
b082,1,0,2,4,3,,,18,20,0,50,1
b082,1,0,3,5,4,,,19,21,0,52,1
b082,1,1,0,2,1,,,16,18,0,43,1
b082,1,1,1,2,2,,,17,19,0,44,1
b082,1,1,2,3,3,,,18,20,0,48,1
b082,1,1,3,4,4,,,19,21,0,50,1
b082,2,0,0,3,1,,,20,22,0,53,1
b082,2,0,1,4,2,,,21,23,0,59,1
b082,2,0,2,5,3,,,22,24,0,62,1
b082,2,0,3,6,4,,,23,25,0,65,1
b082,2,1,0,3,1,,,20,22,0,55,1
b082,2,1,1,3,2,,,21,23,0,55,1
b082,2,1,2,4,3,,,22,24,0,60,1
b082,2,1,3,5,4,,,23,25,0,63,1
b082,2,2,0,3,1,,,20,22,0,54,1
b082,2,2,1,3,2,,,21,23,0,56,1
b082,2,2,2,3,3,,,22,24,0,57,1
b082,2,2,3,4,4,,,23,25,0,61,1
b082,3,0,0,4,1,,,24,26,0,64,1
b082,3,0,1,5,2,,,25,27,0,71,1
b082,3,0,2,6,3,,,26,28,0,74,1
b082,3,0,3,7,4,,,27,29,0,77,1
b082,3,1,0,4,1,,,24,26,0,67,1
b082,3,1,1,4,2,,,25,27,0,66,1
b082,3,1,2,5,3,,,26,28,0,72,1
b082,3,1,3,6,4,,,27,29,0,75,1
b082,3,2,0,4,1,,,24,26,0,66,1
b082,3,2,1,4,2,,,25,27,0,68,1
b082,3,2,2,4,3,,,26,28,0,68,1
b082,3,2,3,5,4,,,27,29,0,73,1
b082,3,3,0,4,1,,,24,26,0,65,1
b082,3,3,1,4,2,,,25,27,0,67,1
b082,3,3,2,4,3,,,26,28,0,69,1
b082,3,3,3,4,4,,,27,29,0,70,1
b083,0,0,0,1,2,1,1,12,14,1,32,1
b083,0,0,1,2,2,,,13,15,0,36,1
b083,0,0,2,3,3,,,14,16,0,38,1
b083,0,0,3,4,4,,,15,17,0,40,1
b083,1,0,0,3,2,,,16,18,0,43,1
b083,1,0,1,4,2,,,17,19,0,48,1
b083,1,0,2,5,3,,,18,20,0,51,1
b083,1,0,3,6,4,,,19,21,0,53,1
b083,1,1,0,3,2,,,16,18,0,44,1
b083,1,1,1,3,2,,,17,19,0,45,1
b083,1,1,2,4,3,,,18,20,0,49,1
b083,1,1,3,5,4,,,19,21,0,51,1
b083,2,0,0,4,2,,,20,22,0,54,1
b083,2,0,1,5,2,,,21,23,0,60,1
b083,2,0,2,6,3,,,22,24,0,63,1
b083,2,0,3,7,4,,,23,25,0,66,1
b083,2,1,0,4,2,,,20,22,0,56,1
b083,2,1,1,4,2,,,21,23,0,56,1
b083,2,1,2,5,3,,,22,24,0,61,1
b083,2,1,3,6,4,,,23,25,0,64,1
b083,2,2,0,4,2,,,20,22,0,55,1
b083,2,2,1,4,2,,,21,23,0,57,1
b083,2,2,2,4,3,,,22,24,0,58,1
b083,2,2,3,5,4,,,23,25,0,62,1
b083,3,0,0,5,2,,,24,26,0,65,1
b083,3,0,1,6,2,,,25,27,0,72,1
b083,3,0,2,7,3,,,26,28,0,75,1
b083,3,0,3,8,4,,,27,29,0,78,1
b083,3,1,0,5,2,,,24,26,0,68,1
b083,3,1,1,5,2,,,25,27,0,67,1
b083,3,1,2,6,3,,,26,28,0,73,1
b083,3,1,3,7,4,,,27,29,0,76,1
b083,3,2,0,5,2,,,24,26,0,67,1
b083,3,2,1,5,2,,,25,27,0,69,1
b083,3,2,2,5,3,,,26,28,0,69,1
b083,3,2,3,6,4,,,27,29,0,74,1
b083,3,3,0,5,2,,,24,26,0,66,1
b083,3,3,1,5,2,,,25,27,0,68,1
b083,3,3,2,5,3,,,26,28,0,70,1
b083,3,3,3,5,4,,,27,29,0,71,1
b084,0,0,0,infinity,1,,,6,8,0,26,1
b084,0,0,1,infinity,2,,,7,9,0,28,1
b084,0,0,2,infinity,3,,,8,10,0,30,1
b084,0,0,3,infinity,4,,,9,11,0,32,1
b084,1,0,0,infinity,1,,,8,10,0,53,1
b084,1,0,1,infinity,2,,,9,11,0,53,1
b084,1,0,2,infinity,3,,,10,12,0,60,1
b084,1,0,3,infinity,4,,,11,13,0,63,1
b084,1,1,0,infinity,1,,,8,10,0,52,1
b084,1,1,1,infinity,2,,,9,11,0,54,1
b084,1,1,2,infinity,3,,,10,12,0,58,1
b084,1,1,3,infinity,4,,,11,13,0,64,1
b084,2,0,0,infinity,1,,,10,12,0,76,1
b084,2,0,1,infinity,2,,,11,13,0,75,1
b084,2,0,2,infinity,3,,,12,14,0,84,1
b084,2,0,3,infinity,4,,,13,15,0,87,1
b084,2,1,0,infinity,1,,,10,12,0,75,1
b084,2,1,1,infinity,2,,,11,13,0,77,1
b084,2,1,2,infinity,3,,,12,14,0,81,1
b084,2,1,3,infinity,4,,,13,15,0,89,1
b084,2,2,0,infinity,1,,,10,12,0,74,1
b084,2,2,1,infinity,2,,,11,13,0,76,1
b084,2,2,2,infinity,3,,,12,14,0,82,1
b084,2,2,3,infinity,4,,,13,15,0,87,1
b084,3,0,0,infinity,1,,,12,14,0,102,1
b084,3,0,1,infinity,2,,,13,15,0,100,1
b084,3,0,2,infinity,3,,,14,16,0,111,1
b084,3,0,3,infinity,4,,,15,17,0,114,1
b084,3,1,0,infinity,1,,,12,14,0,101,1
b084,3,1,1,infinity,2,,,13,15,0,103,1
b084,3,1,2,infinity,3,,,14,16,0,107,1
b084,3,1,3,infinity,4,,,15,17,0,117,1
b084,3,2,0,infinity,1,,,12,14,0,100,1
b084,3,2,1,infinity,2,,,13,15,0,102,1
b084,3,2,2,infinity,3,,,14,16,0,109,1
b084,3,2,3,infinity,4,,,15,17,0,114,1
b084,3,3,0,infinity,1,,,12,14,0,99,1
b084,3,3,1,infinity,2,,,13,15,0,101,1
b084,3,3,2,infinity,3,,,14,16,0,108,1
b084,3,3,3,infinity,4,,,15,17,0,115,1
b085,0,0,0,infinity,infinity,,,6,8,0,25,1
b085,0,0,1,infinity,infinity,,,7,9,0,25,1
b085,0,0,2,infinity,infinity,,,8,10,0,25,1
b085,0,0,3,infinity,infinity,,,9,11,0,25,1
b085,1,0,0,infinity,infinity,,,8,10,0,55,1
b085,1,0,1,infinity,infinity,,,9,11,0,55,1
b085,1,0,2,infinity,infinity,,,10,12,0,55,1
b085,1,0,3,infinity,infinity,,,11,13,0,55,1
b085,1,1,0,infinity,infinity,,,8,10,0,54,1
b085,1,1,1,infinity,infinity,,,9,11,0,54,1
b085,1,1,2,infinity,infinity,,,10,12,0,54,1
b085,1,1,3,infinity,infinity,,,11,13,0,54,1
b085,2,0,0,infinity,infinity,,,10,12,0,85,1
b085,2,0,1,infinity,infinity,,,11,13,0,85,1
b085,2,0,2,infinity,infinity,,,12,14,0,85,1
b085,2,0,3,infinity,infinity,,,13,15,0,85,1
b085,2,1,0,infinity,infinity,,,10,12,0,86,1
b085,2,1,1,infinity,infinity,,,11,13,0,86,1
b085,2,1,2,infinity,infinity,,,12,14,0,86,1
b085,2,1,3,infinity,infinity,,,13,15,0,86,1
b085,2,2,0,infinity,infinity,,,10,12,0,84,1
b085,2,2,1,infinity,infinity,,,11,13,0,84,1
b085,2,2,2,infinity,infinity,,,12,14,0,84,1
b085,2,2,3,infinity,infinity,,,13,15,0,84,1
b085,3,0,0,infinity,infinity,,,12,14,0,121,1
b085,3,0,1,infinity,infinity,,,13,15,0,121,1
b085,3,0,2,infinity,infinity,,,14,16,0,121,1
b085,3,0,3,infinity,infinity,,,15,17,0,121,1
b085,3,1,0,infinity,infinity,,,12,14,0,122,1
b085,3,1,1,infinity,infinity,,,13,15,0,122,1
b085,3,1,2,infinity,infinity,,,14,16,0,122,1
b085,3,1,3,infinity,infinity,,,15,17,0,122,1
b085,3,2,0,infinity,infinity,,,12,14,0,123,1
b085,3,2,1,infinity,infinity,,,13,15,0,123,1
b085,3,2,2,infinity,infinity,,,14,16,0,123,1
b085,3,2,3,infinity,infinity,,,15,17,0,123,1
b085,3,3,0,infinity,infinity,,,12,14,0,120,1
b085,3,3,1,infinity,infinity,,,13,15,0,120,1
b085,3,3,2,infinity,infinity,,,14,16,0,120,1
b085,3,3,3,infinity,infinity,,,15,17,0,120,1
b086,0,0,0,infinity,1,,,12,14,0,44,1
b086,0,0,1,infinity,2,,,13,15,0,44,1
b086,0,0,2,infinity,3,,,14,16,0,46,1
b086,0,0,3,infinity,4,,,15,17,0,48,1
b086,1,0,0,infinity,1,,,16,18,0,89,1
b086,1,0,1,infinity,2,,,17,19,0,93,1
b086,1,0,2,infinity,3,,,18,20,0,93,1
b086,1,0,3,infinity,4,,,19,21,0,100,1
b086,1,1,0,infinity,1,,,16,18,0,87,1
b086,1,1,1,infinity,2,,,17,19,0,92,1
b086,1,1,2,infinity,3,,,18,20,0,94,1
b086,1,1,3,infinity,4,,,19,21,0,98,1
b086,2,0,0,infinity,1,,,20,22,0,131,1
b086,2,0,1,infinity,2,,,21,23,0,136,1
b086,2,0,2,infinity,3,,,22,24,0,135,1
b086,2,0,3,infinity,4,,,23,25,0,144,1
b086,2,1,0,infinity,1,,,20,22,0,130,1
b086,2,1,1,infinity,2,,,21,23,0,135,1
b086,2,1,2,infinity,3,,,22,24,0,137,1
b086,2,1,3,infinity,4,,,23,25,0,141,1
b086,2,2,0,infinity,1,,,20,22,0,127,1
b086,2,2,1,infinity,2,,,21,23,0,134,1
b086,2,2,2,infinity,3,,,22,24,0,136,1
b086,2,2,3,infinity,4,,,23,25,0,142,1
b086,3,0,0,infinity,1,,,24,26,0,180,1
b086,3,0,1,infinity,2,,,25,27,0,186,1
b086,3,0,2,infinity,3,,,26,28,0,184,1
b086,3,0,3,infinity,4,,,27,29,0,195,1
b086,3,1,0,infinity,1,,,24,26,0,179,1
b086,3,1,1,infinity,2,,,25,27,0,185,1
b086,3,1,2,infinity,3,,,26,28,0,187,1
b086,3,1,3,infinity,4,,,27,29,0,191,1
b086,3,2,0,infinity,1,,,24,26,0,178,1
b086,3,2,1,infinity,2,,,25,27,0,184,1
b086,3,2,2,infinity,3,,,26,28,0,186,1
b086,3,2,3,infinity,4,,,27,29,0,193,1
b086,3,3,0,infinity,1,,,24,26,0,174,1
b086,3,3,1,infinity,2,,,25,27,0,183,1
b086,3,3,2,infinity,3,,,26,28,0,185,1
b086,3,3,3,infinity,4,,,27,29,0,192,1
b087,0,0,0,infinity,2,,,12,14,0,44,1
b087,0,0,1,infinity,3,,,13,15,0,46,1
b087,0,0,2,infinity,4,,,14,16,0,48,1
b087,0,0,3,infinity,5,,,15,17,0,50,1
b087,1,0,0,infinity,2,,,16,18,0,93,1
b087,1,0,1,infinity,3,,,17,19,0,93,1
b087,1,0,2,infinity,4,,,18,20,0,100,1
b087,1,0,3,infinity,5,,,19,21,0,103,1
b087,1,1,0,infinity,2,,,16,18,0,92,1
b087,1,1,1,infinity,3,,,17,19,0,94,1
b087,1,1,2,infinity,4,,,18,20,0,98,1
b087,1,1,3,infinity,5,,,19,21,0,104,1
b087,2,0,0,infinity,2,,,20,22,0,136,1
b087,2,0,1,infinity,3,,,21,23,0,135,1
b087,2,0,2,infinity,4,,,22,24,0,144,1
b087,2,0,3,infinity,5,,,23,25,0,147,1
b087,2,1,0,infinity,2,,,20,22,0,135,1
b087,2,1,1,infinity,3,,,21,23,0,137,1
b087,2,1,2,infinity,4,,,22,24,0,141,1
b087,2,1,3,infinity,5,,,23,25,0,149,1
b087,2,2,0,infinity,2,,,20,22,0,134,1
b087,2,2,1,infinity,3,,,21,23,0,136,1
b087,2,2,2,infinity,4,,,22,24,0,142,1
b087,2,2,3,infinity,5,,,23,25,0,147,1
b087,3,0,0,infinity,2,,,24,26,0,186,1
b087,3,0,1,infinity,3,,,25,27,0,184,1
b087,3,0,2,infinity,4,,,26,28,0,195,1
b087,3,0,3,infinity,5,,,27,29,0,198,1
b087,3,1,0,infinity,2,,,24,26,0,185,1
b087,3,1,1,infinity,3,,,25,27,0,187,1
b087,3,1,2,infinity,4,,,26,28,0,191,1
b087,3,1,3,infinity,5,,,27,29,0,201,1
b087,3,2,0,infinity,2,,,24,26,0,184,1
b087,3,2,1,infinity,3,,,25,27,0,186,1
b087,3,2,2,infinity,4,,,26,28,0,193,1
b087,3,2,3,infinity,5,,,27,29,0,198,1
b087,3,3,0,infinity,2,,,24,26,0,183,1
b087,3,3,1,infinity,3,,,25,27,0,185,1
b087,3,3,2,infinity,4,,,26,28,0,192,1
b087,3,3,3,infinity,5,,,27,29,0,199,1
b088,0,0,0,2,1,,,12,14,0,32,1
b088,0,0,1,2,2,,,13,15,0,32,1
b088,0,0,2,3,3,,,14,16,0,36,1
b088,0,0,3,4,4,,,15,17,0,38,1
b088,1,0,0,3,1,,,16,18,0,44,1
b088,1,0,1,3,2,,,17,19,0,43,1
b088,1,0,2,4,3,,,18,20,0,48,1
b088,1,0,3,5,4,,,19,21,0,51,1
b088,1,1,0,3,1,,,16,18,0,43,1
b088,1,1,1,3,2,,,17,19,0,44,1
b088,1,1,2,3,3,,,18,20,0,45,1
b088,1,1,3,4,4,,,19,21,0,49,1
b088,2,0,0,4,1,,,20,22,0,56,1
b088,2,0,1,4,2,,,21,23,0,54,1
b088,2,0,2,5,3,,,22,24,0,60,1
b088,2,0,3,6,4,,,23,25,0,63,1
b088,2,1,0,4,1,,,20,22,0,55,1
b088,2,1,1,4,2,,,21,23,0,56,1
b088,2,1,2,4,3,,,22,24,0,56,1
b088,2,1,3,5,4,,,23,25,0,61,1
b088,2,2,0,4,1,,,20,22,0,54,1
b088,2,2,1,4,2,,,21,23,0,55,1
b088,2,2,2,4,3,,,22,24,0,57,1
b088,2,2,3,4,4,,,23,25,0,58,1
b088,3,0,0,5,1,,,24,26,0,68,1
b088,3,0,1,5,2,,,25,27,0,65,1
b088,3,0,2,6,3,,,26,28,0,72,1
b088,3,0,3,7,4,,,27,29,0,75,1
b088,3,1,0,5,1,,,24,26,0,67,1
b088,3,1,1,5,2,,,25,27,0,68,1
b088,3,1,2,5,3,,,26,28,0,67,1
b088,3,1,3,6,4,,,27,29,0,73,1
b088,3,2,0,5,1,,,24,26,0,66,1
b088,3,2,1,5,2,,,25,27,0,67,1
b088,3,2,2,5,3,,,26,28,0,69,1
b088,3,2,3,5,4,,,27,29,0,69,1
b088,3,3,0,5,1,,,24,26,0,65,1
b088,3,3,1,5,2,,,25,27,0,66,1
b088,3,3,2,5,3,,,26,28,0,68,1
b088,3,3,3,5,4,,,27,29,0,70,1
b089,0,0,0,2,2,,,12,14,0,31,1
b089,0,0,1,2,3,2,2,13,15,1,31,1
b089,0,0,2,3,3,,,14,16,0,35,1
b089,0,0,3,4,4,,,15,17,0,37,1
b089,1,0,0,4,3,,,16,18,0,45,1
b089,1,0,1,4,4,,,17,19,0,43,1
b089,1,0,2,5,4,,,18,20,0,49,1
b089,1,0,3,6,4,,,19,21,0,53,1
b089,1,1,0,4,2,,,16,18,0,44,1
b089,1,1,1,4,3,,,17,19,0,44,1
b089,1,1,2,4,4,,,18,20,0,45,1
b089,1,1,3,5,4,,,19,21,0,50,1
b089,2,0,0,6,4,,,20,22,0,61,1
b089,2,0,1,6,5,,,21,23,0,57,1
b089,2,0,2,7,5,,,22,24,0,65,1
b089,2,0,3,8,5,,,23,25,0,70,1
b089,2,1,0,6,3,,,20,22,0,60,1
b089,2,1,1,6,4,,,21,23,0,59,1
b089,2,1,2,6,5,,,22,24,0,59,1
b089,2,1,3,7,5,,,23,25,0,66,1
b089,2,2,0,6,2,,,20,22,0,59,1
b089,2,2,1,6,3,,,21,23,0,58,1
b089,2,2,2,6,4,,,22,24,0,60,1
b089,2,2,3,6,5,,,23,25,0,61,1
b089,3,0,0,8,5,,,24,26,0,79,1
b089,3,0,1,8,6,,,25,27,0,73,1
b089,3,0,2,9,6,,,26,28,0,83,1
b089,3,0,3,10,6,,,27,29,0,89,1
b089,3,1,0,8,4,,,24,26,0,78,1
b089,3,1,1,8,5,,,25,27,0,76,1
b089,3,1,2,8,6,,,26,28,0,75,1
b089,3,1,3,9,6,,,27,29,0,84,1
b089,3,2,0,8,3,,,24,26,0,77,1
b089,3,2,1,8,4,,,25,27,0,75,1
b089,3,2,2,8,5,,,26,28,0,77,1
b089,3,2,3,8,6,,,27,29,0,77,1
b089,3,3,0,8,2,,,24,26,0,76,1
b089,3,3,1,8,3,,,25,27,0,74,1
b089,3,3,2,8,4,,,26,28,0,76,1
b089,3,3,3,8,5,,,27,29,0,78,1
b090,0,0,0,2,1,,,12,14,0,32,1
b090,0,0,1,2,2,,,13,15,0,32,1
b090,0,0,2,3,3,,,14,16,0,36,1
b090,0,0,3,4,4,,,15,17,0,38,1
b090,1,0,0,3,1,,,16,18,0,44,1
b090,1,0,1,3,2,,,17,19,0,43,1
b090,1,0,2,4,3,,,18,20,0,48,1
b090,1,0,3,5,4,,,19,21,0,51,1
b090,1,1,0,3,1,,,16,18,0,43,1
b090,1,1,1,3,2,,,17,19,0,44,1
b090,1,1,2,3,3,,,18,20,0,45,1
b090,1,1,3,4,4,,,19,21,0,49,1
b090,2,0,0,4,1,,,20,22,0,56,1
b090,2,0,1,4,2,,,21,23,0,54,1
b090,2,0,2,5,3,,,22,24,0,60,1
b090,2,0,3,6,4,,,23,25,0,63,1
b090,2,1,0,4,1,,,20,22,0,55,1
b090,2,1,1,4,2,,,21,23,0,56,1
b090,2,1,2,4,3,,,22,24,0,56,1
b090,2,1,3,5,4,,,23,25,0,61,1
b090,2,2,0,4,1,,,20,22,0,54,1
b090,2,2,1,4,2,,,21,23,0,55,1
b090,2,2,2,4,3,,,22,24,0,57,1
b090,2,2,3,4,4,,,23,25,0,58,1
b090,3,0,0,5,1,,,24,26,0,68,1
b090,3,0,1,5,2,,,25,27,0,65,1
b090,3,0,2,6,3,,,26,28,0,72,1
b090,3,0,3,7,4,,,27,29,0,75,1
b090,3,1,0,5,1,,,24,26,0,67,1
b090,3,1,1,5,2,,,25,27,0,68,1
b090,3,1,2,5,3,,,26,28,0,67,1
b090,3,1,3,6,4,,,27,29,0,73,1
b090,3,2,0,5,1,,,24,26,0,66,1
b090,3,2,1,5,2,,,25,27,0,67,1
b090,3,2,2,5,3,,,26,28,0,69,1
b090,3,2,3,5,4,,,27,29,0,69,1
b090,3,3,0,5,1,,,24,26,0,65,1
b090,3,3,1,5,2,,,25,27,0,66,1
b090,3,3,2,5,3,,,26,28,0,68,1
b090,3,3,3,5,4,,,27,29,0,70,1
b091,0,0,0,2,2,,,12,14,0,32,1
b091,0,0,1,2,3,2,2,13,15,1,32,1
b091,0,0,2,3,3,,,14,16,0,36,1
b091,0,0,3,4,4,,,15,17,0,38,1
b091,1,0,0,4,2,,,16,18,0,44,1
b091,1,0,1,4,3,,,17,19,0,43,1
b091,1,0,2,5,3,,,18,20,0,48,1
b091,1,0,3,6,4,,,19,21,0,51,1
b091,1,1,0,4,2,,,16,18,0,43,1
b091,1,1,1,4,3,,,17,19,0,44,1
b091,1,1,2,4,3,,,18,20,0,45,1
b091,1,1,3,5,4,,,19,21,0,49,1
b091,2,0,0,5,2,,,20,22,0,56,1
b091,2,0,1,5,3,,,21,23,0,54,1
b091,2,0,2,6,3,,,22,24,0,60,1
b091,2,0,3,7,4,,,23,25,0,63,1
b091,2,1,0,5,2,,,20,22,0,55,1
b091,2,1,1,5,3,,,21,23,0,56,1
b091,2,1,2,5,3,,,22,24,0,56,1
b091,2,1,3,6,4,,,23,25,0,61,1
b091,2,2,0,5,2,,,20,22,0,54,1
b091,2,2,1,5,3,,,21,23,0,55,1
b091,2,2,2,5,3,,,22,24,0,57,1
b091,2,2,3,5,4,,,23,25,0,58,1
b091,3,0,0,6,2,,,24,26,0,68,1
b091,3,0,1,6,3,,,25,27,0,65,1
b091,3,0,2,7,3,,,26,28,0,72,1
b091,3,0,3,8,4,,,27,29,0,75,1
b091,3,1,0,6,2,,,24,26,0,67,1
b091,3,1,1,6,3,,,25,27,0,68,1
b091,3,1,2,6,3,,,26,28,0,67,1
b091,3,1,3,7,4,,,27,29,0,73,1
b091,3,2,0,6,2,,,24,26,0,66,1
b091,3,2,1,6,3,,,25,27,0,67,1
b091,3,2,2,6,3,,,26,28,0,69,1
b091,3,2,3,6,4,,,27,29,0,69,1
b091,3,3,0,6,2,,,24,26,0,65,1
b091,3,3,1,6,3,,,25,27,0,66,1
b091,3,3,2,6,3,,,26,28,0,68,1
b091,3,3,3,6,4,,,27,29,0,70,1
b092,0,0,0,2,1,,,12,14,0,32,1
b092,0,0,1,3,2,,,13,15,0,36,1
b092,0,0,2,4,3,,,14,16,0,38,1
b092,0,0,3,5,4,,,15,17,0,40,1
b092,1,0,0,3,1,,,16,18,0,43,1
b092,1,0,1,4,2,,,17,19,0,48,1
b092,1,0,2,5,3,,,18,20,0,51,1
b092,1,0,3,6,4,,,19,21,0,53,1
b092,1,1,0,3,1,,,16,18,0,44,1
b092,1,1,1,3,2,,,17,19,0,45,1
b092,1,1,2,4,3,,,18,20,0,49,1
b092,1,1,3,5,4,,,19,21,0,51,1
b092,2,0,0,4,1,,,20,22,0,54,1
b092,2,0,1,5,2,,,21,23,0,60,1
b092,2,0,2,6,3,,,22,24,0,63,1
b092,2,0,3,7,4,,,23,25,0,66,1
b092,2,1,0,4,1,,,20,22,0,56,1
b092,2,1,1,4,2,,,21,23,0,56,1
b092,2,1,2,5,3,,,22,24,0,61,1
b092,2,1,3,6,4,,,23,25,0,64,1
b092,2,2,0,4,1,,,20,22,0,55,1
b092,2,2,1,4,2,,,21,23,0,57,1
b092,2,2,2,4,3,,,22,24,0,58,1
b092,2,2,3,5,4,,,23,25,0,62,1
b092,3,0,0,5,1,,,24,26,0,65,1
b092,3,0,1,6,2,,,25,27,0,72,1
b092,3,0,2,7,3,,,26,28,0,75,1
b092,3,0,3,8,4,,,27,29,0,78,1
b092,3,1,0,5,1,,,24,26,0,68,1
b092,3,1,1,5,2,,,25,27,0,67,1
b092,3,1,2,6,3,,,26,28,0,73,1
b092,3,1,3,7,4,,,27,29,0,76,1
b092,3,2,0,5,1,,,24,26,0,67,1
b092,3,2,1,5,2,,,25,27,0,69,1
b092,3,2,2,5,3,,,26,28,0,69,1
b092,3,2,3,6,4,,,27,29,0,74,1
b092,3,3,0,5,1,,,24,26,0,66,1
b092,3,3,1,5,2,,,25,27,0,68,1
b092,3,3,2,5,3,,,26,28,0,70,1
b092,3,3,3,5,4,,,27,29,0,71,1
b093,0,0,0,2,3,2,2,12,14,1,31,1
b093,0,0,1,3,3,,,13,15,0,35,1
b093,0,0,2,4,4,,,14,16,0,37,1
b093,0,0,3,5,5,,,15,17,0,39,1
b093,1,0,0,4,4,,,16,18,0,43,1
b093,1,0,1,5,4,,,17,19,0,49,1
b093,1,0,2,6,4,,,18,20,0,53,1
b093,1,0,3,7,5,,,19,21,0,55,1
b093,1,1,0,4,3,,,16,18,0,44,1
b093,1,1,1,4,4,,,17,19,0,45,1
b093,1,1,2,5,4,,,18,20,0,50,1
b093,1,1,3,6,5,,,19,21,0,52,1
b093,2,0,0,6,5,,,20,22,0,57,1
b093,2,0,1,7,5,,,21,23,0,65,1
b093,2,0,2,8,5,,,22,24,0,70,1
b093,2,0,3,9,5,,,23,25,0,75,1
b093,2,1,0,6,4,,,20,22,0,59,1
b093,2,1,1,6,5,,,21,23,0,59,1
b093,2,1,2,7,5,,,22,24,0,66,1
b093,2,1,3,8,5,,,23,25,0,71,1
b093,2,2,0,6,3,,,20,22,0,58,1
b093,2,2,1,6,4,,,21,23,0,60,1
b093,2,2,2,6,5,,,22,24,0,61,1
b093,2,2,3,7,5,,,23,25,0,67,1
b093,3,0,0,8,6,,,24,26,0,73,1
b093,3,0,1,9,6,,,25,27,0,83,1
b093,3,0,2,10,6,,,26,28,0,89,1
b093,3,0,3,11,6,,,27,29,0,95,1
b093,3,1,0,8,5,,,24,26,0,76,1
b093,3,1,1,8,6,,,25,27,0,75,1
b093,3,1,2,9,6,,,26,28,0,84,1
b093,3,1,3,10,6,,,27,29,0,90,1
b093,3,2,0,8,4,,,24,26,0,75,1
b093,3,2,1,8,5,,,25,27,0,77,1
b093,3,2,2,8,6,,,26,28,0,77,1
b093,3,2,3,9,6,,,27,29,0,85,1
b093,3,3,0,8,3,,,24,26,0,74,1
b093,3,3,1,8,4,,,25,27,0,76,1
b093,3,3,2,8,5,,,26,28,0,78,1
b093,3,3,3,8,6,,,27,29,0,79,1
b094,0,0,0,2,1,,,12,14,0,31,1
b094,0,0,1,3,2,,,13,15,0,35,1
b094,0,0,2,4,3,,,14,16,0,37,1
b094,0,0,3,5,4,,,15,17,0,39,1
b094,1,0,0,3,1,,,16,18,0,42,1
b094,1,0,1,4,2,,,17,19,0,47,1
b094,1,0,2,5,3,,,18,20,0,50,1
b094,1,0,3,6,4,,,19,21,0,52,1
b094,1,1,0,3,1,,,16,18,0,43,1
b094,1,1,1,3,2,,,17,19,0,44,1
b094,1,1,2,4,3,,,18,20,0,48,1
b094,1,1,3,5,4,,,19,21,0,50,1
b094,2,0,0,4,1,,,20,22,0,53,1
b094,2,0,1,5,2,,,21,23,0,59,1
b094,2,0,2,6,3,,,22,24,0,62,1
b094,2,0,3,7,4,,,23,25,0,65,1
b094,2,1,0,4,1,,,20,22,0,55,1
b094,2,1,1,4,2,,,21,23,0,55,1
b094,2,1,2,5,3,,,22,24,0,60,1
b094,2,1,3,6,4,,,23,25,0,63,1
b094,2,2,0,4,1,,,20,22,0,54,1
b094,2,2,1,4,2,,,21,23,0,56,1
b094,2,2,2,4,3,,,22,24,0,57,1
b094,2,2,3,5,4,,,23,25,0,61,1
b094,3,0,0,5,1,,,24,26,0,64,1
b094,3,0,1,6,2,,,25,27,0,71,1
b094,3,0,2,7,3,,,26,28,0,74,1
b094,3,0,3,8,4,,,27,29,0,77,1
b094,3,1,0,5,1,,,24,26,0,67,1
b094,3,1,1,5,2,,,25,27,0,66,1
b094,3,1,2,6,3,,,26,28,0,72,1
b094,3,1,3,7,4,,,27,29,0,75,1
b094,3,2,0,5,1,,,24,26,0,66,1
b094,3,2,1,5,2,,,25,27,0,68,1
b094,3,2,2,5,3,,,26,28,0,68,1
b094,3,2,3,6,4,,,27,29,0,73,1
b094,3,3,0,5,1,,,24,26,0,65,1
b094,3,3,1,5,2,,,25,27,0,67,1
b094,3,3,2,5,3,,,26,28,0,69,1
b094,3,3,3,5,4,,,27,29,0,70,1
b095,0,0,0,2,2,,,12,14,0,32,1
b095,0,0,1,3,3,,,13,15,0,36,1
b095,0,0,2,4,4,,,14,16,0,38,1
b095,0,0,3,5,5,,,15,17,0,40,1
b095,1,0,0,3,2,,,16,18,0,43,1
b095,1,0,1,4,3,,,17,19,0,48,1
b095,1,0,2,5,4,,,18,20,0,51,1
b095,1,0,3,6,5,,,19,21,0,53,1
b095,1,1,0,3,2,,,16,18,0,44,1
b095,1,1,1,3,3,,,17,19,0,45,1
b095,1,1,2,4,4,,,18,20,0,49,1
b095,1,1,3,5,5,,,19,21,0,51,1
b095,2,0,0,4,2,,,20,22,0,54,1
b095,2,0,1,5,3,,,21,23,0,60,1
b095,2,0,2,6,4,,,22,24,0,63,1
b095,2,0,3,7,5,,,23,25,0,66,1
b095,2,1,0,4,2,,,20,22,0,56,1
b095,2,1,1,4,3,,,21,23,0,56,1
b095,2,1,2,5,4,,,22,24,0,61,1
b095,2,1,3,6,5,,,23,25,0,64,1
b095,2,2,0,4,2,,,20,22,0,55,1
b095,2,2,1,4,3,,,21,23,0,57,1
b095,2,2,2,4,4,,,22,24,0,58,1
b095,2,2,3,5,5,,,23,25,0,62,1
b095,3,0,0,5,2,,,24,26,0,65,1
b095,3,0,1,6,3,,,25,27,0,72,1
b095,3,0,2,7,4,,,26,28,0,75,1
b095,3,0,3,8,5,,,27,29,0,78,1
b095,3,1,0,5,2,,,24,26,0,68,1
b095,3,1,1,5,3,,,25,27,0,67,1
b095,3,1,2,6,4,,,26,28,0,73,1
b095,3,1,3,7,5,,,27,29,0,76,1
b095,3,2,0,5,2,,,24,26,0,67,1
b095,3,2,1,5,3,,,25,27,0,69,1
b095,3,2,2,5,4,,,26,28,0,69,1
b095,3,2,3,6,5,,,27,29,0,74,1
b095,3,3,0,5,2,,,24,26,0,66,1
b095,3,3,1,5,3,,,25,27,0,68,1
b095,3,3,2,5,4,,,26,28,0,70,1
b095,3,3,3,5,5,,,27,29,0,71,1
b096,0,0,0,1,1,,,12,14,0,8,1
b096,0,0,1,2,1,,,13,15,0,9,1
b096,0,0,2,3,2,,,14,16,0,10,1
b096,0,0,3,4,3,,,15,17,0,10,1
b096,1,0,0,2,1,,,16,18,0,14,1
b096,1,0,1,2,1,,,17,19,0,11,1
b096,1,0,2,3,2,,,18,20,0,17,1
b096,1,0,3,4,3,,,19,21,0,17,1
b096,1,1,0,2,1,,,16,18,0,15,1
b096,1,1,1,2,1,,,17,19,0,10,1
b096,1,1,2,3,2,,,18,20,0,12,1
b096,1,1,3,4,3,,,19,21,0,12,1
b096,2,0,0,2,1,,,20,22,0,18,1
b096,2,0,1,2,1,,,21,23,0,13,1
b096,2,0,2,3,2,,,22,24,0,21,1
b096,2,0,3,4,3,,,23,25,0,21,1
b096,2,1,0,2,1,,,20,22,0,19,1
b096,2,1,1,2,1,,,21,23,0,12,1
b096,2,1,2,3,2,,,22,24,0,21,1
b096,2,1,3,4,3,,,23,25,0,21,1
b096,2,2,0,2,1,,,20,22,0,19,1
b096,2,2,1,2,1,,,21,23,0,12,1
b096,2,2,2,3,2,,,22,24,0,14,1
b096,2,2,3,4,3,,,23,25,0,14,1
b096,3,0,0,2,1,,,24,26,0,22,1
b096,3,0,1,2,1,,,25,27,0,15,1
b096,3,0,2,3,2,,,26,28,0,25,1
b096,3,0,3,4,3,,,27,29,0,25,1
b096,3,1,0,2,1,,,24,26,0,23,1
b096,3,1,1,2,1,,,25,27,0,14,1
b096,3,1,2,3,2,,,26,28,0,25,1
b096,3,1,3,4,3,,,27,29,0,25,1
b096,3,2,0,2,1,,,24,26,0,23,1
b096,3,2,1,2,1,,,25,27,0,14,1
b096,3,2,2,3,2,,,26,28,0,25,1
b096,3,2,3,4,3,,,27,29,0,25,1
b096,3,3,0,2,1,,,24,26,0,23,1
b096,3,3,1,2,1,,,25,27,0,14,1
b096,3,3,2,3,2,,,26,28,0,16,1
b096,3,3,3,4,3,,,27,29,0,16,1
b097,0,0,0,1,1,,,12,14,0,19,1
b097,0,0,1,2,1,,,13,15,0,22,1
b097,0,0,2,3,2,,,14,16,0,23,1
b097,0,0,3,4,3,,,15,17,0,24,1
b097,1,0,0,3,1,,,16,18,0,27,1
b097,1,0,1,3,1,,,17,19,0,29,1
b097,1,0,2,4,2,,,18,20,0,32,1
b097,1,0,3,5,3,,,19,21,0,33,1
b097,1,1,0,3,1,,,16,18,0,28,1
b097,1,1,1,3,1,,,17,19,0,28,1
b097,1,1,2,4,2,,,18,20,0,32,1
b097,1,1,3,5,3,,,19,21,0,33,1
b097,2,0,0,4,1,,,20,22,0,34,1
b097,2,0,1,4,1,,,21,23,0,36,1
b097,2,0,2,5,2,,,22,24,0,40,1
b097,2,0,3,6,3,,,23,25,0,41,1
b097,2,1,0,4,1,,,20,22,0,35,1
b097,2,1,1,4,1,,,21,23,0,35,1
b097,2,1,2,5,2,,,22,24,0,40,1
b097,2,1,3,6,3,,,23,25,0,41,1
b097,2,2,0,4,1,,,20,22,0,35,1
b097,2,2,1,4,1,,,21,23,0,35,1
b097,2,2,2,5,2,,,22,24,0,40,1
b097,2,2,3,6,3,,,23,25,0,41,1
b097,3,0,0,5,1,,,24,26,0,41,1
b097,3,0,1,5,1,,,25,27,0,43,1
b097,3,0,2,6,2,,,26,28,0,48,1
b097,3,0,3,7,3,,,27,29,0,49,1
b097,3,1,0,5,1,,,24,26,0,42,1
b097,3,1,1,5,1,,,25,27,0,42,1
b097,3,1,2,6,2,,,26,28,0,48,1
b097,3,1,3,7,3,,,27,29,0,49,1
b097,3,2,0,5,1,,,24,26,0,42,1
b097,3,2,1,5,1,,,25,27,0,42,1
b097,3,2,2,6,2,,,26,28,0,48,1
b097,3,2,3,7,3,,,27,29,0,49,1
b097,3,3,0,5,1,,,24,26,0,42,1
b097,3,3,1,5,1,,,25,27,0,42,1
b097,3,3,2,6,2,,,26,28,0,48,1
b097,3,3,3,7,3,,,27,29,0,49,1
b098,0,0,0,1,1,,,12,14,0,7,1
b098,0,0,1,2,1,,,13,15,0,8,1
b098,0,0,2,3,2,,,14,16,0,9,1
b098,0,0,3,4,3,,,15,17,0,9,1
b098,1,0,0,2,1,,,16,18,0,13,1
b098,1,0,1,2,1,,,17,19,0,10,1
b098,1,0,2,3,2,,,18,20,0,16,1
b098,1,0,3,4,3,,,19,21,0,16,1
b098,1,1,0,2,1,,,16,18,0,14,1
b098,1,1,1,2,1,,,17,19,0,9,1
b098,1,1,2,3,2,,,18,20,0,11,1
b098,1,1,3,4,3,,,19,21,0,11,1
b098,2,0,0,2,1,,,20,22,0,17,1
b098,2,0,1,2,1,,,21,23,0,12,1
b098,2,0,2,3,2,,,22,24,0,20,1
b098,2,0,3,4,3,,,23,25,0,20,1
b098,2,1,0,2,1,,,20,22,0,18,1
b098,2,1,1,2,1,,,21,23,0,11,1
b098,2,1,2,3,2,,,22,24,0,20,1
b098,2,1,3,4,3,,,23,25,0,20,1
b098,2,2,0,2,1,,,20,22,0,18,1
b098,2,2,1,2,1,,,21,23,0,11,1
b098,2,2,2,3,2,,,22,24,0,13,1
b098,2,2,3,4,3,,,23,25,0,13,1
b098,3,0,0,2,1,,,24,26,0,21,1
b098,3,0,1,2,1,,,25,27,0,15,1
b098,3,0,2,3,2,,,26,28,0,24,1
b098,3,0,3,4,3,,,27,29,0,24,1
b098,3,1,0,2,1,,,24,26,0,22,1
b098,3,1,1,2,1,,,25,27,0,14,1
b098,3,1,2,3,2,,,26,28,0,24,1
b098,3,1,3,4,3,,,27,29,0,24,1
b098,3,2,0,2,1,,,24,26,0,22,1
b098,3,2,1,2,1,,,25,27,0,13,1
b098,3,2,2,3,2,,,26,28,0,24,1
b098,3,2,3,4,3,,,27,29,0,24,1
b098,3,3,0,2,1,,,24,26,0,22,1
b098,3,3,1,2,1,,,25,27,0,13,1
b098,3,3,2,3,2,,,26,28,0,15,1
b098,3,3,3,4,3,,,27,29,0,15,1
b099,0,0,0,1,1,,,12,14,0,9,1
b099,0,0,1,2,1,,,13,15,0,11,1
b099,0,0,2,3,2,,,14,16,0,11,1
b099,0,0,3,4,3,,,15,17,0,11,1
b099,1,0,0,3,1,,,16,18,0,16,1
b099,1,0,1,3,1,,,17,19,0,17,1
b099,1,0,2,4,2,,,18,20,0,18,1
b099,1,0,3,5,3,,,19,21,0,18,1
b099,1,1,0,3,1,,,16,18,0,17,1
b099,1,1,1,3,1,,,17,19,0,16,1
b099,1,1,2,4,2,,,18,20,0,18,1
b099,1,1,3,5,3,,,19,21,0,18,1
b099,2,0,0,3,1,,,20,22,0,20,1
b099,2,0,1,3,1,,,21,23,0,21,1
b099,2,0,2,4,2,,,22,24,0,22,1
b099,2,0,3,5,3,,,23,25,0,22,1
b099,2,1,0,3,1,,,20,22,0,21,1
b099,2,1,1,3,1,,,21,23,0,20,1
b099,2,1,2,4,2,,,22,24,0,22,1
b099,2,1,3,5,3,,,23,25,0,22,1
b099,2,2,0,3,1,,,20,22,0,21,1
b099,2,2,1,3,1,,,21,23,0,20,1
b099,2,2,2,4,2,,,22,24,0,22,1
b099,2,2,3,5,3,,,23,25,0,22,1
b099,3,0,0,3,1,,,24,26,0,24,1
b099,3,0,1,3,1,,,25,27,0,25,1
b099,3,0,2,4,2,,,26,28,0,26,1
b099,3,0,3,5,3,,,27,29,0,26,1
b099,3,1,0,3,1,,,24,26,0,25,1
b099,3,1,1,3,1,,,25,27,0,24,1
b099,3,1,2,4,2,,,26,28,0,26,1
b099,3,1,3,5,3,,,27,29,0,26,1
b099,3,2,0,3,1,,,24,26,0,25,1
b099,3,2,1,3,1,,,25,27,0,24,1
b099,3,2,2,4,2,,,26,28,0,26,1
b099,3,2,3,5,3,,,27,29,0,26,1
b099,3,3,0,3,1,,,24,26,0,25,1
b099,3,3,1,3,1,,,25,27,0,24,1
b099,3,3,2,4,2,,,26,28,0,26,1
b099,3,3,3,5,3,,,27,29,0,26,1
b100,0,0,0,infinity,1,,,12,14,0,32,1
b100,0,0,1,infinity,1,,,13,15,0,33,1
b100,0,0,2,infinity,2,,,14,16,0,34,1
b100,0,0,3,infinity,3,,,15,17,0,35,1
b100,1,0,0,infinity,1,,,16,18,0,61,1
b100,1,0,1,infinity,1,,,17,19,0,45,1
b100,1,0,2,infinity,2,,,18,20,0,65,1
b100,1,0,3,infinity,3,,,19,21,0,49,1
b100,1,1,0,infinity,1,,,16,18,0,61,1
b100,1,1,1,infinity,1,,,17,19,0,45,1
b100,1,1,2,infinity,2,,,18,20,0,65,1
b100,1,1,3,infinity,3,,,19,21,0,50,1
b100,2,0,0,infinity,1,,,20,22,0,77,1
b100,2,0,1,infinity,1,,,21,23,0,57,1
b100,2,0,2,infinity,2,,,22,24,0,81,1
b100,2,0,3,infinity,3,,,23,25,0,61,1
b100,2,1,0,infinity,1,,,20,22,0,77,1
b100,2,1,1,infinity,1,,,21,23,0,57,1
b100,2,1,2,infinity,2,,,22,24,0,81,1
b100,2,1,3,infinity,3,,,23,25,0,62,1
b100,2,2,0,infinity,1,,,20,22,0,77,1
b100,2,2,1,infinity,1,,,21,23,0,57,1
b100,2,2,2,infinity,2,,,22,24,0,81,1
b100,2,2,3,infinity,3,,,23,25,0,62,1
b100,3,0,0,infinity,1,,,24,26,0,93,1
b100,3,0,1,infinity,1,,,25,27,0,69,1
b100,3,0,2,infinity,2,,,26,28,0,97,1
b100,3,0,3,infinity,3,,,27,29,0,73,1
b100,3,1,0,infinity,1,,,24,26,0,93,1
b100,3,1,1,infinity,1,,,25,27,0,69,1
b100,3,1,2,infinity,2,,,26,28,0,97,1
b100,3,1,3,infinity,3,,,27,29,0,74,1
b100,3,2,0,infinity,1,,,24,26,0,93,1
b100,3,2,1,infinity,1,,,25,27,0,69,1
b100,3,2,2,infinity,2,,,26,28,0,97,1
b100,3,2,3,infinity,3,,,27,29,0,74,1
b100,3,3,0,infinity,1,,,24,26,0,93,1
b100,3,3,1,infinity,1,,,25,27,0,69,1
b100,3,3,2,infinity,2,,,26,28,0,97,1
b100,3,3,3,infinity,3,,,27,29,0,74,1
b101,0,0,0,infinity,1,,,12,14,0,42,1
b101,0,0,1,infinity,1,,,13,15,0,44,1
b101,0,0,2,infinity,2,,,14,16,0,46,1
b101,0,0,3,infinity,3,,,15,17,0,48,1
b101,1,0,0,infinity,1,,,16,18,0,89,1
b101,1,0,1,infinity,1,,,17,19,0,89,1
b101,1,0,2,infinity,2,,,18,20,0,96,1
b101,1,0,3,infinity,3,,,19,21,0,98,1
b101,1,1,0,infinity,1,,,16,18,0,89,1
b101,1,1,1,infinity,1,,,17,19,0,88,1
b101,1,1,2,infinity,2,,,18,20,0,96,1
b101,1,1,3,infinity,3,,,19,21,0,99,1
b101,2,0,0,infinity,1,,,20,22,0,131,1
b101,2,0,1,infinity,1,,,21,23,0,130,1
b101,2,0,2,infinity,2,,,22,24,0,139,1
b101,2,0,3,infinity,3,,,23,25,0,141,1
b101,2,1,0,infinity,1,,,20,22,0,131,1
b101,2,1,1,infinity,1,,,21,23,0,129,1
b101,2,1,2,infinity,2,,,22,24,0,139,1
b101,2,1,3,infinity,3,,,23,25,0,142,1
b101,2,2,0,infinity,1,,,20,22,0,131,1
b101,2,2,1,infinity,1,,,21,23,0,129,1
b101,2,2,2,infinity,2,,,22,24,0,139,1
b101,2,2,3,infinity,3,,,23,25,0,142,1
b101,3,0,0,infinity,1,,,24,26,0,180,1
b101,3,0,1,infinity,1,,,25,27,0,178,1
b101,3,0,2,infinity,2,,,26,28,0,189,1
b101,3,0,3,infinity,3,,,27,29,0,191,1
b101,3,1,0,infinity,1,,,24,26,0,180,1
b101,3,1,1,infinity,1,,,25,27,0,177,1
b101,3,1,2,infinity,2,,,26,28,0,189,1
b101,3,1,3,infinity,3,,,27,29,0,192,1
b101,3,2,0,infinity,1,,,24,26,0,180,1
b101,3,2,1,infinity,1,,,25,27,0,177,1
b101,3,2,2,infinity,2,,,26,28,0,189,1
b101,3,2,3,infinity,3,,,27,29,0,192,1
b101,3,3,0,infinity,1,,,24,26,0,180,1
b101,3,3,1,infinity,1,,,25,27,0,177,1
b101,3,3,2,infinity,2,,,26,28,0,189,1
b101,3,3,3,infinity,3,,,27,29,0,192,1
b102,0,0,0,infinity,1,,,12,14,0,44,1
b102,0,0,1,infinity,1,,,13,15,0,46,1
b102,0,0,2,infinity,2,,,14,16,0,48,1
b102,0,0,3,infinity,3,,,15,17,0,50,1
b102,1,0,0,infinity,1,,,16,18,0,76,1
b102,1,0,1,infinity,1,,,17,19,0,79,1
b102,1,0,2,infinity,2,,,18,20,0,82,1
b102,1,0,3,infinity,3,,,19,21,0,86,1
b102,1,1,0,infinity,1,,,16,18,0,76,1
b102,1,1,1,infinity,1,,,17,19,0,78,1
b102,1,1,2,infinity,2,,,18,20,0,83,1
b102,1,1,3,infinity,3,,,19,21,0,87,1
b102,2,0,0,infinity,1,,,20,22,0,96,1
b102,2,0,1,infinity,1,,,21,23,0,99,1
b102,2,0,2,infinity,2,,,22,24,0,102,1
b102,2,0,3,infinity,3,,,23,25,0,106,1
b102,2,1,0,infinity,1,,,20,22,0,96,1
b102,2,1,1,infinity,1,,,21,23,0,98,1
b102,2,1,2,infinity,2,,,22,24,0,103,1
b102,2,1,3,infinity,3,,,23,25,0,107,1
b102,2,2,0,infinity,1,,,20,22,0,96,1
b102,2,2,1,infinity,1,,,21,23,0,98,1
b102,2,2,2,infinity,2,,,22,24,0,103,1
b102,2,2,3,infinity,3,,,23,25,0,107,1
b102,3,0,0,infinity,1,,,24,26,0,116,1
b102,3,0,1,infinity,1,,,25,27,0,119,1
b102,3,0,2,infinity,2,,,26,28,0,122,1
b102,3,0,3,infinity,3,,,27,29,0,126,1
b102,3,1,0,infinity,1,,,24,26,0,116,1
b102,3,1,1,infinity,1,,,25,27,0,118,1
b102,3,1,2,infinity,2,,,26,28,0,123,1
b102,3,1,3,infinity,3,,,27,29,0,127,1
b102,3,2,0,infinity,1,,,24,26,0,116,1
b102,3,2,1,infinity,1,,,25,27,0,118,1
b102,3,2,2,infinity,2,,,26,28,0,123,1
b102,3,2,3,infinity,3,,,27,29,0,127,1
b102,3,3,0,infinity,1,,,24,26,0,116,1
b102,3,3,1,infinity,1,,,25,27,0,118,1
b102,3,3,2,infinity,2,,,26,28,0,123,1
b102,3,3,3,infinity,3,,,27,29,0,127,1
b103,0,0,0,infinity,1,,,12,14,0,32,1
b103,0,0,1,infinity,1,,,13,15,0,33,1
b103,0,0,2,infinity,2,,,14,16,0,34,1
b103,0,0,3,infinity,3,,,15,17,0,35,1
b103,1,0,0,infinity,1,,,16,18,0,61,1
b103,1,0,1,infinity,1,,,17,19,0,45,1
b103,1,0,2,infinity,2,,,18,20,0,65,1
b103,1,0,3,infinity,3,,,19,21,0,49,1
b103,1,1,0,infinity,1,,,16,18,0,61,1
b103,1,1,1,infinity,1,,,17,19,0,45,1
b103,1,1,2,infinity,2,,,18,20,0,65,1
b103,1,1,3,infinity,3,,,19,21,0,50,1
b103,2,0,0,infinity,1,,,20,22,0,77,1
b103,2,0,1,infinity,1,,,21,23,0,57,1
b103,2,0,2,infinity,2,,,22,24,0,81,1
b103,2,0,3,infinity,3,,,23,25,0,61,1
b103,2,1,0,infinity,1,,,20,22,0,77,1
b103,2,1,1,infinity,1,,,21,23,0,57,1
b103,2,1,2,infinity,2,,,22,24,0,81,1
b103,2,1,3,infinity,3,,,23,25,0,62,1
b103,2,2,0,infinity,1,,,20,22,0,77,1
b103,2,2,1,infinity,1,,,21,23,0,57,1
b103,2,2,2,infinity,2,,,22,24,0,81,1
b103,2,2,3,infinity,3,,,23,25,0,62,1
b103,3,0,0,infinity,1,,,24,26,0,93,1
b103,3,0,1,infinity,1,,,25,27,0,69,1
b103,3,0,2,infinity,2,,,26,28,0,97,1
b103,3,0,3,infinity,3,,,27,29,0,73,1
b103,3,1,0,infinity,1,,,24,26,0,93,1
b103,3,1,1,infinity,1,,,25,27,0,69,1
b103,3,1,2,infinity,2,,,26,28,0,97,1
b103,3,1,3,infinity,3,,,27,29,0,74,1
b103,3,2,0,infinity,1,,,24,26,0,93,1
b103,3,2,1,infinity,1,,,25,27,0,69,1
b103,3,2,2,infinity,2,,,26,28,0,97,1
b103,3,2,3,infinity,3,,,27,29,0,74,1
b103,3,3,0,infinity,1,,,24,26,0,93,1
b103,3,3,1,infinity,1,,,25,27,0,69,1
b103,3,3,2,infinity,2,,,26,28,0,97,1
b103,3,3,3,infinity,3,,,27,29,0,74,1
b104,0,0,0,2,1,,,12,14,0,9,1
b104,0,0,1,2,1,,,13,15,0,6,1
b104,0,0,2,3,2,,,14,16,0,8,1
b104,0,0,3,4,3,,,15,17,0,8,1
b104,1,0,0,2,1,,,16,18,0,13,1
b104,1,0,1,2,1,,,17,19,0,9,1
b104,1,0,2,3,2,,,18,20,0,14,1
b104,1,0,3,4,3,,,19,21,0,14,1
b104,1,1,0,2,1,,,16,18,0,13,1
b104,1,1,1,2,1,,,17,19,0,8,1
b104,1,1,2,3,2,,,18,20,0,10,1
b104,1,1,3,4,3,,,19,21,0,10,1
b104,2,0,0,2,1,,,20,22,0,17,1
b104,2,0,1,2,1,,,21,23,0,12,1
b104,2,0,2,3,2,,,22,24,0,18,1
b104,2,0,3,4,3,,,23,25,0,18,1
b104,2,1,0,2,1,,,20,22,0,17,1
b104,2,1,1,2,1,,,21,23,0,11,1
b104,2,1,2,3,2,,,22,24,0,18,1
b104,2,1,3,4,3,,,23,25,0,18,1
b104,2,2,0,2,1,,,20,22,0,17,1
b104,2,2,1,2,1,,,21,23,0,10,1
b104,2,2,2,3,2,,,22,24,0,12,1
b104,2,2,3,4,3,,,23,25,0,12,1
b104,3,0,0,2,1,,,24,26,0,21,1
b104,3,0,1,2,1,,,25,27,0,15,1
b104,3,0,2,3,2,,,26,28,0,22,1
b104,3,0,3,4,3,,,27,29,0,22,1
b104,3,1,0,2,1,,,24,26,0,21,1
b104,3,1,1,2,1,,,25,27,0,14,1
b104,3,1,2,3,2,,,26,28,0,22,1
b104,3,1,3,4,3,,,27,29,0,22,1
b104,3,2,0,2,1,,,24,26,0,21,1
b104,3,2,1,2,1,,,25,27,0,13,1
b104,3,2,2,3,2,,,26,28,0,22,1
b104,3,2,3,4,3,,,27,29,0,22,1
b104,3,3,0,2,1,,,24,26,0,21,1
b104,3,3,1,2,1,,,25,27,0,12,1
b104,3,3,2,3,2,,,26,28,0,14,1
b104,3,3,3,4,3,,,27,29,0,14,1
b105,0,0,0,2,1,,,12,14,0,19,1
b105,0,0,1,2,1,,,13,15,0,18,1
b105,0,0,2,3,2,,,14,16,0,21,1
b105,0,0,3,4,3,,,15,17,0,22,1
b105,1,0,0,3,1,,,16,18,0,26,1
b105,1,0,1,3,1,,,17,19,0,24,1
b105,1,0,2,4,2,,,18,20,0,28,1
b105,1,0,3,5,3,,,19,21,0,29,1
b105,1,1,0,3,1,,,16,18,0,26,1
b105,1,1,1,3,1,,,17,19,0,24,1
b105,1,1,2,4,2,,,18,20,0,28,1
b105,1,1,3,5,3,,,19,21,0,29,1
b105,2,0,0,4,1,,,20,22,0,33,1
b105,2,0,1,4,1,,,21,23,0,30,1
b105,2,0,2,5,2,,,22,24,0,35,1
b105,2,0,3,6,3,,,23,25,0,36,1
b105,2,1,0,4,1,,,20,22,0,33,1
b105,2,1,1,4,1,,,21,23,0,30,1
b105,2,1,2,5,2,,,22,24,0,35,1
b105,2,1,3,6,3,,,23,25,0,36,1
b105,2,2,0,4,1,,,20,22,0,33,1
b105,2,2,1,4,1,,,21,23,0,30,1
b105,2,2,2,5,2,,,22,24,0,35,1
b105,2,2,3,6,3,,,23,25,0,36,1
b105,3,0,0,5,1,,,24,26,0,40,1
b105,3,0,1,5,1,,,25,27,0,36,1
b105,3,0,2,6,2,,,26,28,0,42,1
b105,3,0,3,7,3,,,27,29,0,43,1
b105,3,1,0,5,1,,,24,26,0,40,1
b105,3,1,1,5,1,,,25,27,0,36,1
b105,3,1,2,6,2,,,26,28,0,42,1
b105,3,1,3,7,3,,,27,29,0,43,1
b105,3,2,0,5,1,,,24,26,0,40,1
b105,3,2,1,5,1,,,25,27,0,36,1
b105,3,2,2,6,2,,,26,28,0,42,1
b105,3,2,3,7,3,,,27,29,0,43,1
b105,3,3,0,5,1,,,24,26,0,40,1
b105,3,3,1,5,1,,,25,27,0,36,1
b105,3,3,2,6,2,,,26,28,0,42,1
b105,3,3,3,7,3,,,27,29,0,43,1
b106,0,0,0,2,1,,,12,14,0,9,1
b106,0,0,1,2,1,,,13,15,0,6,1
b106,0,0,2,3,2,,,14,16,0,8,1
b106,0,0,3,4,3,,,15,17,0,8,1
b106,1,0,0,2,1,,,16,18,0,13,1
b106,1,0,1,2,1,,,17,19,0,9,1
b106,1,0,2,3,2,,,18,20,0,14,1
b106,1,0,3,4,3,,,19,21,0,14,1
b106,1,1,0,2,1,,,16,18,0,13,1
b106,1,1,1,2,1,,,17,19,0,8,1
b106,1,1,2,3,2,,,18,20,0,10,1
b106,1,1,3,4,3,,,19,21,0,10,1
b106,2,0,0,2,1,,,20,22,0,17,1
b106,2,0,1,2,1,,,21,23,0,12,1
b106,2,0,2,3,2,,,22,24,0,18,1
b106,2,0,3,4,3,,,23,25,0,18,1
b106,2,1,0,2,1,,,20,22,0,17,1
b106,2,1,1,2,1,,,21,23,0,11,1
b106,2,1,2,3,2,,,22,24,0,18,1
b106,2,1,3,4,3,,,23,25,0,18,1
b106,2,2,0,2,1,,,20,22,0,17,1
b106,2,2,1,2,1,,,21,23,0,10,1
b106,2,2,2,3,2,,,22,24,0,12,1
b106,2,2,3,4,3,,,23,25,0,12,1
b106,3,0,0,2,1,,,24,26,0,21,1
b106,3,0,1,2,1,,,25,27,0,15,1
b106,3,0,2,3,2,,,26,28,0,22,1
b106,3,0,3,4,3,,,27,29,0,22,1
b106,3,1,0,2,1,,,24,26,0,21,1
b106,3,1,1,2,1,,,25,27,0,14,1
b106,3,1,2,3,2,,,26,28,0,22,1
b106,3,1,3,4,3,,,27,29,0,22,1
b106,3,2,0,2,1,,,24,26,0,21,1
b106,3,2,1,2,1,,,25,27,0,13,1
b106,3,2,2,3,2,,,26,28,0,22,1
b106,3,2,3,4,3,,,27,29,0,22,1
b106,3,3,0,2,1,,,24,26,0,21,1
b106,3,3,1,2,1,,,25,27,0,12,1
b106,3,3,2,3,2,,,26,28,0,14,1
b106,3,3,3,4,3,,,27,29,0,14,1
b107,0,0,0,2,1,,,12,14,0,9,1
b107,0,0,1,2,1,,,13,15,0,6,1
b107,0,0,2,3,2,,,14,16,0,9,1
b107,0,0,3,4,3,,,15,17,0,9,1
b107,1,0,0,3,1,,,16,18,0,15,1
b107,1,0,1,3,1,,,17,19,0,11,1
b107,1,0,2,4,2,,,18,20,0,15,1
b107,1,0,3,5,3,,,19,21,0,15,1
b107,1,1,0,3,1,,,16,18,0,15,1
b107,1,1,1,3,1,,,17,19,0,11,1
b107,1,1,2,4,2,,,18,20,0,15,1
b107,1,1,3,5,3,,,19,21,0,15,1
b107,2,0,0,3,1,,,20,22,0,19,1
b107,2,0,1,3,1,,,21,23,0,14,1
b107,2,0,2,4,2,,,22,24,0,19,1
b107,2,0,3,5,3,,,23,25,0,19,1
b107,2,1,0,3,1,,,20,22,0,19,1
b107,2,1,1,3,1,,,21,23,0,14,1
b107,2,1,2,4,2,,,22,24,0,19,1
b107,2,1,3,5,3,,,23,25,0,19,1
b107,2,2,0,3,1,,,20,22,0,19,1
b107,2,2,1,3,1,,,21,23,0,14,1
b107,2,2,2,4,2,,,22,24,0,19,1
b107,2,2,3,5,3,,,23,25,0,19,1
b107,3,0,0,3,1,,,24,26,0,23,1
b107,3,0,1,3,1,,,25,27,0,17,1
b107,3,0,2,4,2,,,26,28,0,23,1
b107,3,0,3,5,3,,,27,29,0,23,1
b107,3,1,0,3,1,,,24,26,0,23,1
b107,3,1,1,3,1,,,25,27,0,17,1
b107,3,1,2,4,2,,,26,28,0,23,1
b107,3,1,3,5,3,,,27,29,0,23,1
b107,3,2,0,3,1,,,24,26,0,23,1
b107,3,2,1,3,1,,,25,27,0,17,1
b107,3,2,2,4,2,,,26,28,0,23,1
b107,3,2,3,5,3,,,27,29,0,23,1
b107,3,3,0,3,1,,,24,26,0,23,1
b107,3,3,1,3,1,,,25,27,0,17,1
b107,3,3,2,4,2,,,26,28,0,23,1
b107,3,3,3,5,3,,,27,29,0,23,1
b108,0,0,0,2,1,,,12,14,0,10,1
b108,0,0,1,3,1,,,13,15,0,11,1
b108,0,0,2,4,2,,,14,16,0,11,1
b108,0,0,3,5,3,,,15,17,0,11,1
b108,1,0,0,3,1,,,16,18,0,16,1
b108,1,0,1,3,1,,,17,19,0,17,1
b108,1,0,2,4,2,,,18,20,0,18,1
b108,1,0,3,5,3,,,19,21,0,18,1
b108,1,1,0,3,1,,,16,18,0,17,1
b108,1,1,1,3,1,,,17,19,0,16,1
b108,1,1,2,4,2,,,18,20,0,18,1
b108,1,1,3,5,3,,,19,21,0,18,1
b108,2,0,0,3,1,,,20,22,0,20,1
b108,2,0,1,3,1,,,21,23,0,21,1
b108,2,0,2,4,2,,,22,24,0,22,1
b108,2,0,3,5,3,,,23,25,0,22,1
b108,2,1,0,3,1,,,20,22,0,21,1
b108,2,1,1,3,1,,,21,23,0,20,1
b108,2,1,2,4,2,,,22,24,0,22,1
b108,2,1,3,5,3,,,23,25,0,22,1
b108,2,2,0,3,1,,,20,22,0,21,1
b108,2,2,1,3,1,,,21,23,0,20,1
b108,2,2,2,4,2,,,22,24,0,22,1
b108,2,2,3,5,3,,,23,25,0,22,1
b108,3,0,0,3,1,,,24,26,0,24,1
b108,3,0,1,3,1,,,25,27,0,25,1
b108,3,0,2,4,2,,,26,28,0,26,1
b108,3,0,3,5,3,,,27,29,0,26,1
b108,3,1,0,3,1,,,24,26,0,25,1
b108,3,1,1,3,1,,,25,27,0,24,1
b108,3,1,2,4,2,,,26,28,0,26,1
b108,3,1,3,5,3,,,27,29,0,26,1
b108,3,2,0,3,1,,,24,26,0,25,1
b108,3,2,1,3,1,,,25,27,0,24,1
b108,3,2,2,4,2,,,26,28,0,26,1
b108,3,2,3,5,3,,,27,29,0,26,1
b108,3,3,0,3,1,,,24,26,0,25,1
b108,3,3,1,3,1,,,25,27,0,24,1
b108,3,3,2,4,2,,,26,28,0,26,1
b108,3,3,3,5,3,,,27,29,0,26,1
b109,0,0,0,2,1,,,12,14,0,19,1
b109,0,0,1,3,1,,,13,15,0,22,1
b109,0,0,2,4,2,,,14,16,0,23,1
b109,0,0,3,5,3,,,15,17,0,24,1
b109,1,0,0,4,1,,,16,18,0,27,1
b109,1,0,1,4,1,,,17,19,0,29,1
b109,1,0,2,5,2,,,18,20,0,32,1
b109,1,0,3,6,3,,,19,21,0,33,1
b109,1,1,0,4,1,,,16,18,0,28,1
b109,1,1,1,4,1,,,17,19,0,28,1
b109,1,1,2,5,2,,,18,20,0,32,1
b109,1,1,3,6,3,,,19,21,0,33,1
b109,2,0,0,5,1,,,20,22,0,34,1
b109,2,0,1,5,1,,,21,23,0,36,1
b109,2,0,2,6,2,,,22,24,0,40,1
b109,2,0,3,7,3,,,23,25,0,41,1
b109,2,1,0,5,1,,,20,22,0,35,1
b109,2,1,1,5,1,,,21,23,0,35,1
b109,2,1,2,6,2,,,22,24,0,40,1
b109,2,1,3,7,3,,,23,25,0,41,1
b109,2,2,0,5,1,,,20,22,0,35,1
b109,2,2,1,5,1,,,21,23,0,35,1
b109,2,2,2,6,2,,,22,24,0,40,1
b109,2,2,3,7,3,,,23,25,0,41,1
b109,3,0,0,6,1,,,24,26,0,41,1
b109,3,0,1,6,1,,,25,27,0,43,1
b109,3,0,2,7,2,,,26,28,0,48,1
b109,3,0,3,8,3,,,27,29,0,49,1
b109,3,1,0,6,1,,,24,26,0,42,1
b109,3,1,1,6,1,,,25,27,0,42,1
b109,3,1,2,7,2,,,26,28,0,48,1
b109,3,1,3,8,3,,,27,29,0,49,1
b109,3,2,0,6,1,,,24,26,0,42,1
b109,3,2,1,6,1,,,25,27,0,42,1
b109,3,2,2,7,2,,,26,28,0,48,1
b109,3,2,3,8,3,,,27,29,0,49,1
b109,3,3,0,6,1,,,24,26,0,42,1
b109,3,3,1,6,1,,,25,27,0,42,1
b109,3,3,2,7,2,,,26,28,0,48,1
b109,3,3,3,8,3,,,27,29,0,49,1
b110,0,0,0,2,1,,,12,14,0,8,1
b110,0,0,1,3,1,,,13,15,0,10,1
b110,0,0,2,4,2,,,14,16,0,10,1
b110,0,0,3,5,3,,,15,17,0,10,1
b110,1,0,0,3,1,,,16,18,0,15,1
b110,1,0,1,3,1,,,17,19,0,16,1
b110,1,0,2,4,2,,,18,20,0,17,1
b110,1,0,3,5,3,,,19,21,0,17,1
b110,1,1,0,3,1,,,16,18,0,16,1
b110,1,1,1,3,1,,,17,19,0,15,1
b110,1,1,2,4,2,,,18,20,0,17,1
b110,1,1,3,5,3,,,19,21,0,17,1
b110,2,0,0,3,1,,,20,22,0,19,1
b110,2,0,1,3,1,,,21,23,0,20,1
b110,2,0,2,4,2,,,22,24,0,21,1
b110,2,0,3,5,3,,,23,25,0,21,1
b110,2,1,0,3,1,,,20,22,0,20,1
b110,2,1,1,3,1,,,21,23,0,19,1
b110,2,1,2,4,2,,,22,24,0,21,1
b110,2,1,3,5,3,,,23,25,0,21,1
b110,2,2,0,3,1,,,20,22,0,20,1
b110,2,2,1,3,1,,,21,23,0,19,1
b110,2,2,2,4,2,,,22,24,0,21,1
b110,2,2,3,5,3,,,23,25,0,21,1
b110,3,0,0,3,1,,,24,26,0,23,1
b110,3,0,1,3,1,,,25,27,0,24,1
b110,3,0,2,4,2,,,26,28,0,25,1
b110,3,0,3,5,3,,,27,29,0,25,1
b110,3,1,0,3,1,,,24,26,0,24,1
b110,3,1,1,3,1,,,25,27,0,23,1
b110,3,1,2,4,2,,,26,28,0,25,1
b110,3,1,3,5,3,,,27,29,0,25,1
b110,3,2,0,3,1,,,24,26,0,24,1
b110,3,2,1,3,1,,,25,27,0,23,1
b110,3,2,2,4,2,,,26,28,0,25,1
b110,3,2,3,5,3,,,27,29,0,25,1
b110,3,3,0,3,1,,,24,26,0,24,1
b110,3,3,1,3,1,,,25,27,0,23,1
b110,3,3,2,4,2,,,26,28,0,25,1
b110,3,3,3,5,3,,,27,29,0,25,1
b111,0,0,0,2,1,,,12,14,0,9,1
b111,0,0,1,3,1,,,13,15,0,9,1
b111,0,0,2,4,2,,,14,16,0,11,1
b111,0,0,3,5,3,,,15,17,0,11,1
b111,1,0,0,3,1,,,16,18,0,16,1
b111,1,0,1,3,1,,,17,19,0,11,1
b111,1,0,2,4,2,,,18,20,0,18,1
b111,1,0,3,5,3,,,19,21,0,18,1
b111,1,1,0,3,1,,,16,18,0,17,1
b111,1,1,1,3,1,,,17,19,0,10,1
b111,1,1,2,4,2,,,18,20,0,13,1
b111,1,1,3,5,3,,,19,21,0,13,1
b111,2,0,0,3,1,,,20,22,0,20,1
b111,2,0,1,3,1,,,21,23,0,14,1
b111,2,0,2,4,2,,,22,24,0,22,1
b111,2,0,3,5,3,,,23,25,0,22,1
b111,2,1,0,3,1,,,20,22,0,21,1
b111,2,1,1,3,1,,,21,23,0,13,1
b111,2,1,2,4,2,,,22,24,0,22,1
b111,2,1,3,5,3,,,23,25,0,22,1
b111,2,2,0,3,1,,,20,22,0,21,1
b111,2,2,1,3,1,,,21,23,0,12,1
b111,2,2,2,4,2,,,22,24,0,15,1
b111,2,2,3,5,3,,,23,25,0,15,1
b111,3,0,0,3,1,,,24,26,0,24,1
b111,3,0,1,3,1,,,25,27,0,17,1
b111,3,0,2,4,2,,,26,28,0,26,1
b111,3,0,3,5,3,,,27,29,0,26,1
b111,3,1,0,3,1,,,24,26,0,25,1
b111,3,1,1,3,1,,,25,27,0,16,1
b111,3,1,2,4,2,,,26,28,0,26,1
b111,3,1,3,5,3,,,27,29,0,26,1
b111,3,2,0,3,1,,,24,26,0,25,1
b111,3,2,1,3,1,,,25,27,0,15,1
b111,3,2,2,4,2,,,26,28,0,26,1
b111,3,2,3,5,3,,,27,29,0,26,1
b111,3,3,0,3,1,,,24,26,0,25,1
b111,3,3,1,3,1,,,25,27,0,14,1
b111,3,3,2,4,2,,,26,28,0,17,1
b111,3,3,3,5,3,,,27,29,0,17,1
b112,0,0,0,1,1,,,12,14,0,5,1
b112,0,0,1,2,2,,,13,15,0,7,1
b112,0,0,2,3,3,,,14,16,0,7,1
b112,0,0,3,4,4,,,15,17,0,7,1
b112,1,0,0,1,1,,,16,18,0,7,1
b112,1,0,1,2,2,,,17,19,0,9,1
b112,1,0,2,3,3,,,18,20,0,9,1
b112,1,0,3,4,4,,,19,21,0,9,1
b112,1,1,0,1,1,,,16,18,0,7,1
b112,1,1,1,2,2,,,17,19,0,9,1
b112,1,1,2,3,3,,,18,20,0,9,1
b112,1,1,3,4,4,,,19,21,0,9,1
b112,2,0,0,1,1,,,20,22,0,9,1
b112,2,0,1,2,2,,,21,23,0,11,1
b112,2,0,2,3,3,,,22,24,0,11,1
b112,2,0,3,4,4,,,23,25,0,11,1
b112,2,1,0,1,1,,,20,22,0,9,1
b112,2,1,1,2,2,,,21,23,0,11,1
b112,2,1,2,3,3,,,22,24,0,11,1
b112,2,1,3,4,4,,,23,25,0,11,1
b112,2,2,0,1,1,,,20,22,0,9,1
b112,2,2,1,2,2,,,21,23,0,11,1
b112,2,2,2,3,3,,,22,24,0,11,1
b112,2,2,3,4,4,,,23,25,0,11,1
b112,3,0,0,1,1,,,24,26,0,11,1
b112,3,0,1,2,2,,,25,27,0,13,1
b112,3,0,2,3,3,,,26,28,0,13,1
b112,3,0,3,4,4,,,27,29,0,13,1
b112,3,1,0,1,1,,,24,26,0,11,1
b112,3,1,1,2,2,,,25,27,0,13,1
b112,3,1,2,3,3,,,26,28,0,13,1
b112,3,1,3,4,4,,,27,29,0,13,1
b112,3,2,0,1,1,,,24,26,0,11,1
b112,3,2,1,2,2,,,25,27,0,13,1
b112,3,2,2,3,3,,,26,28,0,13,1
b112,3,2,3,4,4,,,27,29,0,13,1
b112,3,3,0,1,1,,,24,26,0,11,1
b112,3,3,1,2,2,,,25,27,0,13,1
b112,3,3,2,3,3,,,26,28,0,13,1
b112,3,3,3,4,4,,,27,29,0,13,1
b113,0,0,0,1,1,,,12,14,0,18,1
b113,0,0,1,2,2,,,13,15,0,21,1
b113,0,0,2,3,3,,,14,16,0,22,1
b113,0,0,3,4,4,,,15,17,0,23,1
b113,1,0,0,2,1,,,16,18,0,24,1
b113,1,0,1,3,2,,,17,19,0,28,1
b113,1,0,2,4,3,,,18,20,0,29,1
b113,1,0,3,5,4,,,19,21,0,30,1
b113,1,1,0,2,1,,,16,18,0,24,1
b113,1,1,1,3,2,,,17,19,0,28,1
b113,1,1,2,4,3,,,18,20,0,29,1
b113,1,1,3,5,4,,,19,21,0,30,1
b113,2,0,0,3,1,,,20,22,0,30,1
b113,2,0,1,4,2,,,21,23,0,35,1
b113,2,0,2,5,3,,,22,24,0,36,1
b113,2,0,3,6,4,,,23,25,0,37,1
b113,2,1,0,3,1,,,20,22,0,30,1
b113,2,1,1,4,2,,,21,23,0,35,1
b113,2,1,2,5,3,,,22,24,0,36,1
b113,2,1,3,6,4,,,23,25,0,37,1
b113,2,2,0,3,1,,,20,22,0,30,1
b113,2,2,1,4,2,,,21,23,0,35,1
b113,2,2,2,5,3,,,22,24,0,36,1
b113,2,2,3,6,4,,,23,25,0,37,1
b113,3,0,0,4,1,,,24,26,0,36,1
b113,3,0,1,5,2,,,25,27,0,42,1
b113,3,0,2,6,3,,,26,28,0,43,1
b113,3,0,3,7,4,,,27,29,0,44,1
b113,3,1,0,4,1,,,24,26,0,36,1
b113,3,1,1,5,2,,,25,27,0,42,1
b113,3,1,2,6,3,,,26,28,0,43,1
b113,3,1,3,7,4,,,27,29,0,44,1
b113,3,2,0,4,1,,,24,26,0,36,1
b113,3,2,1,5,2,,,25,27,0,42,1
b113,3,2,2,6,3,,,26,28,0,43,1
b113,3,2,3,7,4,,,27,29,0,44,1
b113,3,3,0,4,1,,,24,26,0,36,1
b113,3,3,1,5,2,,,25,27,0,42,1
b113,3,3,2,6,3,,,26,28,0,43,1
b113,3,3,3,7,4,,,27,29,0,44,1
b114,0,0,0,1,1,,,12,14,0,5,1
b114,0,0,1,2,2,,,13,15,0,6,1
b114,0,0,2,3,3,,,14,16,0,6,1
b114,0,0,3,4,4,,,15,17,0,6,1
b114,1,0,0,1,1,,,16,18,0,7,1
b114,1,0,1,2,2,,,17,19,0,8,1
b114,1,0,2,3,3,,,18,20,0,8,1
b114,1,0,3,4,4,,,19,21,0,8,1
b114,1,1,0,1,1,,,16,18,0,7,1
b114,1,1,1,2,2,,,17,19,0,8,1
b114,1,1,2,3,3,,,18,20,0,8,1
b114,1,1,3,4,4,,,19,21,0,8,1
b114,2,0,0,1,1,,,20,22,0,9,1
b114,2,0,1,2,2,,,21,23,0,10,1
b114,2,0,2,3,3,,,22,24,0,10,1
b114,2,0,3,4,4,,,23,25,0,10,1
b114,2,1,0,1,1,,,20,22,0,9,1
b114,2,1,1,2,2,,,21,23,0,10,1
b114,2,1,2,3,3,,,22,24,0,10,1
b114,2,1,3,4,4,,,23,25,0,10,1
b114,2,2,0,1,1,,,20,22,0,9,1
b114,2,2,1,2,2,,,21,23,0,10,1
b114,2,2,2,3,3,,,22,24,0,10,1
b114,2,2,3,4,4,,,23,25,0,10,1
b114,3,0,0,1,1,,,24,26,0,11,1
b114,3,0,1,2,2,,,25,27,0,12,1
b114,3,0,2,3,3,,,26,28,0,12,1
b114,3,0,3,4,4,,,27,29,0,12,1
b114,3,1,0,1,1,,,24,26,0,11,1
b114,3,1,1,2,2,,,25,27,0,12,1
b114,3,1,2,3,3,,,26,28,0,12,1
b114,3,1,3,4,4,,,27,29,0,12,1
b114,3,2,0,1,1,,,24,26,0,11,1
b114,3,2,1,2,2,,,25,27,0,12,1
b114,3,2,2,3,3,,,26,28,0,12,1
b114,3,2,3,4,4,,,27,29,0,12,1
b114,3,3,0,1,1,,,24,26,0,11,1
b114,3,3,1,2,2,,,25,27,0,12,1
b114,3,3,2,3,3,,,26,28,0,12,1
b114,3,3,3,4,4,,,27,29,0,12,1
b115,0,0,0,1,1,,,12,14,0,6,1
b115,0,0,1,2,2,,,13,15,0,9,1
b115,0,0,2,3,3,,,14,16,0,9,1
b115,0,0,3,4,4,,,15,17,0,9,1
b115,1,0,0,2,1,,,16,18,0,11,1
b115,1,0,1,3,2,,,17,19,0,15,1
b115,1,0,2,4,3,,,18,20,0,15,1
b115,1,0,3,5,4,,,19,21,0,15,1
b115,1,1,0,2,1,,,16,18,0,11,1
b115,1,1,1,3,2,,,17,19,0,15,1
b115,1,1,2,4,3,,,18,20,0,15,1
b115,1,1,3,5,4,,,19,21,0,15,1
b115,2,0,0,2,1,,,20,22,0,14,1
b115,2,0,1,3,2,,,21,23,0,19,1
b115,2,0,2,4,3,,,22,24,0,19,1
b115,2,0,3,5,4,,,23,25,0,19,1
b115,2,1,0,2,1,,,20,22,0,14,1
b115,2,1,1,3,2,,,21,23,0,19,1
b115,2,1,2,4,3,,,22,24,0,19,1
b115,2,1,3,5,4,,,23,25,0,19,1
b115,2,2,0,2,1,,,20,22,0,14,1
b115,2,2,1,3,2,,,21,23,0,19,1
b115,2,2,2,4,3,,,22,24,0,19,1
b115,2,2,3,5,4,,,23,25,0,19,1
b115,3,0,0,2,1,,,24,26,0,17,1
b115,3,0,1,3,2,,,25,27,0,23,1
b115,3,0,2,4,3,,,26,28,0,23,1
b115,3,0,3,5,4,,,27,29,0,23,1
b115,3,1,0,2,1,,,24,26,0,17,1
b115,3,1,1,3,2,,,25,27,0,23,1
b115,3,1,2,4,3,,,26,28,0,23,1
b115,3,1,3,5,4,,,27,29,0,23,1
b115,3,2,0,2,1,,,24,26,0,17,1
b115,3,2,1,3,2,,,25,27,0,23,1
b115,3,2,2,4,3,,,26,28,0,23,1
b115,3,2,3,5,4,,,27,29,0,23,1
b115,3,3,0,2,1,,,24,26,0,17,1
b115,3,3,1,3,2,,,25,27,0,23,1
b115,3,3,2,4,3,,,26,28,0,23,1
b115,3,3,3,5,4,,,27,29,0,23,1
b116,0,0,0,infinity,1,,,12,14,0,46,1
b116,0,0,1,infinity,2,,,13,15,0,48,1
b116,0,0,2,infinity,3,,,14,16,0,50,1
b116,0,0,3,infinity,4,,,15,17,0,52,1
b116,1,0,0,infinity,1,,,16,18,0,79,1
b116,1,0,1,infinity,2,,,17,19,0,82,1
b116,1,0,2,infinity,3,,,18,20,0,86,1
b116,1,0,3,infinity,4,,,19,21,0,90,1
b116,1,1,0,infinity,1,,,16,18,0,78,1
b116,1,1,1,infinity,2,,,17,19,0,83,1
b116,1,1,2,infinity,3,,,18,20,0,87,1
b116,1,1,3,infinity,4,,,19,21,0,91,1
b116,2,0,0,infinity,1,,,20,22,0,99,1
b116,2,0,1,infinity,2,,,21,23,0,102,1
b116,2,0,2,infinity,3,,,22,24,0,106,1
b116,2,0,3,infinity,4,,,23,25,0,110,1
b116,2,1,0,infinity,1,,,20,22,0,98,1
b116,2,1,1,infinity,2,,,21,23,0,103,1
b116,2,1,2,infinity,3,,,22,24,0,107,1
b116,2,1,3,infinity,4,,,23,25,0,111,1
b116,2,2,0,infinity,1,,,20,22,0,98,1
b116,2,2,1,infinity,2,,,21,23,0,103,1
b116,2,2,2,infinity,3,,,22,24,0,107,1
b116,2,2,3,infinity,4,,,23,25,0,111,1
b116,3,0,0,infinity,1,,,24,26,0,119,1
b116,3,0,1,infinity,2,,,25,27,0,122,1
b116,3,0,2,infinity,3,,,26,28,0,126,1
b116,3,0,3,infinity,4,,,27,29,0,130,1
b116,3,1,0,infinity,1,,,24,26,0,118,1
b116,3,1,1,infinity,2,,,25,27,0,123,1
b116,3,1,2,infinity,3,,,26,28,0,127,1
b116,3,1,3,infinity,4,,,27,29,0,131,1
b116,3,2,0,infinity,1,,,24,26,0,118,1
b116,3,2,1,infinity,2,,,25,27,0,123,1
b116,3,2,2,infinity,3,,,26,28,0,127,1
b116,3,2,3,infinity,4,,,27,29,0,131,1
b116,3,3,0,infinity,1,,,24,26,0,118,1
b116,3,3,1,infinity,2,,,25,27,0,123,1
b116,3,3,2,infinity,3,,,26,28,0,127,1
b116,3,3,3,infinity,4,,,27,29,0,131,1
b117,0,0,0,infinity,1,,,12,14,0,44,1
b117,0,0,1,infinity,2,,,13,15,0,46,1
b117,0,0,2,infinity,3,,,14,16,0,48,1
b117,0,0,3,infinity,4,,,15,17,0,50,1
b117,1,0,0,infinity,1,,,16,18,0,89,1
b117,1,0,1,infinity,2,,,17,19,0,96,1
b117,1,0,2,infinity,3,,,18,20,0,98,1
b117,1,0,3,infinity,4,,,19,21,0,103,1
b117,1,1,0,infinity,1,,,16,18,0,88,1
b117,1,1,1,infinity,2,,,17,19,0,96,1
b117,1,1,2,infinity,3,,,18,20,0,99,1
b117,1,1,3,infinity,4,,,19,21,0,104,1
b117,2,0,0,infinity,1,,,20,22,0,130,1
b117,2,0,1,infinity,2,,,21,23,0,139,1
b117,2,0,2,infinity,3,,,22,24,0,141,1
b117,2,0,3,infinity,4,,,23,25,0,147,1
b117,2,1,0,infinity,1,,,20,22,0,129,1
b117,2,1,1,infinity,2,,,21,23,0,139,1
b117,2,1,2,infinity,3,,,22,24,0,142,1
b117,2,1,3,infinity,4,,,23,25,0,148,1
b117,2,2,0,infinity,1,,,20,22,0,129,1
b117,2,2,1,infinity,2,,,21,23,0,139,1
b117,2,2,2,infinity,3,,,22,24,0,142,1
b117,2,2,3,infinity,4,,,23,25,0,148,1
b117,3,0,0,infinity,1,,,24,26,0,178,1
b117,3,0,1,infinity,2,,,25,27,0,189,1
b117,3,0,2,infinity,3,,,26,28,0,191,1
b117,3,0,3,infinity,4,,,27,29,0,198,1
b117,3,1,0,infinity,1,,,24,26,0,177,1
b117,3,1,1,infinity,2,,,25,27,0,189,1
b117,3,1,2,infinity,3,,,26,28,0,192,1
b117,3,1,3,infinity,4,,,27,29,0,199,1
b117,3,2,0,infinity,1,,,24,26,0,177,1
b117,3,2,1,infinity,2,,,25,27,0,189,1
b117,3,2,2,infinity,3,,,26,28,0,192,1
b117,3,2,3,infinity,4,,,27,29,0,199,1
b117,3,3,0,infinity,1,,,24,26,0,177,1
b117,3,3,1,infinity,2,,,25,27,0,189,1
b117,3,3,2,infinity,3,,,26,28,0,192,1
b117,3,3,3,infinity,4,,,27,29,0,199,1
b118,0,0,0,infinity,1,,,12,14,0,32,1
b118,0,0,1,infinity,2,,,13,15,0,33,1
b118,0,0,2,infinity,3,,,14,16,0,34,1
b118,0,0,3,infinity,4,,,15,17,0,35,1
b118,1,0,0,infinity,1,,,16,18,0,44,1
b118,1,0,1,infinity,2,,,17,19,0,63,1
b118,1,0,2,infinity,3,,,18,20,0,47,1
b118,1,0,3,infinity,4,,,19,21,0,67,1
b118,1,1,0,infinity,1,,,16,18,0,43,1
b118,1,1,1,infinity,2,,,17,19,0,63,1
b118,1,1,2,infinity,3,,,18,20,0,48,1
b118,1,1,3,infinity,4,,,19,21,0,67,1
b118,2,0,0,infinity,1,,,20,22,0,56,1
b118,2,0,1,infinity,2,,,21,23,0,79,1
b118,2,0,2,infinity,3,,,22,24,0,59,1
b118,2,0,3,infinity,4,,,23,25,0,83,1
b118,2,1,0,infinity,1,,,20,22,0,55,1
b118,2,1,1,infinity,2,,,21,23,0,79,1
b118,2,1,2,infinity,3,,,22,24,0,60,1
b118,2,1,3,infinity,4,,,23,25,0,83,1
b118,2,2,0,infinity,1,,,20,22,0,55,1
b118,2,2,1,infinity,2,,,21,23,0,79,1
b118,2,2,2,infinity,3,,,22,24,0,60,1
b118,2,2,3,infinity,4,,,23,25,0,83,1
b118,3,0,0,infinity,1,,,24,26,0,68,1
b118,3,0,1,infinity,2,,,25,27,0,95,1
b118,3,0,2,infinity,3,,,26,28,0,71,1
b118,3,0,3,infinity,4,,,27,29,0,99,1
b118,3,1,0,infinity,1,,,24,26,0,67,1
b118,3,1,1,infinity,2,,,25,27,0,95,1
b118,3,1,2,infinity,3,,,26,28,0,72,1
b118,3,1,3,infinity,4,,,27,29,0,99,1
b118,3,2,0,infinity,1,,,24,26,0,67,1
b118,3,2,1,infinity,2,,,25,27,0,95,1
b118,3,2,2,infinity,3,,,26,28,0,72,1
b118,3,2,3,infinity,4,,,27,29,0,99,1
b118,3,3,0,infinity,1,,,24,26,0,67,1
b118,3,3,1,infinity,2,,,25,27,0,95,1
b118,3,3,2,infinity,3,,,26,28,0,72,1
b118,3,3,3,infinity,4,,,27,29,0,99,1
b119,0,0,0,infinity,1,,,12,14,0,46,1
b119,0,0,1,infinity,2,,,13,15,0,48,1
b119,0,0,2,infinity,3,,,14,16,0,50,1
b119,0,0,3,infinity,4,,,15,17,0,52,1
b119,1,0,0,infinity,1,,,16,18,0,79,1
b119,1,0,1,infinity,2,,,17,19,0,82,1
b119,1,0,2,infinity,3,,,18,20,0,86,1
b119,1,0,3,infinity,4,,,19,21,0,90,1
b119,1,1,0,infinity,1,,,16,18,0,78,1
b119,1,1,1,infinity,2,,,17,19,0,83,1
b119,1,1,2,infinity,3,,,18,20,0,87,1
b119,1,1,3,infinity,4,,,19,21,0,91,1
b119,2,0,0,infinity,1,,,20,22,0,99,1
b119,2,0,1,infinity,2,,,21,23,0,102,1
b119,2,0,2,infinity,3,,,22,24,0,106,1
b119,2,0,3,infinity,4,,,23,25,0,110,1
b119,2,1,0,infinity,1,,,20,22,0,98,1
b119,2,1,1,infinity,2,,,21,23,0,103,1
b119,2,1,2,infinity,3,,,22,24,0,107,1
b119,2,1,3,infinity,4,,,23,25,0,111,1
b119,2,2,0,infinity,1,,,20,22,0,98,1
b119,2,2,1,infinity,2,,,21,23,0,103,1
b119,2,2,2,infinity,3,,,22,24,0,107,1
b119,2,2,3,infinity,4,,,23,25,0,111,1
b119,3,0,0,infinity,1,,,24,26,0,119,1
b119,3,0,1,infinity,2,,,25,27,0,122,1
b119,3,0,2,infinity,3,,,26,28,0,126,1
b119,3,0,3,infinity,4,,,27,29,0,130,1
b119,3,1,0,infinity,1,,,24,26,0,118,1
b119,3,1,1,infinity,2,,,25,27,0,123,1
b119,3,1,2,infinity,3,,,26,28,0,127,1
b119,3,1,3,infinity,4,,,27,29,0,131,1
b119,3,2,0,infinity,1,,,24,26,0,118,1
b119,3,2,1,infinity,2,,,25,27,0,123,1
b119,3,2,2,infinity,3,,,26,28,0,127,1
b119,3,2,3,infinity,4,,,27,29,0,131,1
b119,3,3,0,infinity,1,,,24,26,0,118,1
b119,3,3,1,infinity,2,,,25,27,0,123,1
b119,3,3,2,infinity,3,,,26,28,0,127,1
b119,3,3,3,infinity,4,,,27,29,0,131,1
b120,0,0,0,2,1,,,12,14,0,11,1
b120,0,0,1,2,2,,,13,15,0,7,1
b120,0,0,2,3,3,,,14,16,0,9,1
b120,0,0,3,4,4,,,15,17,0,9,1
b120,1,0,0,2,1,,,16,18,0,15,1
b120,1,0,1,2,2,,,17,19,0,10,1
b120,1,0,2,3,3,,,18,20,0,12,1
b120,1,0,3,4,4,,,19,21,0,12,1
b120,1,1,0,2,1,,,16,18,0,14,1
b120,1,1,1,2,2,,,17,19,0,11,1
b120,1,1,2,3,3,,,18,20,0,12,1
b120,1,1,3,4,4,,,19,21,0,12,1
b120,2,0,0,2,1,,,20,22,0,19,1
b120,2,0,1,2,2,,,21,23,0,12,1
b120,2,0,2,3,3,,,22,24,0,14,1
b120,2,0,3,4,4,,,23,25,0,14,1
b120,2,1,0,2,1,,,20,22,0,18,1
b120,2,1,1,2,2,,,21,23,0,13,1
b120,2,1,2,3,3,,,22,24,0,14,1
b120,2,1,3,4,4,,,23,25,0,14,1
b120,2,2,0,2,1,,,20,22,0,17,1
b120,2,2,1,2,2,,,21,23,0,13,1
b120,2,2,2,3,3,,,22,24,0,14,1
b120,2,2,3,4,4,,,23,25,0,14,1
b120,3,0,0,2,1,,,24,26,0,23,1
b120,3,0,1,2,2,,,25,27,0,14,1
b120,3,0,2,3,3,,,26,28,0,16,1
b120,3,0,3,4,4,,,27,29,0,16,1
b120,3,1,0,2,1,,,24,26,0,22,1
b120,3,1,1,2,2,,,25,27,0,15,1
b120,3,1,2,3,3,,,26,28,0,16,1
b120,3,1,3,4,4,,,27,29,0,16,1
b120,3,2,0,2,1,,,24,26,0,21,1
b120,3,2,1,2,2,,,25,27,0,15,1
b120,3,2,2,3,3,,,26,28,0,16,1
b120,3,2,3,4,4,,,27,29,0,16,1
b120,3,3,0,2,1,,,24,26,0,20,1
b120,3,3,1,2,2,,,25,27,0,15,1
b120,3,3,2,3,3,,,26,28,0,16,1
b120,3,3,3,4,4,,,27,29,0,16,1
b121,0,0,0,2,1,,,12,14,0,21,1
b121,0,0,1,2,2,,,13,15,0,20,1
b121,0,0,2,3,3,,,14,16,0,23,1
b121,0,0,3,4,4,,,15,17,0,24,1
b121,1,0,0,3,1,,,16,18,0,28,1
b121,1,0,1,3,2,,,17,19,0,28,1
b121,1,0,2,4,3,,,18,20,0,32,1
b121,1,0,3,5,4,,,19,21,0,33,1
b121,1,1,0,3,1,,,16,18,0,27,1
b121,1,1,1,3,2,,,17,19,0,29,1
b121,1,1,2,4,3,,,18,20,0,32,1
b121,1,1,3,5,4,,,19,21,0,33,1
b121,2,0,0,4,1,,,20,22,0,35,1
b121,2,0,1,4,2,,,21,23,0,35,1
b121,2,0,2,5,3,,,22,24,0,40,1
b121,2,0,3,6,4,,,23,25,0,41,1
b121,2,1,0,4,1,,,20,22,0,34,1
b121,2,1,1,4,2,,,21,23,0,36,1
b121,2,1,2,5,3,,,22,24,0,40,1
b121,2,1,3,6,4,,,23,25,0,41,1
b121,2,2,0,4,1,,,20,22,0,34,1
b121,2,2,1,4,2,,,21,23,0,36,1
b121,2,2,2,5,3,,,22,24,0,40,1
b121,2,2,3,6,4,,,23,25,0,41,1
b121,3,0,0,5,1,,,24,26,0,42,1
b121,3,0,1,5,2,,,25,27,0,42,1
b121,3,0,2,6,3,,,26,28,0,48,1
b121,3,0,3,7,4,,,27,29,0,49,1
b121,3,1,0,5,1,,,24,26,0,41,1
b121,3,1,1,5,2,,,25,27,0,43,1
b121,3,1,2,6,3,,,26,28,0,48,1
b121,3,1,3,7,4,,,27,29,0,49,1
b121,3,2,0,5,1,,,24,26,0,41,1
b121,3,2,1,5,2,,,25,27,0,43,1
b121,3,2,2,6,3,,,26,28,0,48,1
b121,3,2,3,7,4,,,27,29,0,49,1
b121,3,3,0,5,1,,,24,26,0,41,1
b121,3,3,1,5,2,,,25,27,0,43,1
b121,3,3,2,6,3,,,26,28,0,48,1
b121,3,3,3,7,4,,,27,29,0,49,1
b122,0,0,0,2,1,,,12,14,0,10,1
b122,0,0,1,2,2,,,13,15,0,6,1
b122,0,0,2,3,3,,,14,16,0,8,1
b122,0,0,3,4,4,,,15,17,0,8,1
b122,1,0,0,2,1,,,16,18,0,14,1
b122,1,0,1,2,2,,,17,19,0,9,1
b122,1,0,2,3,3,,,18,20,0,11,1
b122,1,0,3,4,4,,,19,21,0,11,1
b122,1,1,0,2,1,,,16,18,0,13,1
b122,1,1,1,2,2,,,17,19,0,10,1
b122,1,1,2,3,3,,,18,20,0,11,1
b122,1,1,3,4,4,,,19,21,0,11,1
b122,2,0,0,2,1,,,20,22,0,18,1
b122,2,0,1,2,2,,,21,23,0,11,1
b122,2,0,2,3,3,,,22,24,0,13,1
b122,2,0,3,4,4,,,23,25,0,13,1
b122,2,1,0,2,1,,,20,22,0,17,1
b122,2,1,1,2,2,,,21,23,0,12,1
b122,2,1,2,3,3,,,22,24,0,13,1
b122,2,1,3,4,4,,,23,25,0,13,1
b122,2,2,0,2,1,,,20,22,0,16,1
b122,2,2,1,2,2,,,21,23,0,12,1
b122,2,2,2,3,3,,,22,24,0,13,1
b122,2,2,3,4,4,,,23,25,0,13,1
b122,3,0,0,2,1,,,24,26,0,22,1
b122,3,0,1,2,2,,,25,27,0,13,1
b122,3,0,2,3,3,,,26,28,0,15,1
b122,3,0,3,4,4,,,27,29,0,15,1
b122,3,1,0,2,1,,,24,26,0,21,1
b122,3,1,1,2,2,,,25,27,0,14,1
b122,3,1,2,3,3,,,26,28,0,15,1
b122,3,1,3,4,4,,,27,29,0,15,1
b122,3,2,0,2,1,,,24,26,0,20,1
b122,3,2,1,2,2,,,25,27,0,14,1
b122,3,2,2,3,3,,,26,28,0,15,1
b122,3,2,3,4,4,,,27,29,0,15,1
b122,3,3,0,2,1,,,24,26,0,19,1
b122,3,3,1,2,2,,,25,27,0,14,1
b122,3,3,2,3,3,,,26,28,0,15,1
b122,3,3,3,4,4,,,27,29,0,15,1
b123,0,0,0,2,1,,,12,14,0,11,1
b123,0,0,1,2,2,,,13,15,0,9,1
b123,0,0,2,3,3,,,14,16,0,11,1
b123,0,0,3,4,4,,,15,17,0,11,1
b123,1,0,0,3,1,,,16,18,0,17,1
b123,1,0,1,3,2,,,17,19,0,16,1
b123,1,0,2,4,3,,,18,20,0,18,1
b123,1,0,3,5,4,,,19,21,0,18,1
b123,1,1,0,3,1,,,16,18,0,16,1
b123,1,1,1,3,2,,,17,19,0,17,1
b123,1,1,2,4,3,,,18,20,0,18,1
b123,1,1,3,5,4,,,19,21,0,18,1
b123,2,0,0,3,1,,,20,22,0,21,1
b123,2,0,1,3,2,,,21,23,0,20,1
b123,2,0,2,4,3,,,22,24,0,22,1
b123,2,0,3,5,4,,,23,25,0,22,1
b123,2,1,0,3,1,,,20,22,0,20,1
b123,2,1,1,3,2,,,21,23,0,21,1
b123,2,1,2,4,3,,,22,24,0,22,1
b123,2,1,3,5,4,,,23,25,0,22,1
b123,2,2,0,3,1,,,20,22,0,20,1
b123,2,2,1,3,2,,,21,23,0,21,1
b123,2,2,2,4,3,,,22,24,0,22,1
b123,2,2,3,5,4,,,23,25,0,22,1
b123,3,0,0,3,1,,,24,26,0,25,1
b123,3,0,1,3,2,,,25,27,0,24,1
b123,3,0,2,4,3,,,26,28,0,26,1
b123,3,0,3,5,4,,,27,29,0,26,1
b123,3,1,0,3,1,,,24,26,0,24,1
b123,3,1,1,3,2,,,25,27,0,25,1
b123,3,1,2,4,3,,,26,28,0,26,1
b123,3,1,3,5,4,,,27,29,0,26,1
b123,3,2,0,3,1,,,24,26,0,24,1
b123,3,2,1,3,2,,,25,27,0,25,1
b123,3,2,2,4,3,,,26,28,0,26,1
b123,3,2,3,5,4,,,27,29,0,26,1
b123,3,3,0,3,1,,,24,26,0,24,1
b123,3,3,1,3,2,,,25,27,0,25,1
b123,3,3,2,4,3,,,26,28,0,26,1
b123,3,3,3,5,4,,,27,29,0,26,1
b124,0,0,0,2,1,,,12,14,0,9,1
b124,0,0,1,3,2,,,13,15,0,9,1
b124,0,0,2,4,3,,,14,16,0,9,1
b124,0,0,3,5,4,,,15,17,0,9,1
b124,1,0,0,2,1,,,16,18,0,13,1
b124,1,0,1,3,2,,,17,19,0,15,1
b124,1,0,2,4,3,,,18,20,0,15,1
b124,1,0,3,5,4,,,19,21,0,15,1
b124,1,1,0,2,1,,,16,18,0,13,1
b124,1,1,1,3,2,,,17,19,0,15,1
b124,1,1,2,4,3,,,18,20,0,15,1
b124,1,1,3,5,4,,,19,21,0,15,1
b124,2,0,0,2,1,,,20,22,0,17,1
b124,2,0,1,3,2,,,21,23,0,19,1
b124,2,0,2,4,3,,,22,24,0,19,1
b124,2,0,3,5,4,,,23,25,0,19,1
b124,2,1,0,2,1,,,20,22,0,17,1
b124,2,1,1,3,2,,,21,23,0,19,1
b124,2,1,2,4,3,,,22,24,0,19,1
b124,2,1,3,5,4,,,23,25,0,19,1
b124,2,2,0,2,1,,,20,22,0,17,1
b124,2,2,1,3,2,,,21,23,0,19,1
b124,2,2,2,4,3,,,22,24,0,19,1
b124,2,2,3,5,4,,,23,25,0,19,1
b124,3,0,0,2,1,,,24,26,0,21,1
b124,3,0,1,3,2,,,25,27,0,23,1
b124,3,0,2,4,3,,,26,28,0,23,1
b124,3,0,3,5,4,,,27,29,0,23,1
b124,3,1,0,2,1,,,24,26,0,21,1
b124,3,1,1,3,2,,,25,27,0,23,1
b124,3,1,2,4,3,,,26,28,0,23,1
b124,3,1,3,5,4,,,27,29,0,23,1
b124,3,2,0,2,1,,,24,26,0,21,1
b124,3,2,1,3,2,,,25,27,0,23,1
b124,3,2,2,4,3,,,26,28,0,23,1
b124,3,2,3,5,4,,,27,29,0,23,1
b124,3,3,0,2,1,,,24,26,0,21,1
b124,3,3,1,3,2,,,25,27,0,23,1
b124,3,3,2,4,3,,,26,28,0,23,1
b124,3,3,3,5,4,,,27,29,0,23,1
b125,0,0,0,2,1,,,12,14,0,18,1
b125,0,0,1,3,2,,,13,15,0,21,1
b125,0,0,2,4,3,,,14,16,0,22,1
b125,0,0,3,5,4,,,15,17,0,23,1
b125,1,0,0,3,1,,,16,18,0,24,1
b125,1,0,1,4,2,,,17,19,0,28,1
b125,1,0,2,5,3,,,18,20,0,29,1
b125,1,0,3,6,4,,,19,21,0,30,1
b125,1,1,0,3,1,,,16,18,0,24,1
b125,1,1,1,4,2,,,17,19,0,28,1
b125,1,1,2,5,3,,,18,20,0,29,1
b125,1,1,3,6,4,,,19,21,0,30,1
b125,2,0,0,4,1,,,20,22,0,30,1
b125,2,0,1,5,2,,,21,23,0,35,1
b125,2,0,2,6,3,,,22,24,0,36,1
b125,2,0,3,7,4,,,23,25,0,37,1
b125,2,1,0,4,1,,,20,22,0,30,1
b125,2,1,1,5,2,,,21,23,0,35,1
b125,2,1,2,6,3,,,22,24,0,36,1
b125,2,1,3,7,4,,,23,25,0,37,1
b125,2,2,0,4,1,,,20,22,0,30,1
b125,2,2,1,5,2,,,21,23,0,35,1
b125,2,2,2,6,3,,,22,24,0,36,1
b125,2,2,3,7,4,,,23,25,0,37,1
b125,3,0,0,5,1,,,24,26,0,36,1
b125,3,0,1,6,2,,,25,27,0,42,1
b125,3,0,2,7,3,,,26,28,0,43,1
b125,3,0,3,8,4,,,27,29,0,44,1
b125,3,1,0,5,1,,,24,26,0,36,1
b125,3,1,1,6,2,,,25,27,0,42,1
b125,3,1,2,7,3,,,26,28,0,43,1
b125,3,1,3,8,4,,,27,29,0,44,1
b125,3,2,0,5,1,,,24,26,0,36,1
b125,3,2,1,6,2,,,25,27,0,42,1
b125,3,2,2,7,3,,,26,28,0,43,1
b125,3,2,3,8,4,,,27,29,0,44,1
b125,3,3,0,5,1,,,24,26,0,36,1
b125,3,3,1,6,2,,,25,27,0,42,1
b125,3,3,2,7,3,,,26,28,0,43,1
b125,3,3,3,8,4,,,27,29,0,44,1
b126,0,0,0,2,1,,,12,14,0,8,1
b126,0,0,1,3,2,,,13,15,0,8,1
b126,0,0,2,4,3,,,14,16,0,8,1
b126,0,0,3,5,4,,,15,17,0,8,1
b126,1,0,0,2,1,,,16,18,0,12,1
b126,1,0,1,3,2,,,17,19,0,14,1
b126,1,0,2,4,3,,,18,20,0,14,1
b126,1,0,3,5,4,,,19,21,0,14,1
b126,1,1,0,2,1,,,16,18,0,11,1
b126,1,1,1,3,2,,,17,19,0,14,1
b126,1,1,2,4,3,,,18,20,0,14,1
b126,1,1,3,5,4,,,19,21,0,14,1
b126,2,0,0,2,1,,,20,22,0,16,1
b126,2,0,1,3,2,,,21,23,0,18,1
b126,2,0,2,4,3,,,22,24,0,18,1
b126,2,0,3,5,4,,,23,25,0,18,1
b126,2,1,0,2,1,,,20,22,0,15,1
b126,2,1,1,3,2,,,21,23,0,18,1
b126,2,1,2,4,3,,,22,24,0,18,1
b126,2,1,3,5,4,,,23,25,0,18,1
b126,2,2,0,2,1,,,20,22,0,14,1
b126,2,2,1,3,2,,,21,23,0,18,1
b126,2,2,2,4,3,,,22,24,0,18,1
b126,2,2,3,5,4,,,23,25,0,18,1
b126,3,0,0,2,1,,,24,26,0,20,1
b126,3,0,1,3,2,,,25,27,0,22,1
b126,3,0,2,4,3,,,26,28,0,22,1
b126,3,0,3,5,4,,,27,29,0,22,1
b126,3,1,0,2,1,,,24,26,0,19,1
b126,3,1,1,3,2,,,25,27,0,22,1
b126,3,1,2,4,3,,,26,28,0,22,1
b126,3,1,3,5,4,,,27,29,0,22,1
b126,3,2,0,2,1,,,24,26,0,18,1
b126,3,2,1,3,2,,,25,27,0,22,1
b126,3,2,2,4,3,,,26,28,0,22,1
b126,3,2,3,5,4,,,27,29,0,22,1
b126,3,3,0,2,1,,,24,26,0,17,1
b126,3,3,1,3,2,,,25,27,0,22,1
b126,3,3,2,4,3,,,26,28,0,22,1
b126,3,3,3,5,4,,,27,29,0,22,1
b127,0,0,0,2,1,,,12,14,0,8,1
b127,0,0,1,3,2,,,13,15,0,9,1
b127,0,0,2,4,3,,,14,16,0,9,1
b127,0,0,3,5,4,,,15,17,0,9,1
b127,1,0,0,2,1,,,16,18,0,11,1
b127,1,0,1,3,2,,,17,19,0,15,1
b127,1,0,2,4,3,,,18,20,0,15,1
b127,1,0,3,5,4,,,19,21,0,15,1
b127,1,1,0,2,1,,,16,18,0,10,1
b127,1,1,1,3,2,,,17,19,0,11,1
b127,1,1,2,4,3,,,18,20,0,11,1
b127,1,1,3,5,4,,,19,21,0,11,1
b127,2,0,0,2,1,,,20,22,0,14,1
b127,2,0,1,3,2,,,21,23,0,19,1
b127,2,0,2,4,3,,,22,24,0,19,1
b127,2,0,3,5,4,,,23,25,0,19,1
b127,2,1,0,2,1,,,20,22,0,13,1
b127,2,1,1,3,2,,,21,23,0,19,1
b127,2,1,2,4,3,,,22,24,0,19,1
b127,2,1,3,5,4,,,23,25,0,19,1
b127,2,2,0,2,1,,,20,22,0,12,1
b127,2,2,1,3,2,,,21,23,0,13,1
b127,2,2,2,4,3,,,22,24,0,13,1
b127,2,2,3,5,4,,,23,25,0,13,1
b127,3,0,0,2,1,,,24,26,0,17,1
b127,3,0,1,3,2,,,25,27,0,23,1
b127,3,0,2,4,3,,,26,28,0,23,1
b127,3,0,3,5,4,,,27,29,0,23,1
b127,3,1,0,2,1,,,24,26,0,16,1
b127,3,1,1,3,2,,,25,27,0,23,1
b127,3,1,2,4,3,,,26,28,0,23,1
b127,3,1,3,5,4,,,27,29,0,23,1
b127,3,2,0,2,1,,,24,26,0,15,1
b127,3,2,1,3,2,,,25,27,0,23,1
b127,3,2,2,4,3,,,26,28,0,23,1
b127,3,2,3,5,4,,,27,29,0,23,1
b127,3,3,0,2,1,,,24,26,0,14,1
b127,3,3,1,3,2,,,25,27,0,15,1
b127,3,3,2,4,3,,,26,28,0,15,1
b127,3,3,3,5,4,,,27,29,0,15,1
b128,0,0,0,1,0,,,12,14,0,6,1
b128,0,0,1,1,1,,,13,15,0,6,1
b128,0,0,2,2,2,,,14,16,0,6,1
b128,0,0,3,3,3,,,15,17,0,6,1
b128,1,0,0,1,0,,,16,18,0,9,1
b128,1,0,1,1,1,,,17,19,0,8,1
b128,1,0,2,2,2,,,18,20,0,8,1
b128,1,0,3,3,3,,,19,21,0,8,1
b128,1,1,0,1,0,,,16,18,0,8,1
b128,1,1,1,1,1,,,17,19,0,8,1
b128,1,1,2,2,2,,,18,20,0,8,1
b128,1,1,3,3,3,,,19,21,0,8,1
b128,2,0,0,1,0,,,20,22,0,12,1
b128,2,0,1,1,1,,,21,23,0,10,1
b128,2,0,2,2,2,,,22,24,0,10,1
b128,2,0,3,3,3,,,23,25,0,10,1
b128,2,1,0,1,0,,,20,22,0,11,1
b128,2,1,1,1,1,,,21,23,0,10,1
b128,2,1,2,2,2,,,22,24,0,10,1
b128,2,1,3,3,3,,,23,25,0,10,1
b128,2,2,0,1,0,,,20,22,0,10,1
b128,2,2,1,1,1,,,21,23,0,10,1
b128,2,2,2,2,2,,,22,24,0,10,1
b128,2,2,3,3,3,,,23,25,0,10,1
b128,3,0,0,1,0,,,24,26,0,15,1
b128,3,0,1,1,1,,,25,27,0,12,1
b128,3,0,2,2,2,,,26,28,0,12,1
b128,3,0,3,3,3,,,27,29,0,12,1
b128,3,1,0,1,0,,,24,26,0,14,1
b128,3,1,1,1,1,,,25,27,0,12,1
b128,3,1,2,2,2,,,26,28,0,12,1
b128,3,1,3,3,3,,,27,29,0,12,1
b128,3,2,0,1,0,,,24,26,0,13,1
b128,3,2,1,1,1,,,25,27,0,12,1
b128,3,2,2,2,2,,,26,28,0,12,1
b128,3,2,3,3,3,,,27,29,0,12,1
b128,3,3,0,1,0,,,24,26,0,12,1
b128,3,3,1,1,1,,,25,27,0,12,1
b128,3,3,2,2,2,,,26,28,0,12,1
b128,3,3,3,3,3,,,27,29,0,12,1
b129,0,0,0,1,0,,,12,14,0,18,1
b129,0,0,1,1,1,,,13,15,0,20,1
b129,0,0,2,2,2,,,14,16,0,21,1
b129,0,0,3,3,3,,,15,17,0,22,1
b129,1,0,0,2,0,,,16,18,0,24,1
b129,1,0,1,2,1,,,17,19,0,26,1
b129,1,0,2,2,2,,,18,20,0,27,1
b129,1,0,3,3,3,,,19,21,0,28,1
b129,1,1,0,2,0,,,16,18,0,24,1
b129,1,1,1,2,1,,,17,19,0,26,1
b129,1,1,2,2,2,,,18,20,0,27,1
b129,1,1,3,3,3,,,19,21,0,28,1
b129,2,0,0,3,0,,,20,22,0,30,1
b129,2,0,1,3,1,,,21,23,0,32,1
b129,2,0,2,3,2,,,22,24,0,33,1
b129,2,0,3,3,3,,,23,25,0,34,1
b129,2,1,0,3,0,,,20,22,0,30,1
b129,2,1,1,3,1,,,21,23,0,32,1
b129,2,1,2,3,2,,,22,24,0,33,1
b129,2,1,3,3,3,,,23,25,0,34,1
b129,2,2,0,3,0,,,20,22,0,30,1
b129,2,2,1,3,1,,,21,23,0,32,1
b129,2,2,2,3,2,,,22,24,0,33,1
b129,2,2,3,3,3,,,23,25,0,34,1
b129,3,0,0,4,0,,,24,26,0,36,1
b129,3,0,1,4,1,,,25,27,0,38,1
b129,3,0,2,4,2,,,26,28,0,39,1
b129,3,0,3,4,3,,,27,29,0,40,1
b129,3,1,0,4,0,,,24,26,0,36,1
b129,3,1,1,4,1,,,25,27,0,38,1
b129,3,1,2,4,2,,,26,28,0,39,1
b129,3,1,3,4,3,,,27,29,0,40,1
b129,3,2,0,4,0,,,24,26,0,36,1
b129,3,2,1,4,1,,,25,27,0,38,1
b129,3,2,2,4,2,,,26,28,0,39,1
b129,3,2,3,4,3,,,27,29,0,40,1
b129,3,3,0,4,0,,,24,26,0,36,1
b129,3,3,1,4,1,,,25,27,0,38,1
b129,3,3,2,4,2,,,26,28,0,39,1
b129,3,3,3,4,3,,,27,29,0,40,1
b130,0,0,0,1,0,,,12,14,0,6,1
b130,0,0,1,1,1,,,13,15,0,5,1
b130,0,0,2,2,2,,,14,16,0,5,1
b130,0,0,3,3,3,,,15,17,0,5,1
b130,1,0,0,1,0,,,16,18,0,9,1
b130,1,0,1,1,1,,,17,19,0,7,1
b130,1,0,2,2,2,,,18,20,0,7,1
b130,1,0,3,3,3,,,19,21,0,7,1
b130,1,1,0,1,0,,,16,18,0,8,1
b130,1,1,1,1,1,,,17,19,0,7,1
b130,1,1,2,2,2,,,18,20,0,7,1
b130,1,1,3,3,3,,,19,21,0,7,1
b130,2,0,0,1,0,,,20,22,0,12,1
b130,2,0,1,1,1,,,21,23,0,9,1
b130,2,0,2,2,2,,,22,24,0,9,1
b130,2,0,3,3,3,,,23,25,0,9,1
b130,2,1,0,1,0,,,20,22,0,11,1
b130,2,1,1,1,1,,,21,23,0,9,1
b130,2,1,2,2,2,,,22,24,0,9,1
b130,2,1,3,3,3,,,23,25,0,9,1
b130,2,2,0,1,0,,,20,22,0,10,1
b130,2,2,1,1,1,,,21,23,0,9,1
b130,2,2,2,2,2,,,22,24,0,9,1
b130,2,2,3,3,3,,,23,25,0,9,1
b130,3,0,0,1,0,,,24,26,0,15,1
b130,3,0,1,1,1,,,25,27,0,11,1
b130,3,0,2,2,2,,,26,28,0,11,1
b130,3,0,3,3,3,,,27,29,0,11,1
b130,3,1,0,1,0,,,24,26,0,14,1
b130,3,1,1,1,1,,,25,27,0,11,1
b130,3,1,2,2,2,,,26,28,0,11,1
b130,3,1,3,3,3,,,27,29,0,11,1
b130,3,2,0,1,0,,,24,26,0,13,1
b130,3,2,1,1,1,,,25,27,0,11,1
b130,3,2,2,2,2,,,26,28,0,11,1
b130,3,2,3,3,3,,,27,29,0,11,1
b130,3,3,0,1,0,,,24,26,0,12,1
b130,3,3,1,1,1,,,25,27,0,11,1
b130,3,3,2,2,2,,,26,28,0,11,1
b130,3,3,3,3,3,,,27,29,0,11,1
b131,0,0,0,1,0,,,12,14,0,6,1
b131,0,0,1,1,1,,,13,15,0,7,1
b131,0,0,2,2,2,,,14,16,0,6,1
b131,0,0,3,3,3,,,15,17,0,6,1
b131,1,0,0,2,0,,,16,18,0,11,1
b131,1,0,1,2,1,,,17,19,0,12,1
b131,1,0,2,2,2,,,18,20,0,8,1
b131,1,0,3,3,3,,,19,21,0,8,1
b131,1,1,0,2,0,,,16,18,0,11,1
b131,1,1,1,2,1,,,17,19,0,12,1
b131,1,1,2,2,2,,,18,20,0,8,1
b131,1,1,3,3,3,,,19,21,0,8,1
b131,2,0,0,2,0,,,20,22,0,14,1
b131,2,0,1,2,1,,,21,23,0,15,1
b131,2,0,2,2,2,,,22,24,0,10,1
b131,2,0,3,3,3,,,23,25,0,10,1
b131,2,1,0,2,0,,,20,22,0,14,1
b131,2,1,1,2,1,,,21,23,0,15,1
b131,2,1,2,2,2,,,22,24,0,10,1
b131,2,1,3,3,3,,,23,25,0,10,1
b131,2,2,0,2,0,,,20,22,0,14,1
b131,2,2,1,2,1,,,21,23,0,15,1
b131,2,2,2,2,2,,,22,24,0,10,1
b131,2,2,3,3,3,,,23,25,0,10,1
b131,3,0,0,2,0,,,24,26,0,17,1
b131,3,0,1,2,1,,,25,27,0,18,1
b131,3,0,2,2,2,,,26,28,0,12,1
b131,3,0,3,3,3,,,27,29,0,12,1
b131,3,1,0,2,0,,,24,26,0,17,1
b131,3,1,1,2,1,,,25,27,0,18,1
b131,3,1,2,2,2,,,26,28,0,12,1
b131,3,1,3,3,3,,,27,29,0,12,1
b131,3,2,0,2,0,,,24,26,0,17,1
b131,3,2,1,2,1,,,25,27,0,18,1
b131,3,2,2,2,2,,,26,28,0,12,1
b131,3,2,3,3,3,,,27,29,0,12,1
b131,3,3,0,2,0,,,24,26,0,17,1
b131,3,3,1,2,1,,,25,27,0,18,1
b131,3,3,2,2,2,,,26,28,0,12,1
b131,3,3,3,3,3,,,27,29,0,12,1
b132,0,0,0,2,0,,,12,14,0,10,1
b132,0,0,1,2,1,,,13,15,0,10,1
b132,0,0,2,2,2,,,14,16,0,7,1
b132,0,0,3,3,3,,,15,17,0,8,1
b132,1,0,0,2,0,,,16,18,0,15,1
b132,1,0,1,2,1,,,17,19,0,14,1
b132,1,0,2,2,2,,,18,20,0,10,1
b132,1,0,3,3,3,,,19,21,0,11,1
b132,1,1,0,2,0,,,16,18,0,14,1
b132,1,1,1,2,1,,,17,19,0,15,1
b132,1,1,2,2,2,,,18,20,0,11,1
b132,1,1,3,3,3,,,19,21,0,11,1
b132,2,0,0,2,0,,,20,22,0,19,1
b132,2,0,1,2,1,,,21,23,0,18,1
b132,2,0,2,2,2,,,22,24,0,12,1
b132,2,0,3,3,3,,,23,25,0,13,1
b132,2,1,0,2,0,,,20,22,0,18,1
b132,2,1,1,2,1,,,21,23,0,19,1
b132,2,1,2,2,2,,,22,24,0,13,1
b132,2,1,3,3,3,,,23,25,0,13,1
b132,2,2,0,2,0,,,20,22,0,18,1
b132,2,2,1,2,1,,,21,23,0,19,1
b132,2,2,2,2,2,,,22,24,0,13,1
b132,2,2,3,3,3,,,23,25,0,13,1
b132,3,0,0,2,0,,,24,26,0,23,1
b132,3,0,1,2,1,,,25,27,0,22,1
b132,3,0,2,2,2,,,26,28,0,14,1
b132,3,0,3,3,3,,,27,29,0,15,1
b132,3,1,0,2,0,,,24,26,0,22,1
b132,3,1,1,2,1,,,25,27,0,23,1
b132,3,1,2,2,2,,,26,28,0,15,1
b132,3,1,3,3,3,,,27,29,0,15,1
b132,3,2,0,2,0,,,24,26,0,22,1
b132,3,2,1,2,1,,,25,27,0,23,1
b132,3,2,2,2,2,,,26,28,0,15,1
b132,3,2,3,3,3,,,27,29,0,15,1
b132,3,3,0,2,0,,,24,26,0,22,1
b132,3,3,1,2,1,,,25,27,0,23,1
b132,3,3,2,2,2,,,26,28,0,15,1
b132,3,3,3,3,3,,,27,29,0,15,1
b133,0,0,0,2,0,,,12,14,0,31,1
b133,0,0,1,2,1,,,13,15,0,33,1
b133,0,0,2,2,2,,,14,16,0,34,1
b133,0,0,3,3,3,,,15,17,0,37,1
b133,1,0,0,3,0,,,16,18,0,42,1
b133,1,0,1,3,1,,,17,19,0,44,1
b133,1,0,2,3,2,,,18,20,0,45,1
b133,1,0,3,3,3,,,19,21,0,47,1
b133,1,1,0,3,0,,,16,18,0,41,1
b133,1,1,1,3,1,,,17,19,0,44,1
b133,1,1,2,3,2,,,18,20,0,46,1
b133,1,1,3,3,3,,,19,21,0,48,1
b133,2,0,0,4,0,,,20,22,0,53,1
b133,2,0,1,4,1,,,21,23,0,55,1
b133,2,0,2,4,2,,,22,24,0,56,1
b133,2,0,3,4,3,,,23,25,0,58,1
b133,2,1,0,4,0,,,20,22,0,52,1
b133,2,1,1,4,1,,,21,23,0,55,1
b133,2,1,2,4,2,,,22,24,0,57,1
b133,2,1,3,4,3,,,23,25,0,59,1
b133,2,2,0,4,0,,,20,22,0,52,1
b133,2,2,1,4,1,,,21,23,0,55,1
b133,2,2,2,4,2,,,22,24,0,57,1
b133,2,2,3,4,3,,,23,25,0,59,1
b133,3,0,0,5,0,,,24,26,0,64,1
b133,3,0,1,5,1,,,25,27,0,66,1
b133,3,0,2,5,2,,,26,28,0,67,1
b133,3,0,3,5,3,,,27,29,0,69,1
b133,3,1,0,5,0,,,24,26,0,63,1
b133,3,1,1,5,1,,,25,27,0,66,1
b133,3,1,2,5,2,,,26,28,0,68,1
b133,3,1,3,5,3,,,27,29,0,70,1
b133,3,2,0,5,0,,,24,26,0,63,1
b133,3,2,1,5,1,,,25,27,0,66,1
b133,3,2,2,5,2,,,26,28,0,68,1
b133,3,2,3,5,3,,,27,29,0,70,1
b133,3,3,0,5,0,,,24,26,0,63,1
b133,3,3,1,5,1,,,25,27,0,66,1
b133,3,3,2,5,2,,,26,28,0,68,1
b133,3,3,3,5,3,,,27,29,0,70,1
b134,0,0,0,2,0,,,12,14,0,8,1
b134,0,0,1,2,1,,,13,15,0,8,1
b134,0,0,2,2,2,,,14,16,0,5,1
b134,0,0,3,3,3,,,15,17,0,6,1
b134,1,0,0,2,0,,,16,18,0,12,1
b134,1,0,1,2,1,,,17,19,0,12,1
b134,1,0,2,2,2,,,18,20,0,7,1
b134,1,0,3,3,3,,,19,21,0,8,1
b134,1,1,0,2,0,,,16,18,0,11,1
b134,1,1,1,2,1,,,17,19,0,11,1
b134,1,1,2,2,2,,,18,20,0,8,1
b134,1,1,3,3,3,,,19,21,0,8,1
b134,2,0,0,2,0,,,20,22,0,16,1
b134,2,0,1,2,1,,,21,23,0,16,1
b134,2,0,2,2,2,,,22,24,0,9,1
b134,2,0,3,3,3,,,23,25,0,10,1
b134,2,1,0,2,0,,,20,22,0,15,1
b134,2,1,1,2,1,,,21,23,0,15,1
b134,2,1,2,2,2,,,22,24,0,10,1
b134,2,1,3,3,3,,,23,25,0,10,1
b134,2,2,0,2,0,,,20,22,0,14,1
b134,2,2,1,2,1,,,21,23,0,14,1
b134,2,2,2,2,2,,,22,24,0,10,1
b134,2,2,3,3,3,,,23,25,0,10,1
b134,3,0,0,2,0,,,24,26,0,20,1
b134,3,0,1,2,1,,,25,27,0,20,1
b134,3,0,2,2,2,,,26,28,0,11,1
b134,3,0,3,3,3,,,27,29,0,12,1
b134,3,1,0,2,0,,,24,26,0,19,1
b134,3,1,1,2,1,,,25,27,0,19,1
b134,3,1,2,2,2,,,26,28,0,12,1
b134,3,1,3,3,3,,,27,29,0,12,1
b134,3,2,0,2,0,,,24,26,0,18,1
b134,3,2,1,2,1,,,25,27,0,18,1
b134,3,2,2,2,2,,,26,28,0,12,1
b134,3,2,3,3,3,,,27,29,0,12,1
b134,3,3,0,2,0,,,24,26,0,17,1
b134,3,3,1,2,1,,,25,27,0,17,1
b134,3,3,2,2,2,,,26,28,0,12,1
b134,3,3,3,3,3,,,27,29,0,12,1
b135,0,0,0,2,0,,,12,14,0,8,1
b135,0,0,1,2,1,,,13,15,0,8,1
b135,0,0,2,2,2,,,14,16,0,7,1
b135,0,0,3,3,3,,,15,17,0,8,1
b135,1,0,0,2,0,,,16,18,0,11,1
b135,1,0,1,2,1,,,17,19,0,11,1
b135,1,0,2,2,2,,,18,20,0,10,1
b135,1,0,3,3,3,,,19,21,0,11,1
b135,1,1,0,2,0,,,16,18,0,10,1
b135,1,1,1,2,1,,,17,19,0,11,1
b135,1,1,2,2,2,,,18,20,0,11,1
b135,1,1,3,3,3,,,19,21,0,11,1
b135,2,0,0,2,0,,,20,22,0,14,1
b135,2,0,1,2,1,,,21,23,0,14,1
b135,2,0,2,2,2,,,22,24,0,12,1
b135,2,0,3,3,3,,,23,25,0,13,1
b135,2,1,0,2,0,,,20,22,0,13,1
b135,2,1,1,2,1,,,21,23,0,13,1
b135,2,1,2,2,2,,,22,24,0,13,1
b135,2,1,3,3,3,,,23,25,0,13,1
b135,2,2,0,2,0,,,20,22,0,12,1
b135,2,2,1,2,1,,,21,23,0,13,1
b135,2,2,2,2,2,,,22,24,0,13,1
b135,2,2,3,3,3,,,23,25,0,13,1
b135,3,0,0,2,0,,,24,26,0,17,1
b135,3,0,1,2,1,,,25,27,0,17,1
b135,3,0,2,2,2,,,26,28,0,14,1
b135,3,0,3,3,3,,,27,29,0,15,1
b135,3,1,0,2,0,,,24,26,0,16,1
b135,3,1,1,2,1,,,25,27,0,16,1
b135,3,1,2,2,2,,,26,28,0,15,1
b135,3,1,3,3,3,,,27,29,0,15,1
b135,3,2,0,2,0,,,24,26,0,15,1
b135,3,2,1,2,1,,,25,27,0,15,1
b135,3,2,2,2,2,,,26,28,0,15,1
b135,3,2,3,3,3,,,27,29,0,15,1
b135,3,3,0,2,0,,,24,26,0,14,1
b135,3,3,1,2,1,,,25,27,0,15,1
b135,3,3,2,2,2,,,26,28,0,15,1
b135,3,3,3,3,3,,,27,29,0,15,1
b136,0,0,0,1,0,,,12,14,0,7,1
b136,0,0,1,1,1,,,13,15,0,6,1
b136,0,0,2,2,2,,,14,16,0,7,1
b136,0,0,3,3,3,,,15,17,0,7,1
b136,1,0,0,1,0,,,16,18,0,9,1
b136,1,0,1,1,1,,,17,19,0,8,1
b136,1,0,2,2,2,,,18,20,0,9,1
b136,1,0,3,3,3,,,19,21,0,9,1
b136,1,1,0,1,0,,,16,18,0,8,1
b136,1,1,1,1,1,,,17,19,0,9,1
b136,1,1,2,2,2,,,18,20,0,9,1
b136,1,1,3,3,3,,,19,21,0,9,1
b136,2,0,0,1,0,,,20,22,0,12,1
b136,2,0,1,1,1,,,21,23,0,10,1
b136,2,0,2,2,2,,,22,24,0,11,1
b136,2,0,3,3,3,,,23,25,0,11,1
b136,2,1,0,1,0,,,20,22,0,11,1
b136,2,1,1,1,1,,,21,23,0,11,1
b136,2,1,2,2,2,,,22,24,0,11,1
b136,2,1,3,3,3,,,23,25,0,11,1
b136,2,2,0,1,0,,,20,22,0,10,1
b136,2,2,1,1,1,,,21,23,0,11,1
b136,2,2,2,2,2,,,22,24,0,11,1
b136,2,2,3,3,3,,,23,25,0,11,1
b136,3,0,0,1,0,,,24,26,0,15,1
b136,3,0,1,1,1,,,25,27,0,12,1
b136,3,0,2,2,2,,,26,28,0,13,1
b136,3,0,3,3,3,,,27,29,0,13,1
b136,3,1,0,1,0,,,24,26,0,14,1
b136,3,1,1,1,1,,,25,27,0,13,1
b136,3,1,2,2,2,,,26,28,0,13,1
b136,3,1,3,3,3,,,27,29,0,13,1
b136,3,2,0,1,0,,,24,26,0,13,1
b136,3,2,1,1,1,,,25,27,0,13,1
b136,3,2,2,2,2,,,26,28,0,13,1
b136,3,2,3,3,3,,,27,29,0,13,1
b136,3,3,0,1,0,,,24,26,0,12,1
b136,3,3,1,1,1,,,25,27,0,13,1
b136,3,3,2,2,2,,,26,28,0,13,1
b136,3,3,3,3,3,,,27,29,0,13,1
b137,0,0,0,1,0,,,12,14,0,20,1
b137,0,0,1,1,1,,,13,15,0,20,1
b137,0,0,2,2,2,,,14,16,0,22,1
b137,0,0,3,3,3,,,15,17,0,23,1
b137,1,0,0,2,0,,,16,18,0,26,1
b137,1,0,1,2,1,,,17,19,0,26,1
b137,1,0,2,2,2,,,18,20,0,28,1
b137,1,0,3,3,3,,,19,21,0,29,1
b137,1,1,0,2,0,,,16,18,0,25,1
b137,1,1,1,2,1,,,17,19,0,27,1
b137,1,1,2,2,2,,,18,20,0,28,1
b137,1,1,3,3,3,,,19,21,0,29,1
b137,2,0,0,3,0,,,20,22,0,32,1
b137,2,0,1,3,1,,,21,23,0,32,1
b137,2,0,2,3,2,,,22,24,0,34,1
b137,2,0,3,3,3,,,23,25,0,35,1
b137,2,1,0,3,0,,,20,22,0,31,1
b137,2,1,1,3,1,,,21,23,0,33,1
b137,2,1,2,3,2,,,22,24,0,34,1
b137,2,1,3,3,3,,,23,25,0,35,1
b137,2,2,0,3,0,,,20,22,0,31,1
b137,2,2,1,3,1,,,21,23,0,33,1
b137,2,2,2,3,2,,,22,24,0,34,1
b137,2,2,3,3,3,,,23,25,0,35,1
b137,3,0,0,4,0,,,24,26,0,38,1
b137,3,0,1,4,1,,,25,27,0,38,1
b137,3,0,2,4,2,,,26,28,0,40,1
b137,3,0,3,4,3,,,27,29,0,41,1
b137,3,1,0,4,0,,,24,26,0,37,1
b137,3,1,1,4,1,,,25,27,0,39,1
b137,3,1,2,4,2,,,26,28,0,40,1
b137,3,1,3,4,3,,,27,29,0,41,1
b137,3,2,0,4,0,,,24,26,0,37,1
b137,3,2,1,4,1,,,25,27,0,39,1
b137,3,2,2,4,2,,,26,28,0,40,1
b137,3,2,3,4,3,,,27,29,0,41,1
b137,3,3,0,4,0,,,24,26,0,37,1
b137,3,3,1,4,1,,,25,27,0,39,1
b137,3,3,2,4,2,,,26,28,0,40,1
b137,3,3,3,4,3,,,27,29,0,41,1
b138,0,0,0,1,0,,,12,14,0,6,1
b138,0,0,1,1,1,,,13,15,0,5,1
b138,0,0,2,2,2,,,14,16,0,6,1
b138,0,0,3,3,3,,,15,17,0,6,1
b138,1,0,0,1,0,,,16,18,0,9,1
b138,1,0,1,1,1,,,17,19,0,7,1
b138,1,0,2,2,2,,,18,20,0,8,1
b138,1,0,3,3,3,,,19,21,0,8,1
b138,1,1,0,1,0,,,16,18,0,8,1
b138,1,1,1,1,1,,,17,19,0,8,1
b138,1,1,2,2,2,,,18,20,0,8,1
b138,1,1,3,3,3,,,19,21,0,8,1
b138,2,0,0,1,0,,,20,22,0,12,1
b138,2,0,1,1,1,,,21,23,0,9,1
b138,2,0,2,2,2,,,22,24,0,10,1
b138,2,0,3,3,3,,,23,25,0,10,1
b138,2,1,0,1,0,,,20,22,0,11,1
b138,2,1,1,1,1,,,21,23,0,10,1
b138,2,1,2,2,2,,,22,24,0,10,1
b138,2,1,3,3,3,,,23,25,0,10,1
b138,2,2,0,1,0,,,20,22,0,10,1
b138,2,2,1,1,1,,,21,23,0,10,1
b138,2,2,2,2,2,,,22,24,0,10,1
b138,2,2,3,3,3,,,23,25,0,10,1
b138,3,0,0,1,0,,,24,26,0,15,1
b138,3,0,1,1,1,,,25,27,0,11,1
b138,3,0,2,2,2,,,26,28,0,12,1
b138,3,0,3,3,3,,,27,29,0,12,1
b138,3,1,0,1,0,,,24,26,0,14,1
b138,3,1,1,1,1,,,25,27,0,12,1
b138,3,1,2,2,2,,,26,28,0,12,1
b138,3,1,3,3,3,,,27,29,0,12,1
b138,3,2,0,1,0,,,24,26,0,13,1
b138,3,2,1,1,1,,,25,27,0,12,1
b138,3,2,2,2,2,,,26,28,0,12,1
b138,3,2,3,3,3,,,27,29,0,12,1
b138,3,3,0,1,0,,,24,26,0,12,1
b138,3,3,1,1,1,,,25,27,0,12,1
b138,3,3,2,2,2,,,26,28,0,12,1
b138,3,3,3,3,3,,,27,29,0,12,1
b139,0,0,0,1,0,,,12,14,0,8,1
b139,0,0,1,1,1,,,13,15,0,7,1
b139,0,0,2,2,2,,,14,16,0,7,1
b139,0,0,3,3,3,,,15,17,0,7,1
b139,1,0,0,2,0,,,16,18,0,13,1
b139,1,0,1,2,1,,,17,19,0,12,1
b139,1,0,2,2,2,,,18,20,0,9,1
b139,1,0,3,3,3,,,19,21,0,9,1
b139,1,1,0,2,0,,,16,18,0,12,1
b139,1,1,1,2,1,,,17,19,0,13,1
b139,1,1,2,2,2,,,18,20,0,9,1
b139,1,1,3,3,3,,,19,21,0,9,1
b139,2,0,0,2,0,,,20,22,0,16,1
b139,2,0,1,2,1,,,21,23,0,15,1
b139,2,0,2,2,2,,,22,24,0,11,1
b139,2,0,3,3,3,,,23,25,0,11,1
b139,2,1,0,2,0,,,20,22,0,15,1
b139,2,1,1,2,1,,,21,23,0,16,1
b139,2,1,2,2,2,,,22,24,0,11,1
b139,2,1,3,3,3,,,23,25,0,11,1
b139,2,2,0,2,0,,,20,22,0,15,1
b139,2,2,1,2,1,,,21,23,0,16,1
b139,2,2,2,2,2,,,22,24,0,11,1
b139,2,2,3,3,3,,,23,25,0,11,1
b139,3,0,0,2,0,,,24,26,0,19,1
b139,3,0,1,2,1,,,25,27,0,18,1
b139,3,0,2,2,2,,,26,28,0,13,1
b139,3,0,3,3,3,,,27,29,0,13,1
b139,3,1,0,2,0,,,24,26,0,18,1
b139,3,1,1,2,1,,,25,27,0,19,1
b139,3,1,2,2,2,,,26,28,0,13,1
b139,3,1,3,3,3,,,27,29,0,13,1
b139,3,2,0,2,0,,,24,26,0,18,1
b139,3,2,1,2,1,,,25,27,0,19,1
b139,3,2,2,2,2,,,26,28,0,13,1
b139,3,2,3,3,3,,,27,29,0,13,1
b139,3,3,0,2,0,,,24,26,0,18,1
b139,3,3,1,2,1,,,25,27,0,19,1
b139,3,3,2,2,2,,,26,28,0,13,1
b139,3,3,3,3,3,,,27,29,0,13,1
b140,0,0,0,2,0,,,12,14,0,9,1
b140,0,0,1,2,1,,,13,15,0,9,1
b140,0,0,2,2,2,,,14,16,0,6,1
b140,0,0,3,3,3,,,15,17,0,6,1
b140,1,0,0,2,0,,,16,18,0,13,1
b140,1,0,1,2,1,,,17,19,0,14,1
b140,1,0,2,2,2,,,18,20,0,8,1
b140,1,0,3,3,3,,,19,21,0,8,1
b140,1,1,0,2,0,,,16,18,0,13,1
b140,1,1,1,2,1,,,17,19,0,14,1
b140,1,1,2,2,2,,,18,20,0,8,1
b140,1,1,3,3,3,,,19,21,0,8,1
b140,2,0,0,2,0,,,20,22,0,17,1
b140,2,0,1,2,1,,,21,23,0,18,1
b140,2,0,2,2,2,,,22,24,0,10,1
b140,2,0,3,3,3,,,23,25,0,10,1
b140,2,1,0,2,0,,,20,22,0,17,1
b140,2,1,1,2,1,,,21,23,0,18,1
b140,2,1,2,2,2,,,22,24,0,10,1
b140,2,1,3,3,3,,,23,25,0,10,1
b140,2,2,0,2,0,,,20,22,0,17,1
b140,2,2,1,2,1,,,21,23,0,18,1
b140,2,2,2,2,2,,,22,24,0,10,1
b140,2,2,3,3,3,,,23,25,0,10,1
b140,3,0,0,2,0,,,24,26,0,21,1
b140,3,0,1,2,1,,,25,27,0,22,1
b140,3,0,2,2,2,,,26,28,0,12,1
b140,3,0,3,3,3,,,27,29,0,12,1
b140,3,1,0,2,0,,,24,26,0,21,1
b140,3,1,1,2,1,,,25,27,0,22,1
b140,3,1,2,2,2,,,26,28,0,12,1
b140,3,1,3,3,3,,,27,29,0,12,1
b140,3,2,0,2,0,,,24,26,0,21,1
b140,3,2,1,2,1,,,25,27,0,22,1
b140,3,2,2,2,2,,,26,28,0,12,1
b140,3,2,3,3,3,,,27,29,0,12,1
b140,3,3,0,2,0,,,24,26,0,21,1
b140,3,3,1,2,1,,,25,27,0,22,1
b140,3,3,2,2,2,,,26,28,0,12,1
b140,3,3,3,3,3,,,27,29,0,12,1
b141,0,0,0,2,0,,,12,14,0,18,1
b141,0,0,1,2,1,,,13,15,0,20,1
b141,0,0,2,2,2,,,14,16,0,21,1
b141,0,0,3,3,3,,,15,17,0,22,1
b141,1,0,0,3,0,,,16,18,0,24,1
b141,1,0,1,3,1,,,17,19,0,26,1
b141,1,0,2,3,2,,,18,20,0,27,1
b141,1,0,3,3,3,,,19,21,0,28,1
b141,1,1,0,3,0,,,16,18,0,24,1
b141,1,1,1,3,1,,,17,19,0,26,1
b141,1,1,2,3,2,,,18,20,0,27,1
b141,1,1,3,3,3,,,19,21,0,28,1
b141,2,0,0,4,0,,,20,22,0,30,1
b141,2,0,1,4,1,,,21,23,0,32,1
b141,2,0,2,4,2,,,22,24,0,33,1
b141,2,0,3,4,3,,,23,25,0,34,1
b141,2,1,0,4,0,,,20,22,0,30,1
b141,2,1,1,4,1,,,21,23,0,32,1
b141,2,1,2,4,2,,,22,24,0,33,1
b141,2,1,3,4,3,,,23,25,0,34,1
b141,2,2,0,4,0,,,20,22,0,30,1
b141,2,2,1,4,1,,,21,23,0,32,1
b141,2,2,2,4,2,,,22,24,0,33,1
b141,2,2,3,4,3,,,23,25,0,34,1
b141,3,0,0,5,0,,,24,26,0,36,1
b141,3,0,1,5,1,,,25,27,0,38,1
b141,3,0,2,5,2,,,26,28,0,39,1
b141,3,0,3,5,3,,,27,29,0,40,1
b141,3,1,0,5,0,,,24,26,0,36,1
b141,3,1,1,5,1,,,25,27,0,38,1
b141,3,1,2,5,2,,,26,28,0,39,1
b141,3,1,3,5,3,,,27,29,0,40,1
b141,3,2,0,5,0,,,24,26,0,36,1
b141,3,2,1,5,1,,,25,27,0,38,1
b141,3,2,2,5,2,,,26,28,0,39,1
b141,3,2,3,5,3,,,27,29,0,40,1
b141,3,3,0,5,0,,,24,26,0,36,1
b141,3,3,1,5,1,,,25,27,0,38,1
b141,3,3,2,5,2,,,26,28,0,39,1
b141,3,3,3,5,3,,,27,29,0,40,1
b142,0,0,0,2,0,,,12,14,0,8,1
b142,0,0,1,2,1,,,13,15,0,8,1
b142,0,0,2,2,2,,,14,16,0,5,1
b142,0,0,3,3,3,,,15,17,0,5,1
b142,1,0,0,2,0,,,16,18,0,12,1
b142,1,0,1,2,1,,,17,19,0,12,1
b142,1,0,2,2,2,,,18,20,0,7,1
b142,1,0,3,3,3,,,19,21,0,7,1
b142,1,1,0,2,0,,,16,18,0,11,1
b142,1,1,1,2,1,,,17,19,0,11,1
b142,1,1,2,2,2,,,18,20,0,7,1
b142,1,1,3,3,3,,,19,21,0,7,1
b142,2,0,0,2,0,,,20,22,0,16,1
b142,2,0,1,2,1,,,21,23,0,16,1
b142,2,0,2,2,2,,,22,24,0,9,1
b142,2,0,3,3,3,,,23,25,0,9,1
b142,2,1,0,2,0,,,20,22,0,15,1
b142,2,1,1,2,1,,,21,23,0,15,1
b142,2,1,2,2,2,,,22,24,0,9,1
b142,2,1,3,3,3,,,23,25,0,9,1
b142,2,2,0,2,0,,,20,22,0,14,1
b142,2,2,1,2,1,,,21,23,0,14,1
b142,2,2,2,2,2,,,22,24,0,9,1
b142,2,2,3,3,3,,,23,25,0,9,1
b142,3,0,0,2,0,,,24,26,0,20,1
b142,3,0,1,2,1,,,25,27,0,20,1
b142,3,0,2,2,2,,,26,28,0,11,1
b142,3,0,3,3,3,,,27,29,0,11,1
b142,3,1,0,2,0,,,24,26,0,19,1
b142,3,1,1,2,1,,,25,27,0,19,1
b142,3,1,2,2,2,,,26,28,0,11,1
b142,3,1,3,3,3,,,27,29,0,11,1
b142,3,2,0,2,0,,,24,26,0,18,1
b142,3,2,1,2,1,,,25,27,0,18,1
b142,3,2,2,2,2,,,26,28,0,11,1
b142,3,2,3,3,3,,,27,29,0,11,1
b142,3,3,0,2,0,,,24,26,0,17,1
b142,3,3,1,2,1,,,25,27,0,17,1
b142,3,3,2,2,2,,,26,28,0,11,1
b142,3,3,3,3,3,,,27,29,0,11,1
b143,0,0,0,2,0,,,12,14,0,8,1
b143,0,0,1,2,1,,,13,15,0,8,1
b143,0,0,2,2,2,,,14,16,0,6,1
b143,0,0,3,3,3,,,15,17,0,6,1
b143,1,0,0,2,0,,,16,18,0,11,1
b143,1,0,1,2,1,,,17,19,0,11,1
b143,1,0,2,2,2,,,18,20,0,8,1
b143,1,0,3,3,3,,,19,21,0,8,1
b143,1,1,0,2,0,,,16,18,0,10,1
b143,1,1,1,2,1,,,17,19,0,10,1
b143,1,1,2,2,2,,,18,20,0,8,1
b143,1,1,3,3,3,,,19,21,0,8,1
b143,2,0,0,2,0,,,20,22,0,14,1
b143,2,0,1,2,1,,,21,23,0,14,1
b143,2,0,2,2,2,,,22,24,0,10,1
b143,2,0,3,3,3,,,23,25,0,10,1
b143,2,1,0,2,0,,,20,22,0,13,1
b143,2,1,1,2,1,,,21,23,0,13,1
b143,2,1,2,2,2,,,22,24,0,10,1
b143,2,1,3,3,3,,,23,25,0,10,1
b143,2,2,0,2,0,,,20,22,0,12,1
b143,2,2,1,2,1,,,21,23,0,12,1
b143,2,2,2,2,2,,,22,24,0,10,1
b143,2,2,3,3,3,,,23,25,0,10,1
b143,3,0,0,2,0,,,24,26,0,17,1
b143,3,0,1,2,1,,,25,27,0,17,1
b143,3,0,2,2,2,,,26,28,0,12,1
b143,3,0,3,3,3,,,27,29,0,12,1
b143,3,1,0,2,0,,,24,26,0,16,1
b143,3,1,1,2,1,,,25,27,0,16,1
b143,3,1,2,2,2,,,26,28,0,12,1
b143,3,1,3,3,3,,,27,29,0,12,1
b143,3,2,0,2,0,,,24,26,0,15,1
b143,3,2,1,2,1,,,25,27,0,15,1
b143,3,2,2,2,2,,,26,28,0,12,1
b143,3,2,3,3,3,,,27,29,0,12,1
b143,3,3,0,2,0,,,24,26,0,14,1
b143,3,3,1,2,1,,,25,27,0,14,1
b143,3,3,2,2,2,,,26,28,0,12,1
b143,3,3,3,3,3,,,27,29,0,12,1
b144,0,0,0,1,1,,,12,14,0,20,1
b144,0,0,1,1,1,,,13,15,0,22,1
b144,0,0,2,2,2,,,14,16,0,23,1
b144,0,0,3,3,3,,,15,17,0,24,1
b144,1,0,0,1,1,,,16,18,0,26,1
b144,1,0,1,2,1,,,17,19,0,29,1
b144,1,0,2,3,2,,,18,20,0,30,1
b144,1,0,3,4,3,,,19,21,0,31,1
b144,1,1,0,1,1,,,16,18,0,27,1
b144,1,1,1,1,1,,,17,19,0,27,1
b144,1,1,2,2,2,,,18,20,0,29,1
b144,1,1,3,3,3,,,19,21,0,30,1
b144,2,0,0,2,1,,,20,22,0,32,1
b144,2,0,1,3,1,,,21,23,0,36,1
b144,2,0,2,4,2,,,22,24,0,37,1
b144,2,0,3,5,3,,,23,25,0,38,1
b144,2,1,0,2,1,,,20,22,0,34,1
b144,2,1,1,2,1,,,21,23,0,33,1
b144,2,1,2,3,2,,,22,24,0,36,1
b144,2,1,3,4,3,,,23,25,0,37,1
b144,2,2,0,2,1,,,20,22,0,33,1
b144,2,2,1,2,1,,,21,23,0,34,1
b144,2,2,2,2,2,,,22,24,0,34,1
b144,2,2,3,3,3,,,23,25,0,36,1
b144,3,0,0,3,1,,,24,26,0,38,1
b144,3,0,1,4,1,,,25,27,0,43,1
b144,3,0,2,5,2,,,26,28,0,44,1
b144,3,0,3,6,3,,,27,29,0,45,1
b144,3,1,0,3,1,,,24,26,0,41,1
b144,3,1,1,3,1,,,25,27,0,39,1
b144,3,1,2,4,2,,,26,28,0,43,1
b144,3,1,3,5,3,,,27,29,0,44,1
b144,3,2,0,3,1,,,24,26,0,40,1
b144,3,2,1,3,1,,,25,27,0,41,1
b144,3,2,2,3,2,,,26,28,0,40,1
b144,3,2,3,4,3,,,27,29,0,43,1
b144,3,3,0,3,1,,,24,26,0,39,1
b144,3,3,1,3,1,,,25,27,0,40,1
b144,3,3,2,3,2,,,26,28,0,41,1
b144,3,3,3,3,3,,,27,29,0,41,1
b145,0,0,0,1,1,,,12,14,0,31,1
b145,0,0,1,1,1,,,13,15,0,34,1
b145,0,0,2,2,2,,,14,16,0,36,1
b145,0,0,3,3,3,,,15,17,0,38,1
b145,1,0,0,2,2,,,16,18,0,41,1
b145,1,0,1,2,2,,,17,19,0,45,1
b145,1,0,2,3,2,,,18,20,0,47,1
b145,1,0,3,4,3,,,19,21,0,49,1
b145,1,1,0,2,1,,,16,18,0,42,1
b145,1,1,1,2,2,,,17,19,0,43,1
b145,1,1,2,2,2,,,18,20,0,46,1
b145,1,1,3,3,3,,,19,21,0,48,1
b145,2,0,0,3,3,,,20,22,0,51,1
b145,2,0,1,3,3,,,21,23,0,56,1
b145,2,0,2,4,3,,,22,24,0,58,1
b145,2,0,3,5,3,,,23,25,0,60,1
b145,2,1,0,3,2,,,20,22,0,53,1
b145,2,1,1,3,3,,,21,23,0,53,1
b145,2,1,2,3,3,,,22,24,0,57,1
b145,2,1,3,4,3,,,23,25,0,59,1
b145,2,2,0,3,1,,,20,22,0,52,1
b145,2,2,1,3,2,,,21,23,0,54,1
b145,2,2,2,3,3,,,22,24,0,55,1
b145,2,2,3,3,3,,,23,25,0,58,1
b145,3,0,0,4,4,,,24,26,0,61,1
b145,3,0,1,4,4,,,25,27,0,67,1
b145,3,0,2,5,4,,,26,28,0,69,1
b145,3,0,3,6,4,,,27,29,0,71,1
b145,3,1,0,4,3,,,24,26,0,64,1
b145,3,1,1,4,4,,,25,27,0,63,1
b145,3,1,2,4,4,,,26,28,0,68,1
b145,3,1,3,5,4,,,27,29,0,70,1
b145,3,2,0,4,2,,,24,26,0,63,1
b145,3,2,1,4,3,,,25,27,0,65,1
b145,3,2,2,4,4,,,26,28,0,65,1
b145,3,2,3,4,4,,,27,29,0,69,1
b145,3,3,0,4,1,,,24,26,0,62,1
b145,3,3,1,4,2,,,25,27,0,64,1
b145,3,3,2,4,3,,,26,28,0,66,1
b145,3,3,3,4,4,,,27,29,0,67,1
b146,0,0,0,1,1,,,12,14,0,19,1
b146,0,0,1,1,1,,,13,15,0,21,1
b146,0,0,2,2,2,,,14,16,0,22,1
b146,0,0,3,3,3,,,15,17,0,23,1
b146,1,0,0,1,1,,,16,18,0,25,1
b146,1,0,1,2,1,,,17,19,0,28,1
b146,1,0,2,3,2,,,18,20,0,29,1
b146,1,0,3,4,3,,,19,21,0,30,1
b146,1,1,0,1,1,,,16,18,0,26,1
b146,1,1,1,1,1,,,17,19,0,26,1
b146,1,1,2,2,2,,,18,20,0,28,1
b146,1,1,3,3,3,,,19,21,0,29,1
b146,2,0,0,2,1,,,20,22,0,31,1
b146,2,0,1,3,1,,,21,23,0,35,1
b146,2,0,2,4,2,,,22,24,0,36,1
b146,2,0,3,5,3,,,23,25,0,37,1
b146,2,1,0,2,1,,,20,22,0,33,1
b146,2,1,1,2,1,,,21,23,0,32,1
b146,2,1,2,3,2,,,22,24,0,35,1
b146,2,1,3,4,3,,,23,25,0,36,1
b146,2,2,0,2,1,,,20,22,0,32,1
b146,2,2,1,2,1,,,21,23,0,33,1
b146,2,2,2,2,2,,,22,24,0,33,1
b146,2,2,3,3,3,,,23,25,0,35,1
b146,3,0,0,3,1,,,24,26,0,37,1
b146,3,0,1,4,1,,,25,27,0,42,1
b146,3,0,2,5,2,,,26,28,0,43,1
b146,3,0,3,6,3,,,27,29,0,44,1
b146,3,1,0,3,1,,,24,26,0,40,1
b146,3,1,1,3,1,,,25,27,0,38,1
b146,3,1,2,4,2,,,26,28,0,42,1
b146,3,1,3,5,3,,,27,29,0,43,1
b146,3,2,0,3,1,,,24,26,0,39,1
b146,3,2,1,3,1,,,25,27,0,40,1
b146,3,2,2,3,2,,,26,28,0,39,1
b146,3,2,3,4,3,,,27,29,0,42,1
b146,3,3,0,3,1,,,24,26,0,38,1
b146,3,3,1,3,1,,,25,27,0,39,1
b146,3,3,2,3,2,,,26,28,0,40,1
b146,3,3,3,3,3,,,27,29,0,40,1
b147,0,0,0,1,1,,,12,14,0,20,1
b147,0,0,1,1,1,,,13,15,0,22,1
b147,0,0,2,2,2,,,14,16,0,23,1
b147,0,0,3,3,3,,,15,17,0,24,1
b147,1,0,0,2,2,,,16,18,0,26,1
b147,1,0,1,2,2,,,17,19,0,29,1
b147,1,0,2,3,2,,,18,20,0,30,1
b147,1,0,3,4,3,,,19,21,0,31,1
b147,1,1,0,2,1,,,16,18,0,27,1
b147,1,1,1,2,2,,,17,19,0,27,1
b147,1,1,2,2,2,,,18,20,0,29,1
b147,1,1,3,3,3,,,19,21,0,30,1
b147,2,0,0,2,2,,,20,22,0,32,1
b147,2,0,1,3,2,,,21,23,0,36,1
b147,2,0,2,4,2,,,22,24,0,37,1
b147,2,0,3,5,3,,,23,25,0,38,1
b147,2,1,0,2,2,,,20,22,0,34,1
b147,2,1,1,2,2,,,21,23,0,33,1
b147,2,1,2,3,2,,,22,24,0,36,1
b147,2,1,3,4,3,,,23,25,0,37,1
b147,2,2,0,2,1,,,20,22,0,33,1
b147,2,2,1,2,2,,,21,23,0,34,1
b147,2,2,2,2,2,,,22,24,0,34,1
b147,2,2,3,3,3,,,23,25,0,36,1
b147,3,0,0,3,2,,,24,26,0,38,1
b147,3,0,1,4,2,,,25,27,0,43,1
b147,3,0,2,5,2,,,26,28,0,44,1
b147,3,0,3,6,3,,,27,29,0,45,1
b147,3,1,0,3,2,,,24,26,0,41,1
b147,3,1,1,3,2,,,25,27,0,39,1
b147,3,1,2,4,2,,,26,28,0,43,1
b147,3,1,3,5,3,,,27,29,0,44,1
b147,3,2,0,3,2,,,24,26,0,40,1
b147,3,2,1,3,2,,,25,27,0,41,1
b147,3,2,2,3,2,,,26,28,0,40,1
b147,3,2,3,4,3,,,27,29,0,43,1
b147,3,3,0,3,1,,,24,26,0,39,1
b147,3,3,1,3,2,,,25,27,0,40,1
b147,3,3,2,3,2,,,26,28,0,41,1
b147,3,3,3,3,3,,,27,29,0,41,1
b148,0,0,0,2,1,,,12,14,0,20,1
b148,0,0,1,2,1,,,13,15,0,21,1
b148,0,0,2,2,2,,,14,16,0,21,1
b148,0,0,3,3,3,,,15,17,0,23,1
b148,1,0,0,3,1,,,16,18,0,29,1
b148,1,0,1,3,1,,,17,19,0,28,1
b148,1,0,2,3,2,,,18,20,0,29,1
b148,1,0,3,4,3,,,19,21,0,32,1
b148,1,1,0,3,1,,,16,18,0,28,1
b148,1,1,1,3,1,,,17,19,0,29,1
b148,1,1,2,3,2,,,18,20,0,29,1
b148,1,1,3,3,3,,,19,21,0,30,1
b148,2,0,0,4,1,,,20,22,0,37,1
b148,2,0,1,4,1,,,21,23,0,35,1
b148,2,0,2,4,2,,,22,24,0,36,1
b148,2,0,3,5,3,,,23,25,0,40,1
b148,2,1,0,4,1,,,20,22,0,36,1
b148,2,1,1,4,1,,,21,23,0,37,1
b148,2,1,2,4,2,,,22,24,0,36,1
b148,2,1,3,4,3,,,23,25,0,37,1
b148,2,2,0,4,1,,,20,22,0,35,1
b148,2,2,1,4,1,,,21,23,0,36,1
b148,2,2,2,4,2,,,22,24,0,37,1
b148,2,2,3,4,3,,,23,25,0,37,1
b148,3,0,0,5,1,,,24,26,0,45,1
b148,3,0,1,5,1,,,25,27,0,42,1
b148,3,0,2,5,2,,,26,28,0,43,1
b148,3,0,3,6,3,,,27,29,0,48,1
b148,3,1,0,5,1,,,24,26,0,44,1
b148,3,1,1,5,1,,,25,27,0,45,1
b148,3,1,2,5,2,,,26,28,0,43,1
b148,3,1,3,5,3,,,27,29,0,44,1
b148,3,2,0,5,1,,,24,26,0,43,1
b148,3,2,1,5,1,,,25,27,0,44,1
b148,3,2,2,5,2,,,26,28,0,45,1
b148,3,2,3,5,3,,,27,29,0,44,1
b148,3,3,0,5,1,,,24,26,0,42,1
b148,3,3,1,5,1,,,25,27,0,43,1
b148,3,3,2,5,2,,,26,28,0,44,1
b148,3,3,3,5,3,,,27,29,0,45,1
b149,0,0,0,2,2,,,12,14,0,31,1
b149,0,0,1,2,2,,,13,15,0,32,1
b149,0,0,2,2,3,2,2,14,16,1,33,1
b149,0,0,3,3,3,,,15,17,0,36,1
b149,1,0,0,4,2,,,16,18,0,43,1
b149,1,0,1,4,3,,,17,19,0,45,1
b149,1,0,2,4,4,,,18,20,0,45,1
b149,1,0,3,4,4,,,19,21,0,47,1
b149,1,1,0,4,2,,,16,18,0,43,1
b149,1,1,1,4,2,,,17,19,0,44,1
b149,1,1,2,4,3,,,18,20,0,46,1
b149,1,1,3,4,4,,,19,21,0,47,1
b149,2,0,0,6,3,,,20,22,0,58,1
b149,2,0,1,6,4,,,21,23,0,60,1
b149,2,0,2,6,5,,,22,24,0,59,1
b149,2,0,3,6,5,,,23,25,0,61,1
b149,2,1,0,6,2,,,20,22,0,57,1
b149,2,1,1,6,3,,,21,23,0,59,1
b149,2,1,2,6,4,,,22,24,0,61,1
b149,2,1,3,6,5,,,23,25,0,61,1
b149,2,2,0,6,2,,,20,22,0,57,1
b149,2,2,1,6,2,,,21,23,0,58,1
b149,2,2,2,6,3,,,22,24,0,60,1
b149,2,2,3,6,4,,,23,25,0,62,1
b149,3,0,0,8,4,,,24,26,0,75,1
b149,3,0,1,8,5,,,25,27,0,77,1
b149,3,0,2,8,6,,,26,28,0,75,1
b149,3,0,3,8,6,,,27,29,0,77,1
b149,3,1,0,8,3,,,24,26,0,74,1
b149,3,1,1,8,4,,,25,27,0,76,1
b149,3,1,2,8,5,,,26,28,0,78,1
b149,3,1,3,8,6,,,27,29,0,77,1
b149,3,2,0,8,2,,,24,26,0,73,1
b149,3,2,1,8,3,,,25,27,0,75,1
b149,3,2,2,8,4,,,26,28,0,77,1
b149,3,2,3,8,5,,,27,29,0,79,1
b149,3,3,0,8,2,,,24,26,0,73,1
b149,3,3,1,8,2,,,25,27,0,74,1
b149,3,3,2,8,3,,,26,28,0,76,1
b149,3,3,3,8,4,,,27,29,0,78,1
b150,0,0,0,2,1,,,12,14,0,19,1
b150,0,0,1,2,1,,,13,15,0,19,1
b150,0,0,2,2,2,,,14,16,0,19,1
b150,0,0,3,3,3,,,15,17,0,21,1
b150,1,0,0,3,1,,,16,18,0,25,1
b150,1,0,1,3,1,,,17,19,0,26,1
b150,1,0,2,3,2,,,18,20,0,25,1
b150,1,0,3,4,3,,,19,21,0,28,1
b150,1,1,0,3,1,,,16,18,0,25,1
b150,1,1,1,3,1,,,17,19,0,25,1
b150,1,1,2,3,2,,,18,20,0,26,1
b150,1,1,3,3,3,,,19,21,0,26,1
b150,2,0,0,4,1,,,20,22,0,32,1
b150,2,0,1,4,1,,,21,23,0,33,1
b150,2,0,2,4,2,,,22,24,0,31,1
b150,2,0,3,5,3,,,23,25,0,35,1
b150,2,1,0,4,1,,,20,22,0,31,1
b150,2,1,1,4,1,,,21,23,0,32,1
b150,2,1,2,4,2,,,22,24,0,33,1
b150,2,1,3,4,3,,,23,25,0,32,1
b150,2,2,0,4,1,,,20,22,0,31,1
b150,2,2,1,4,1,,,21,23,0,31,1
b150,2,2,2,4,2,,,22,24,0,32,1
b150,2,2,3,4,3,,,23,25,0,33,1
b150,3,0,0,5,1,,,24,26,0,39,1
b150,3,0,1,5,1,,,25,27,0,40,1
b150,3,0,2,5,2,,,26,28,0,37,1
b150,3,0,3,6,3,,,27,29,0,42,1
b150,3,1,0,5,1,,,24,26,0,38,1
b150,3,1,1,5,1,,,25,27,0,39,1
b150,3,1,2,5,2,,,26,28,0,40,1
b150,3,1,3,5,3,,,27,29,0,38,1
b150,3,2,0,5,1,,,24,26,0,37,1
b150,3,2,1,5,1,,,25,27,0,38,1
b150,3,2,2,5,2,,,26,28,0,39,1
b150,3,2,3,5,3,,,27,29,0,40,1
b150,3,3,0,5,1,,,24,26,0,37,1
b150,3,3,1,5,1,,,25,27,0,37,1
b150,3,3,2,5,2,,,26,28,0,38,1
b150,3,3,3,5,3,,,27,29,0,39,1
b151,0,0,0,2,2,,,12,14,0,20,1
b151,0,0,1,2,2,,,13,15,0,21,1
b151,0,0,2,2,2,,,14,16,0,21,1
b151,0,0,3,3,3,,,15,17,0,23,1
b151,1,0,0,3,2,,,16,18,0,29,1
b151,1,0,1,3,2,,,17,19,0,28,1
b151,1,0,2,3,2,,,18,20,0,29,1
b151,1,0,3,4,3,,,19,21,0,32,1
b151,1,1,0,3,2,,,16,18,0,28,1
b151,1,1,1,3,2,,,17,19,0,29,1
b151,1,1,2,3,2,,,18,20,0,29,1
b151,1,1,3,3,3,,,19,21,0,30,1
b151,2,0,0,4,2,,,20,22,0,37,1
b151,2,0,1,4,2,,,21,23,0,35,1
b151,2,0,2,4,2,,,22,24,0,36,1
b151,2,0,3,5,3,,,23,25,0,40,1
b151,2,1,0,4,2,,,20,22,0,36,1
b151,2,1,1,4,2,,,21,23,0,37,1
b151,2,1,2,4,2,,,22,24,0,36,1
b151,2,1,3,4,3,,,23,25,0,37,1
b151,2,2,0,4,2,,,20,22,0,35,1
b151,2,2,1,4,2,,,21,23,0,36,1
b151,2,2,2,4,2,,,22,24,0,37,1
b151,2,2,3,4,3,,,23,25,0,37,1
b151,3,0,0,5,2,,,24,26,0,45,1
b151,3,0,1,5,2,,,25,27,0,42,1
b151,3,0,2,5,2,,,26,28,0,43,1
b151,3,0,3,6,3,,,27,29,0,48,1
b151,3,1,0,5,2,,,24,26,0,44,1
b151,3,1,1,5,2,,,25,27,0,45,1
b151,3,1,2,5,2,,,26,28,0,43,1
b151,3,1,3,5,3,,,27,29,0,44,1
b151,3,2,0,5,2,,,24,26,0,43,1
b151,3,2,1,5,2,,,25,27,0,44,1
b151,3,2,2,5,2,,,26,28,0,45,1
b151,3,2,3,5,3,,,27,29,0,44,1
b151,3,3,0,5,2,,,24,26,0,42,1
b151,3,3,1,5,2,,,25,27,0,43,1
b151,3,3,2,5,2,,,26,28,0,44,1
b151,3,3,3,5,3,,,27,29,0,45,1
b152,0,0,0,1,1,,,12,14,0,20,1
b152,0,0,1,1,1,,,13,15,0,20,1
b152,0,0,2,2,2,,,14,16,0,22,1
b152,0,0,3,3,3,,,15,17,0,23,1
b152,1,0,0,2,1,,,16,18,0,27,1
b152,1,0,1,2,1,,,17,19,0,26,1
b152,1,0,2,3,2,,,18,20,0,29,1
b152,1,0,3,4,3,,,19,21,0,30,1
b152,1,1,0,2,1,,,16,18,0,26,1
b152,1,1,1,2,1,,,17,19,0,27,1
b152,1,1,2,2,2,,,18,20,0,27,1
b152,1,1,3,3,3,,,19,21,0,29,1
b152,2,0,0,3,1,,,20,22,0,34,1
b152,2,0,1,3,1,,,21,23,0,32,1
b152,2,0,2,4,2,,,22,24,0,36,1
b152,2,0,3,5,3,,,23,25,0,37,1
b152,2,1,0,3,1,,,20,22,0,33,1
b152,2,1,1,3,1,,,21,23,0,34,1
b152,2,1,2,3,2,,,22,24,0,33,1
b152,2,1,3,4,3,,,23,25,0,36,1
b152,2,2,0,3,1,,,20,22,0,32,1
b152,2,2,1,3,1,,,21,23,0,33,1
b152,2,2,2,3,2,,,22,24,0,34,1
b152,2,2,3,3,3,,,23,25,0,34,1
b152,3,0,0,4,1,,,24,26,0,41,1
b152,3,0,1,4,1,,,25,27,0,38,1
b152,3,0,2,5,2,,,26,28,0,43,1
b152,3,0,3,6,3,,,27,29,0,44,1
b152,3,1,0,4,1,,,24,26,0,40,1
b152,3,1,1,4,1,,,25,27,0,41,1
b152,3,1,2,4,2,,,26,28,0,39,1
b152,3,1,3,5,3,,,27,29,0,43,1
b152,3,2,0,4,1,,,24,26,0,39,1
b152,3,2,1,4,1,,,25,27,0,40,1
b152,3,2,2,4,2,,,26,28,0,41,1
b152,3,2,3,4,3,,,27,29,0,40,1
b152,3,3,0,4,1,,,24,26,0,38,1
b152,3,3,1,4,1,,,25,27,0,39,1
b152,3,3,2,4,2,,,26,28,0,40,1
b152,3,3,3,4,3,,,27,29,0,41,1
b153,0,0,0,1,1,,,12,14,0,31,1
b153,0,0,1,1,2,1,1,13,15,1,32,1
b153,0,0,2,2,2,,,14,16,0,35,1
b153,0,0,3,3,3,,,15,17,0,37,1
b153,1,0,0,2,2,,,16,18,0,42,1
b153,1,0,1,2,3,2,2,17,19,1,42,1
b153,1,0,2,3,3,,,18,20,0,46,1
b153,1,0,3,4,3,,,19,21,0,48,1
b153,1,1,0,2,1,,,16,18,0,41,1
b153,1,1,1,2,2,,,17,19,0,43,1
b153,1,1,2,2,3,2,2,18,20,1,44,1
b153,1,1,3,3,3,,,19,21,0,47,1
b153,2,0,0,3,3,,,20,22,0,53,1
b153,2,0,1,3,4,3,3,21,23,1,52,1
b153,2,0,2,4,4,,,22,24,0,57,1
b153,2,0,3,5,4,,,23,25,0,59,1
b153,2,1,0,3,2,,,20,22,0,52,1
b153,2,1,1,3,3,,,21,23,0,54,1
b153,2,1,2,3,4,3,3,22,24,1,54,1
b153,2,1,3,4,4,,,23,25,0,58,1
b153,2,2,0,3,1,,,20,22,0,51,1
b153,2,2,1,3,2,,,21,23,0,53,1
b153,2,2,2,3,3,,,22,24,0,55,1
b153,2,2,3,3,4,3,3,23,25,1,56,1
b153,3,0,0,4,4,,,24,26,0,64,1
b153,3,0,1,4,5,4,4,25,27,1,62,1
b153,3,0,2,5,5,,,26,28,0,68,1
b153,3,0,3,6,5,,,27,29,0,70,1
b153,3,1,0,4,3,,,24,26,0,63,1
b153,3,1,1,4,4,,,25,27,0,65,1
b153,3,1,2,4,5,4,4,26,28,1,64,1
b153,3,1,3,5,5,,,27,29,0,69,1
b153,3,2,0,4,2,,,24,26,0,62,1
b153,3,2,1,4,3,,,25,27,0,64,1
b153,3,2,2,4,4,,,26,28,0,66,1
b153,3,2,3,4,5,4,4,27,29,1,66,1
b153,3,3,0,4,1,,,24,26,0,61,1
b153,3,3,1,4,2,,,25,27,0,63,1
b153,3,3,2,4,3,,,26,28,0,65,1
b153,3,3,3,4,4,,,27,29,0,67,1
b154,0,0,0,1,1,,,12,14,0,19,1
b154,0,0,1,1,1,,,13,15,0,19,1
b154,0,0,2,2,2,,,14,16,0,21,1
b154,0,0,3,3,3,,,15,17,0,22,1
b154,1,0,0,2,1,,,16,18,0,26,1
b154,1,0,1,2,1,,,17,19,0,25,1
b154,1,0,2,3,2,,,18,20,0,28,1
b154,1,0,3,4,3,,,19,21,0,29,1
b154,1,1,0,2,1,,,16,18,0,25,1
b154,1,1,1,2,1,,,17,19,0,26,1
b154,1,1,2,2,2,,,18,20,0,26,1
b154,1,1,3,3,3,,,19,21,0,28,1
b154,2,0,0,3,1,,,20,22,0,33,1
b154,2,0,1,3,1,,,21,23,0,31,1
b154,2,0,2,4,2,,,22,24,0,35,1
b154,2,0,3,5,3,,,23,25,0,36,1
b154,2,1,0,3,1,,,20,22,0,32,1
b154,2,1,1,3,1,,,21,23,0,33,1
b154,2,1,2,3,2,,,22,24,0,32,1
b154,2,1,3,4,3,,,23,25,0,35,1
b154,2,2,0,3,1,,,20,22,0,31,1
b154,2,2,1,3,1,,,21,23,0,32,1
b154,2,2,2,3,2,,,22,24,0,33,1
b154,2,2,3,3,3,,,23,25,0,33,1
b154,3,0,0,4,1,,,24,26,0,40,1
b154,3,0,1,4,1,,,25,27,0,37,1
b154,3,0,2,5,2,,,26,28,0,42,1
b154,3,0,3,6,3,,,27,29,0,43,1
b154,3,1,0,4,1,,,24,26,0,39,1
b154,3,1,1,4,1,,,25,27,0,40,1
b154,3,1,2,4,2,,,26,28,0,38,1
b154,3,1,3,5,3,,,27,29,0,42,1
b154,3,2,0,4,1,,,24,26,0,38,1
b154,3,2,1,4,1,,,25,27,0,39,1
b154,3,2,2,4,2,,,26,28,0,40,1
b154,3,2,3,4,3,,,27,29,0,39,1
b154,3,3,0,4,1,,,24,26,0,37,1
b154,3,3,1,4,1,,,25,27,0,38,1
b154,3,3,2,4,2,,,26,28,0,39,1
b154,3,3,3,4,3,,,27,29,0,40,1
b155,0,0,0,1,1,,,12,14,0,20,1
b155,0,0,1,1,2,1,1,13,15,1,20,1
b155,0,0,2,2,2,,,14,16,0,22,1
b155,0,0,3,3,3,,,15,17,0,23,1
b155,1,0,0,2,2,,,16,18,0,27,1
b155,1,0,1,2,2,,,17,19,0,26,1
b155,1,0,2,3,2,,,18,20,0,29,1
b155,1,0,3,4,3,,,19,21,0,30,1
b155,1,1,0,2,1,,,16,18,0,26,1
b155,1,1,1,2,2,,,17,19,0,27,1
b155,1,1,2,2,2,,,18,20,0,27,1
b155,1,1,3,3,3,,,19,21,0,29,1
b155,2,0,0,3,2,,,20,22,0,34,1
b155,2,0,1,3,2,,,21,23,0,32,1
b155,2,0,2,4,2,,,22,24,0,36,1
b155,2,0,3,5,3,,,23,25,0,37,1
b155,2,1,0,3,2,,,20,22,0,33,1
b155,2,1,1,3,2,,,21,23,0,34,1
b155,2,1,2,3,2,,,22,24,0,33,1
b155,2,1,3,4,3,,,23,25,0,36,1
b155,2,2,0,3,1,,,20,22,0,32,1
b155,2,2,1,3,2,,,21,23,0,33,1
b155,2,2,2,3,2,,,22,24,0,34,1
b155,2,2,3,3,3,,,23,25,0,34,1
b155,3,0,0,4,2,,,24,26,0,41,1
b155,3,0,1,4,2,,,25,27,0,38,1
b155,3,0,2,5,2,,,26,28,0,43,1
b155,3,0,3,6,3,,,27,29,0,44,1
b155,3,1,0,4,2,,,24,26,0,40,1
b155,3,1,1,4,2,,,25,27,0,41,1
b155,3,1,2,4,2,,,26,28,0,39,1
b155,3,1,3,5,3,,,27,29,0,43,1
b155,3,2,0,4,2,,,24,26,0,39,1
b155,3,2,1,4,2,,,25,27,0,40,1
b155,3,2,2,4,2,,,26,28,0,41,1
b155,3,2,3,4,3,,,27,29,0,40,1
b155,3,3,0,4,1,,,24,26,0,38,1
b155,3,3,1,4,2,,,25,27,0,39,1
b155,3,3,2,4,2,,,26,28,0,40,1
b155,3,3,3,4,3,,,27,29,0,41,1
b156,0,0,0,2,1,,,12,14,0,20,1
b156,0,0,1,2,1,,,13,15,0,22,1
b156,0,0,2,2,2,,,14,16,0,23,1
b156,0,0,3,3,3,,,15,17,0,24,1
b156,1,0,0,2,1,,,16,18,0,26,1
b156,1,0,1,2,1,,,17,19,0,29,1
b156,1,0,2,3,2,,,18,20,0,30,1
b156,1,0,3,4,3,,,19,21,0,31,1
b156,1,1,0,2,1,,,16,18,0,27,1
b156,1,1,1,2,1,,,17,19,0,27,1
b156,1,1,2,2,2,,,18,20,0,29,1
b156,1,1,3,3,3,,,19,21,0,30,1
b156,2,0,0,2,1,,,20,22,0,32,1
b156,2,0,1,3,1,,,21,23,0,36,1
b156,2,0,2,4,2,,,22,24,0,37,1
b156,2,0,3,5,3,,,23,25,0,38,1
b156,2,1,0,2,1,,,20,22,0,34,1
b156,2,1,1,2,1,,,21,23,0,33,1
b156,2,1,2,3,2,,,22,24,0,36,1
b156,2,1,3,4,3,,,23,25,0,37,1
b156,2,2,0,2,1,,,20,22,0,33,1
b156,2,2,1,2,1,,,21,23,0,34,1
b156,2,2,2,2,2,,,22,24,0,34,1
b156,2,2,3,3,3,,,23,25,0,36,1
b156,3,0,0,3,1,,,24,26,0,38,1
b156,3,0,1,4,1,,,25,27,0,43,1
b156,3,0,2,5,2,,,26,28,0,44,1
b156,3,0,3,6,3,,,27,29,0,45,1
b156,3,1,0,3,1,,,24,26,0,41,1
b156,3,1,1,3,1,,,25,27,0,39,1
b156,3,1,2,4,2,,,26,28,0,43,1
b156,3,1,3,5,3,,,27,29,0,44,1
b156,3,2,0,3,1,,,24,26,0,40,1
b156,3,2,1,3,1,,,25,27,0,41,1
b156,3,2,2,3,2,,,26,28,0,40,1
b156,3,2,3,4,3,,,27,29,0,43,1
b156,3,3,0,3,1,,,24,26,0,39,1
b156,3,3,1,3,1,,,25,27,0,40,1
b156,3,3,2,3,2,,,26,28,0,41,1
b156,3,3,3,3,3,,,27,29,0,41,1
b157,0,0,0,2,2,,,12,14,0,31,1
b157,0,0,1,2,2,,,13,15,0,34,1
b157,0,0,2,2,2,,,14,16,0,36,1
b157,0,0,3,3,3,,,15,17,0,38,1
b157,1,0,0,3,2,,,16,18,0,41,1
b157,1,0,1,3,2,,,17,19,0,45,1
b157,1,0,2,3,2,,,18,20,0,47,1
b157,1,0,3,4,3,,,19,21,0,49,1
b157,1,1,0,3,2,,,16,18,0,42,1
b157,1,1,1,3,2,,,17,19,0,43,1
b157,1,1,2,3,2,,,18,20,0,46,1
b157,1,1,3,3,3,,,19,21,0,48,1
b157,2,0,0,4,3,,,20,22,0,51,1
b157,2,0,1,4,3,,,21,23,0,56,1
b157,2,0,2,4,3,,,22,24,0,58,1
b157,2,0,3,5,3,,,23,25,0,60,1
b157,2,1,0,4,2,,,20,22,0,53,1
b157,2,1,1,4,3,,,21,23,0,53,1
b157,2,1,2,4,3,,,22,24,0,57,1
b157,2,1,3,4,3,,,23,25,0,59,1
b157,2,2,0,4,2,,,20,22,0,52,1
b157,2,2,1,4,2,,,21,23,0,54,1
b157,2,2,2,4,3,,,22,24,0,55,1
b157,2,2,3,4,3,,,23,25,0,58,1
b157,3,0,0,5,4,,,24,26,0,61,1
b157,3,0,1,5,4,,,25,27,0,67,1
b157,3,0,2,5,4,,,26,28,0,69,1
b157,3,0,3,6,4,,,27,29,0,71,1
b157,3,1,0,5,3,,,24,26,0,64,1
b157,3,1,1,5,4,,,25,27,0,63,1
b157,3,1,2,5,4,,,26,28,0,68,1
b157,3,1,3,5,4,,,27,29,0,70,1
b157,3,2,0,5,2,,,24,26,0,63,1
b157,3,2,1,5,3,,,25,27,0,65,1
b157,3,2,2,5,4,,,26,28,0,65,1
b157,3,2,3,5,4,,,27,29,0,69,1
b157,3,3,0,5,2,,,24,26,0,62,1
b157,3,3,1,5,2,,,25,27,0,64,1
b157,3,3,2,5,3,,,26,28,0,66,1
b157,3,3,3,5,4,,,27,29,0,67,1
b158,0,0,0,2,1,,,12,14,0,19,1
b158,0,0,1,2,1,,,13,15,0,21,1
b158,0,0,2,2,2,,,14,16,0,22,1
b158,0,0,3,3,3,,,15,17,0,23,1
b158,1,0,0,2,1,,,16,18,0,25,1
b158,1,0,1,2,1,,,17,19,0,28,1
b158,1,0,2,3,2,,,18,20,0,29,1
b158,1,0,3,4,3,,,19,21,0,30,1
b158,1,1,0,2,1,,,16,18,0,26,1
b158,1,1,1,2,1,,,17,19,0,26,1
b158,1,1,2,2,2,,,18,20,0,28,1
b158,1,1,3,3,3,,,19,21,0,29,1
b158,2,0,0,2,1,,,20,22,0,31,1
b158,2,0,1,3,1,,,21,23,0,35,1
b158,2,0,2,4,2,,,22,24,0,36,1
b158,2,0,3,5,3,,,23,25,0,37,1
b158,2,1,0,2,1,,,20,22,0,33,1
b158,2,1,1,2,1,,,21,23,0,32,1
b158,2,1,2,3,2,,,22,24,0,35,1
b158,2,1,3,4,3,,,23,25,0,36,1
b158,2,2,0,2,1,,,20,22,0,32,1
b158,2,2,1,2,1,,,21,23,0,33,1
b158,2,2,2,2,2,,,22,24,0,33,1
b158,2,2,3,3,3,,,23,25,0,35,1
b158,3,0,0,3,1,,,24,26,0,37,1
b158,3,0,1,4,1,,,25,27,0,42,1
b158,3,0,2,5,2,,,26,28,0,43,1
b158,3,0,3,6,3,,,27,29,0,44,1
b158,3,1,0,3,1,,,24,26,0,40,1
b158,3,1,1,3,1,,,25,27,0,38,1
b158,3,1,2,4,2,,,26,28,0,42,1
b158,3,1,3,5,3,,,27,29,0,43,1
b158,3,2,0,3,1,,,24,26,0,39,1
b158,3,2,1,3,1,,,25,27,0,40,1
b158,3,2,2,3,2,,,26,28,0,39,1
b158,3,2,3,4,3,,,27,29,0,42,1
b158,3,3,0,3,1,,,24,26,0,38,1
b158,3,3,1,3,1,,,25,27,0,39,1
b158,3,3,2,3,2,,,26,28,0,40,1
b158,3,3,3,3,3,,,27,29,0,40,1
b159,0,0,0,2,2,,,12,14,0,20,1
b159,0,0,1,2,2,,,13,15,0,22,1
b159,0,0,2,2,2,,,14,16,0,23,1
b159,0,0,3,3,3,,,15,17,0,24,1
b159,1,0,0,2,2,,,16,18,0,26,1
b159,1,0,1,2,2,,,17,19,0,29,1
b159,1,0,2,3,2,,,18,20,0,30,1
b159,1,0,3,4,3,,,19,21,0,31,1
b159,1,1,0,2,2,,,16,18,0,27,1
b159,1,1,1,2,2,,,17,19,0,27,1
b159,1,1,2,2,2,,,18,20,0,29,1
b159,1,1,3,3,3,,,19,21,0,30,1
b159,2,0,0,2,2,,,20,22,0,32,1
b159,2,0,1,3,2,,,21,23,0,36,1
b159,2,0,2,4,2,,,22,24,0,37,1
b159,2,0,3,5,3,,,23,25,0,38,1
b159,2,1,0,2,2,,,20,22,0,34,1
b159,2,1,1,2,2,,,21,23,0,33,1
b159,2,1,2,3,2,,,22,24,0,36,1
b159,2,1,3,4,3,,,23,25,0,37,1
b159,2,2,0,2,2,,,20,22,0,33,1
b159,2,2,1,2,2,,,21,23,0,34,1
b159,2,2,2,2,2,,,22,24,0,34,1
b159,2,2,3,3,3,,,23,25,0,36,1
b159,3,0,0,3,2,,,24,26,0,38,1
b159,3,0,1,4,2,,,25,27,0,43,1
b159,3,0,2,5,2,,,26,28,0,44,1
b159,3,0,3,6,3,,,27,29,0,45,1
b159,3,1,0,3,2,,,24,26,0,41,1
b159,3,1,1,3,2,,,25,27,0,39,1
b159,3,1,2,4,2,,,26,28,0,43,1
b159,3,1,3,5,3,,,27,29,0,44,1
b159,3,2,0,3,2,,,24,26,0,40,1
b159,3,2,1,3,2,,,25,27,0,41,1
b159,3,2,2,3,2,,,26,28,0,40,1
b159,3,2,3,4,3,,,27,29,0,43,1
b159,3,3,0,3,2,,,24,26,0,39,1
b159,3,3,1,3,2,,,25,27,0,40,1
b159,3,3,2,3,2,,,26,28,0,41,1
b159,3,3,3,3,3,,,27,29,0,41,1
b160,0,0,0,1,1,,,12,14,0,6,1
b160,0,0,1,1,1,,,13,15,0,7,1
b160,0,0,2,2,2,,,14,16,0,7,1
b160,0,0,3,3,3,,,15,17,0,7,1
b160,1,0,0,1,1,,,16,18,0,8,1
b160,1,0,1,1,1,,,17,19,0,9,1
b160,1,0,2,2,2,,,18,20,0,9,1
b160,1,0,3,3,3,,,19,21,0,9,1
b160,1,1,0,1,1,,,16,18,0,9,1
b160,1,1,1,1,1,,,17,19,0,8,1
b160,1,1,2,2,2,,,18,20,0,9,1
b160,1,1,3,3,3,,,19,21,0,9,1
b160,2,0,0,1,1,,,20,22,0,10,1
b160,2,0,1,1,1,,,21,23,0,11,1
b160,2,0,2,2,2,,,22,24,0,11,1
b160,2,0,3,3,3,,,23,25,0,11,1
b160,2,1,0,1,1,,,20,22,0,11,1
b160,2,1,1,1,1,,,21,23,0,10,1
b160,2,1,2,2,2,,,22,24,0,11,1
b160,2,1,3,3,3,,,23,25,0,11,1
b160,2,2,0,1,1,,,20,22,0,11,1
b160,2,2,1,1,1,,,21,23,0,10,1
b160,2,2,2,2,2,,,22,24,0,11,1
b160,2,2,3,3,3,,,23,25,0,11,1
b160,3,0,0,1,1,,,24,26,0,12,1
b160,3,0,1,1,1,,,25,27,0,13,1
b160,3,0,2,2,2,,,26,28,0,13,1
b160,3,0,3,3,3,,,27,29,0,13,1
b160,3,1,0,1,1,,,24,26,0,13,1
b160,3,1,1,1,1,,,25,27,0,12,1
b160,3,1,2,2,2,,,26,28,0,13,1
b160,3,1,3,3,3,,,27,29,0,13,1
b160,3,2,0,1,1,,,24,26,0,13,1
b160,3,2,1,1,1,,,25,27,0,12,1
b160,3,2,2,2,2,,,26,28,0,13,1
b160,3,2,3,3,3,,,27,29,0,13,1
b160,3,3,0,1,1,,,24,26,0,13,1
b160,3,3,1,1,1,,,25,27,0,12,1
b160,3,3,2,2,2,,,26,28,0,13,1
b160,3,3,3,3,3,,,27,29,0,13,1
b161,0,0,0,1,1,,,12,14,0,19,1
b161,0,0,1,1,1,,,13,15,0,21,1
b161,0,0,2,2,2,,,14,16,0,22,1
b161,0,0,3,3,3,,,15,17,0,23,1
b161,1,0,0,2,1,,,16,18,0,25,1
b161,1,0,1,2,1,,,17,19,0,27,1
b161,1,0,2,2,2,,,18,20,0,28,1
b161,1,0,3,3,3,,,19,21,0,29,1
b161,1,1,0,2,1,,,16,18,0,26,1
b161,1,1,1,2,1,,,17,19,0,26,1
b161,1,1,2,2,2,,,18,20,0,28,1
b161,1,1,3,3,3,,,19,21,0,29,1
b161,2,0,0,3,1,,,20,22,0,31,1
b161,2,0,1,3,1,,,21,23,0,33,1
b161,2,0,2,3,2,,,22,24,0,34,1
b161,2,0,3,3,3,,,23,25,0,35,1
b161,2,1,0,3,1,,,20,22,0,32,1
b161,2,1,1,3,1,,,21,23,0,32,1
b161,2,1,2,3,2,,,22,24,0,34,1
b161,2,1,3,3,3,,,23,25,0,35,1
b161,2,2,0,3,1,,,20,22,0,32,1
b161,2,2,1,3,1,,,21,23,0,32,1
b161,2,2,2,3,2,,,22,24,0,34,1
b161,2,2,3,3,3,,,23,25,0,35,1
b161,3,0,0,4,1,,,24,26,0,37,1
b161,3,0,1,4,1,,,25,27,0,39,1
b161,3,0,2,4,2,,,26,28,0,40,1
b161,3,0,3,4,3,,,27,29,0,41,1
b161,3,1,0,4,1,,,24,26,0,38,1
b161,3,1,1,4,1,,,25,27,0,38,1
b161,3,1,2,4,2,,,26,28,0,40,1
b161,3,1,3,4,3,,,27,29,0,41,1
b161,3,2,0,4,1,,,24,26,0,38,1
b161,3,2,1,4,1,,,25,27,0,38,1
b161,3,2,2,4,2,,,26,28,0,40,1
b161,3,2,3,4,3,,,27,29,0,41,1
b161,3,3,0,4,1,,,24,26,0,38,1
b161,3,3,1,4,1,,,25,27,0,38,1
b161,3,3,2,4,2,,,26,28,0,40,1
b161,3,3,3,4,3,,,27,29,0,41,1
b162,0,0,0,1,1,,,12,14,0,5,1
b162,0,0,1,1,1,,,13,15,0,6,1
b162,0,0,2,2,2,,,14,16,0,6,1
b162,0,0,3,3,3,,,15,17,0,6,1
b162,1,0,0,1,1,,,16,18,0,7,1
b162,1,0,1,1,1,,,17,19,0,8,1
b162,1,0,2,2,2,,,18,20,0,8,1
b162,1,0,3,3,3,,,19,21,0,8,1
b162,1,1,0,1,1,,,16,18,0,8,1
b162,1,1,1,1,1,,,17,19,0,7,1
b162,1,1,2,2,2,,,18,20,0,8,1
b162,1,1,3,3,3,,,19,21,0,8,1
b162,2,0,0,1,1,,,20,22,0,9,1
b162,2,0,1,1,1,,,21,23,0,10,1
b162,2,0,2,2,2,,,22,24,0,10,1
b162,2,0,3,3,3,,,23,25,0,10,1
b162,2,1,0,1,1,,,20,22,0,10,1
b162,2,1,1,1,1,,,21,23,0,9,1
b162,2,1,2,2,2,,,22,24,0,10,1
b162,2,1,3,3,3,,,23,25,0,10,1
b162,2,2,0,1,1,,,20,22,0,10,1
b162,2,2,1,1,1,,,21,23,0,9,1
b162,2,2,2,2,2,,,22,24,0,10,1
b162,2,2,3,3,3,,,23,25,0,10,1
b162,3,0,0,1,1,,,24,26,0,11,1
b162,3,0,1,1,1,,,25,27,0,12,1
b162,3,0,2,2,2,,,26,28,0,12,1
b162,3,0,3,3,3,,,27,29,0,12,1
b162,3,1,0,1,1,,,24,26,0,12,1
b162,3,1,1,1,1,,,25,27,0,11,1
b162,3,1,2,2,2,,,26,28,0,12,1
b162,3,1,3,3,3,,,27,29,0,12,1
b162,3,2,0,1,1,,,24,26,0,12,1
b162,3,2,1,1,1,,,25,27,0,11,1
b162,3,2,2,2,2,,,26,28,0,12,1
b162,3,2,3,3,3,,,27,29,0,12,1
b162,3,3,0,1,1,,,24,26,0,12,1
b162,3,3,1,1,1,,,25,27,0,11,1
b162,3,3,2,2,2,,,26,28,0,12,1
b162,3,3,3,3,3,,,27,29,0,12,1
b163,0,0,0,1,1,,,12,14,0,7,1
b163,0,0,1,1,1,,,13,15,0,8,1
b163,0,0,2,2,2,,,14,16,0,7,1
b163,0,0,3,3,3,,,15,17,0,7,1
b163,1,0,0,2,1,,,16,18,0,12,1
b163,1,0,1,2,1,,,17,19,0,13,1
b163,1,0,2,2,2,,,18,20,0,9,1
b163,1,0,3,3,3,,,19,21,0,9,1
b163,1,1,0,2,1,,,16,18,0,13,1
b163,1,1,1,2,1,,,17,19,0,12,1
b163,1,1,2,2,2,,,18,20,0,9,1
b163,1,1,3,3,3,,,19,21,0,9,1
b163,2,0,0,2,1,,,20,22,0,15,1
b163,2,0,1,2,1,,,21,23,0,16,1
b163,2,0,2,2,2,,,22,24,0,11,1
b163,2,0,3,3,3,,,23,25,0,11,1
b163,2,1,0,2,1,,,20,22,0,16,1
b163,2,1,1,2,1,,,21,23,0,15,1
b163,2,1,2,2,2,,,22,24,0,11,1
b163,2,1,3,3,3,,,23,25,0,11,1
b163,2,2,0,2,1,,,20,22,0,16,1
b163,2,2,1,2,1,,,21,23,0,15,1
b163,2,2,2,2,2,,,22,24,0,11,1
b163,2,2,3,3,3,,,23,25,0,11,1
b163,3,0,0,2,1,,,24,26,0,18,1
b163,3,0,1,2,1,,,25,27,0,19,1
b163,3,0,2,2,2,,,26,28,0,13,1
b163,3,0,3,3,3,,,27,29,0,13,1
b163,3,1,0,2,1,,,24,26,0,19,1
b163,3,1,1,2,1,,,25,27,0,18,1
b163,3,1,2,2,2,,,26,28,0,13,1
b163,3,1,3,3,3,,,27,29,0,13,1
b163,3,2,0,2,1,,,24,26,0,19,1
b163,3,2,1,2,1,,,25,27,0,18,1
b163,3,2,2,2,2,,,26,28,0,13,1
b163,3,2,3,3,3,,,27,29,0,13,1
b163,3,3,0,2,1,,,24,26,0,19,1
b163,3,3,1,2,1,,,25,27,0,18,1
b163,3,3,2,2,2,,,26,28,0,13,1
b163,3,3,3,3,3,,,27,29,0,13,1
b164,0,0,0,2,1,,,12,14,0,9,1
b164,0,0,1,2,1,,,13,15,0,9,1
b164,0,0,2,2,2,,,14,16,0,6,1
b164,0,0,3,3,3,,,15,17,0,7,1
b164,1,0,0,2,1,,,16,18,0,14,1
b164,1,0,1,2,1,,,17,19,0,13,1
b164,1,0,2,2,2,,,18,20,0,9,1
b164,1,0,3,3,3,,,19,21,0,10,1
b164,1,1,0,2,1,,,16,18,0,14,1
b164,1,1,1,2,1,,,17,19,0,13,1
b164,1,1,2,2,2,,,18,20,0,10,1
b164,1,1,3,3,3,,,19,21,0,10,1
b164,2,0,0,2,1,,,20,22,0,18,1
b164,2,0,1,2,1,,,21,23,0,17,1
b164,2,0,2,2,2,,,22,24,0,11,1
b164,2,0,3,3,3,,,23,25,0,12,1
b164,2,1,0,2,1,,,20,22,0,18,1
b164,2,1,1,2,1,,,21,23,0,17,1
b164,2,1,2,2,2,,,22,24,0,12,1
b164,2,1,3,3,3,,,23,25,0,12,1
b164,2,2,0,2,1,,,20,22,0,18,1
b164,2,2,1,2,1,,,21,23,0,17,1
b164,2,2,2,2,2,,,22,24,0,12,1
b164,2,2,3,3,3,,,23,25,0,12,1
b164,3,0,0,2,1,,,24,26,0,22,1
b164,3,0,1,2,1,,,25,27,0,21,1
b164,3,0,2,2,2,,,26,28,0,13,1
b164,3,0,3,3,3,,,27,29,0,14,1
b164,3,1,0,2,1,,,24,26,0,22,1
b164,3,1,1,2,1,,,25,27,0,21,1
b164,3,1,2,2,2,,,26,28,0,14,1
b164,3,1,3,3,3,,,27,29,0,14,1
b164,3,2,0,2,1,,,24,26,0,22,1
b164,3,2,1,2,1,,,25,27,0,21,1
b164,3,2,2,2,2,,,26,28,0,14,1
b164,3,2,3,3,3,,,27,29,0,14,1
b164,3,3,0,2,1,,,24,26,0,22,1
b164,3,3,1,2,1,,,25,27,0,21,1
b164,3,3,2,2,2,,,26,28,0,14,1
b164,3,3,3,3,3,,,27,29,0,14,1
b165,0,0,0,2,1,,,12,14,0,31,1
b165,0,0,1,2,1,,,13,15,0,33,1
b165,0,0,2,2,2,,,14,16,0,34,1
b165,0,0,3,3,3,,,15,17,0,37,1
b165,1,0,0,3,1,,,16,18,0,42,1
b165,1,0,1,3,1,,,17,19,0,44,1
b165,1,0,2,3,2,,,18,20,0,45,1
b165,1,0,3,3,3,,,19,21,0,47,1
b165,1,1,0,3,1,,,16,18,0,42,1
b165,1,1,1,3,1,,,17,19,0,43,1
b165,1,1,2,3,2,,,18,20,0,46,1
b165,1,1,3,3,3,,,19,21,0,48,1
b165,2,0,0,4,1,,,20,22,0,53,1
b165,2,0,1,4,1,,,21,23,0,55,1
b165,2,0,2,4,2,,,22,24,0,56,1
b165,2,0,3,4,3,,,23,25,0,58,1
b165,2,1,0,4,1,,,20,22,0,53,1
b165,2,1,1,4,1,,,21,23,0,54,1
b165,2,1,2,4,2,,,22,24,0,57,1
b165,2,1,3,4,3,,,23,25,0,59,1
b165,2,2,0,4,1,,,20,22,0,53,1
b165,2,2,1,4,1,,,21,23,0,54,1
b165,2,2,2,4,2,,,22,24,0,57,1
b165,2,2,3,4,3,,,23,25,0,59,1
b165,3,0,0,5,1,,,24,26,0,64,1
b165,3,0,1,5,1,,,25,27,0,66,1
b165,3,0,2,5,2,,,26,28,0,67,1
b165,3,0,3,5,3,,,27,29,0,69,1
b165,3,1,0,5,1,,,24,26,0,64,1
b165,3,1,1,5,1,,,25,27,0,65,1
b165,3,1,2,5,2,,,26,28,0,68,1
b165,3,1,3,5,3,,,27,29,0,70,1
b165,3,2,0,5,1,,,24,26,0,64,1
b165,3,2,1,5,1,,,25,27,0,65,1
b165,3,2,2,5,2,,,26,28,0,68,1
b165,3,2,3,5,3,,,27,29,0,70,1
b165,3,3,0,5,1,,,24,26,0,64,1
b165,3,3,1,5,1,,,25,27,0,65,1
b165,3,3,2,5,2,,,26,28,0,68,1
b165,3,3,3,5,3,,,27,29,0,70,1
b166,0,0,0,2,1,,,12,14,0,8,1
b166,0,0,1,2,1,,,13,15,0,8,1
b166,0,0,2,2,2,,,14,16,0,5,1
b166,0,0,3,3,3,,,15,17,0,6,1
b166,1,0,0,2,1,,,16,18,0,12,1
b166,1,0,1,2,1,,,17,19,0,12,1
b166,1,0,2,2,2,,,18,20,0,7,1
b166,1,0,3,3,3,,,19,21,0,8,1
b166,1,1,0,2,1,,,16,18,0,11,1
b166,1,1,1,2,1,,,17,19,0,11,1
b166,1,1,2,2,2,,,18,20,0,8,1
b166,1,1,3,3,3,,,19,21,0,8,1
b166,2,0,0,2,1,,,20,22,0,16,1
b166,2,0,1,2,1,,,21,23,0,16,1
b166,2,0,2,2,2,,,22,24,0,9,1
b166,2,0,3,3,3,,,23,25,0,10,1
b166,2,1,0,2,1,,,20,22,0,15,1
b166,2,1,1,2,1,,,21,23,0,15,1
b166,2,1,2,2,2,,,22,24,0,10,1
b166,2,1,3,3,3,,,23,25,0,10,1
b166,2,2,0,2,1,,,20,22,0,14,1
b166,2,2,1,2,1,,,21,23,0,14,1
b166,2,2,2,2,2,,,22,24,0,10,1
b166,2,2,3,3,3,,,23,25,0,10,1
b166,3,0,0,2,1,,,24,26,0,20,1
b166,3,0,1,2,1,,,25,27,0,20,1
b166,3,0,2,2,2,,,26,28,0,11,1
b166,3,0,3,3,3,,,27,29,0,12,1
b166,3,1,0,2,1,,,24,26,0,19,1
b166,3,1,1,2,1,,,25,27,0,19,1
b166,3,1,2,2,2,,,26,28,0,12,1
b166,3,1,3,3,3,,,27,29,0,12,1
b166,3,2,0,2,1,,,24,26,0,18,1
b166,3,2,1,2,1,,,25,27,0,18,1
b166,3,2,2,2,2,,,26,28,0,12,1
b166,3,2,3,3,3,,,27,29,0,12,1
b166,3,3,0,2,1,,,24,26,0,17,1
b166,3,3,1,2,1,,,25,27,0,17,1
b166,3,3,2,2,2,,,26,28,0,12,1
b166,3,3,3,3,3,,,27,29,0,12,1
b167,0,0,0,2,1,,,12,14,0,8,1
b167,0,0,1,2,1,,,13,15,0,8,1
b167,0,0,2,2,2,,,14,16,0,6,1
b167,0,0,3,3,3,,,15,17,0,7,1
b167,1,0,0,2,1,,,16,18,0,11,1
b167,1,0,1,2,1,,,17,19,0,11,1
b167,1,0,2,2,2,,,18,20,0,9,1
b167,1,0,3,3,3,,,19,21,0,10,1
b167,1,1,0,2,1,,,16,18,0,10,1
b167,1,1,1,2,1,,,17,19,0,10,1
b167,1,1,2,2,2,,,18,20,0,10,1
b167,1,1,3,3,3,,,19,21,0,10,1
b167,2,0,0,2,1,,,20,22,0,14,1
b167,2,0,1,2,1,,,21,23,0,14,1
b167,2,0,2,2,2,,,22,24,0,11,1
b167,2,0,3,3,3,,,23,25,0,12,1
b167,2,1,0,2,1,,,20,22,0,13,1
b167,2,1,1,2,1,,,21,23,0,13,1
b167,2,1,2,2,2,,,22,24,0,12,1
b167,2,1,3,3,3,,,23,25,0,12,1
b167,2,2,0,2,1,,,20,22,0,12,1
b167,2,2,1,2,1,,,21,23,0,12,1
b167,2,2,2,2,2,,,22,24,0,12,1
b167,2,2,3,3,3,,,23,25,0,12,1
b167,3,0,0,2,1,,,24,26,0,17,1
b167,3,0,1,2,1,,,25,27,0,17,1
b167,3,0,2,2,2,,,26,28,0,13,1
b167,3,0,3,3,3,,,27,29,0,14,1
b167,3,1,0,2,1,,,24,26,0,16,1
b167,3,1,1,2,1,,,25,27,0,16,1
b167,3,1,2,2,2,,,26,28,0,14,1
b167,3,1,3,3,3,,,27,29,0,14,1
b167,3,2,0,2,1,,,24,26,0,15,1
b167,3,2,1,2,1,,,25,27,0,15,1
b167,3,2,2,2,2,,,26,28,0,14,1
b167,3,2,3,3,3,,,27,29,0,14,1
b167,3,3,0,2,1,,,24,26,0,14,1
b167,3,3,1,2,1,,,25,27,0,14,1
b167,3,3,2,2,2,,,26,28,0,14,1
b167,3,3,3,3,3,,,27,29,0,14,1
b168,0,0,0,1,1,,,12,14,0,6,1
b168,0,0,1,1,1,,,13,15,0,5,1
b168,0,0,2,2,2,,,14,16,0,6,1
b168,0,0,3,3,3,,,15,17,0,6,1
b168,1,0,0,1,1,,,16,18,0,8,1
b168,1,0,1,1,1,,,17,19,0,7,1
b168,1,0,2,2,2,,,18,20,0,8,1
b168,1,0,3,3,3,,,19,21,0,8,1
b168,1,1,0,1,1,,,16,18,0,8,1
b168,1,1,1,1,1,,,17,19,0,7,1
b168,1,1,2,2,2,,,18,20,0,8,1
b168,1,1,3,3,3,,,19,21,0,8,1
b168,2,0,0,1,1,,,20,22,0,10,1
b168,2,0,1,1,1,,,21,23,0,9,1
b168,2,0,2,2,2,,,22,24,0,10,1
b168,2,0,3,3,3,,,23,25,0,10,1
b168,2,1,0,1,1,,,20,22,0,10,1
b168,2,1,1,1,1,,,21,23,0,9,1
b168,2,1,2,2,2,,,22,24,0,10,1
b168,2,1,3,3,3,,,23,25,0,10,1
b168,2,2,0,1,1,,,20,22,0,10,1
b168,2,2,1,1,1,,,21,23,0,9,1
b168,2,2,2,2,2,,,22,24,0,10,1
b168,2,2,3,3,3,,,23,25,0,10,1
b168,3,0,0,1,1,,,24,26,0,12,1
b168,3,0,1,1,1,,,25,27,0,11,1
b168,3,0,2,2,2,,,26,28,0,12,1
b168,3,0,3,3,3,,,27,29,0,12,1
b168,3,1,0,1,1,,,24,26,0,12,1
b168,3,1,1,1,1,,,25,27,0,11,1
b168,3,1,2,2,2,,,26,28,0,12,1
b168,3,1,3,3,3,,,27,29,0,12,1
b168,3,2,0,1,1,,,24,26,0,12,1
b168,3,2,1,1,1,,,25,27,0,11,1
b168,3,2,2,2,2,,,26,28,0,12,1
b168,3,2,3,3,3,,,27,29,0,12,1
b168,3,3,0,1,1,,,24,26,0,12,1
b168,3,3,1,1,1,,,25,27,0,11,1
b168,3,3,2,2,2,,,26,28,0,12,1
b168,3,3,3,3,3,,,27,29,0,12,1
b169,0,0,0,1,1,,,12,14,0,19,1
b169,0,0,1,1,1,,,13,15,0,19,1
b169,0,0,2,2,2,,,14,16,0,21,1
b169,0,0,3,3,3,,,15,17,0,22,1
b169,1,0,0,2,1,,,16,18,0,25,1
b169,1,0,1,2,1,,,17,19,0,25,1
b169,1,0,2,2,2,,,18,20,0,27,1
b169,1,0,3,3,3,,,19,21,0,28,1
b169,1,1,0,2,1,,,16,18,0,25,1
b169,1,1,1,2,1,,,17,19,0,25,1
b169,1,1,2,2,2,,,18,20,0,27,1
b169,1,1,3,3,3,,,19,21,0,28,1
b169,2,0,0,3,1,,,20,22,0,31,1
b169,2,0,1,3,1,,,21,23,0,31,1
b169,2,0,2,3,2,,,22,24,0,33,1
b169,2,0,3,3,3,,,23,25,0,34,1
b169,2,1,0,3,1,,,20,22,0,31,1
b169,2,1,1,3,1,,,21,23,0,31,1
b169,2,1,2,3,2,,,22,24,0,33,1
b169,2,1,3,3,3,,,23,25,0,34,1
b169,2,2,0,3,1,,,20,22,0,31,1
b169,2,2,1,3,1,,,21,23,0,31,1
b169,2,2,2,3,2,,,22,24,0,33,1
b169,2,2,3,3,3,,,23,25,0,34,1
b169,3,0,0,4,1,,,24,26,0,37,1
b169,3,0,1,4,1,,,25,27,0,37,1
b169,3,0,2,4,2,,,26,28,0,39,1
b169,3,0,3,4,3,,,27,29,0,40,1
b169,3,1,0,4,1,,,24,26,0,37,1
b169,3,1,1,4,1,,,25,27,0,37,1
b169,3,1,2,4,2,,,26,28,0,39,1
b169,3,1,3,4,3,,,27,29,0,40,1
b169,3,2,0,4,1,,,24,26,0,37,1
b169,3,2,1,4,1,,,25,27,0,37,1
b169,3,2,2,4,2,,,26,28,0,39,1
b169,3,2,3,4,3,,,27,29,0,40,1
b169,3,3,0,4,1,,,24,26,0,37,1
b169,3,3,1,4,1,,,25,27,0,37,1
b169,3,3,2,4,2,,,26,28,0,39,1
b169,3,3,3,4,3,,,27,29,0,40,1
b170,0,0,0,1,1,,,12,14,0,5,1
b170,0,0,1,1,1,,,13,15,0,4,1
b170,0,0,2,2,2,,,14,16,0,5,1
b170,0,0,3,3,3,,,15,17,0,5,1
b170,1,0,0,1,1,,,16,18,0,7,1
b170,1,0,1,1,1,,,17,19,0,6,1
b170,1,0,2,2,2,,,18,20,0,7,1
b170,1,0,3,3,3,,,19,21,0,7,1
b170,1,1,0,1,1,,,16,18,0,7,1
b170,1,1,1,1,1,,,17,19,0,6,1
b170,1,1,2,2,2,,,18,20,0,7,1
b170,1,1,3,3,3,,,19,21,0,7,1
b170,2,0,0,1,1,,,20,22,0,9,1
b170,2,0,1,1,1,,,21,23,0,8,1
b170,2,0,2,2,2,,,22,24,0,9,1
b170,2,0,3,3,3,,,23,25,0,9,1
b170,2,1,0,1,1,,,20,22,0,9,1
b170,2,1,1,1,1,,,21,23,0,8,1
b170,2,1,2,2,2,,,22,24,0,9,1
b170,2,1,3,3,3,,,23,25,0,9,1
b170,2,2,0,1,1,,,20,22,0,9,1
b170,2,2,1,1,1,,,21,23,0,8,1
b170,2,2,2,2,2,,,22,24,0,9,1
b170,2,2,3,3,3,,,23,25,0,9,1
b170,3,0,0,1,1,,,24,26,0,11,1
b170,3,0,1,1,1,,,25,27,0,10,1
b170,3,0,2,2,2,,,26,28,0,11,1
b170,3,0,3,3,3,,,27,29,0,11,1
b170,3,1,0,1,1,,,24,26,0,11,1
b170,3,1,1,1,1,,,25,27,0,10,1
b170,3,1,2,2,2,,,26,28,0,11,1
b170,3,1,3,3,3,,,27,29,0,11,1
b170,3,2,0,1,1,,,24,26,0,11,1
b170,3,2,1,1,1,,,25,27,0,10,1
b170,3,2,2,2,2,,,26,28,0,11,1
b170,3,2,3,3,3,,,27,29,0,11,1
b170,3,3,0,1,1,,,24,26,0,11,1
b170,3,3,1,1,1,,,25,27,0,10,1
b170,3,3,2,2,2,,,26,28,0,11,1
b170,3,3,3,3,3,,,27,29,0,11,1
b171,0,0,0,1,1,,,12,14,0,7,1
b171,0,0,1,1,1,,,13,15,0,6,1
b171,0,0,2,2,2,,,14,16,0,6,1
b171,0,0,3,3,3,,,15,17,0,6,1
b171,1,0,0,2,1,,,16,18,0,12,1
b171,1,0,1,2,1,,,17,19,0,11,1
b171,1,0,2,2,2,,,18,20,0,8,1
b171,1,0,3,3,3,,,19,21,0,8,1
b171,1,1,0,2,1,,,16,18,0,12,1
b171,1,1,1,2,1,,,17,19,0,11,1
b171,1,1,2,2,2,,,18,20,0,8,1
b171,1,1,3,3,3,,,19,21,0,8,1
b171,2,0,0,2,1,,,20,22,0,15,1
b171,2,0,1,2,1,,,21,23,0,14,1
b171,2,0,2,2,2,,,22,24,0,10,1
b171,2,0,3,3,3,,,23,25,0,10,1
b171,2,1,0,2,1,,,20,22,0,15,1
b171,2,1,1,2,1,,,21,23,0,14,1
b171,2,1,2,2,2,,,22,24,0,10,1
b171,2,1,3,3,3,,,23,25,0,10,1
b171,2,2,0,2,1,,,20,22,0,15,1
b171,2,2,1,2,1,,,21,23,0,14,1
b171,2,2,2,2,2,,,22,24,0,10,1
b171,2,2,3,3,3,,,23,25,0,10,1
b171,3,0,0,2,1,,,24,26,0,18,1
b171,3,0,1,2,1,,,25,27,0,17,1
b171,3,0,2,2,2,,,26,28,0,12,1
b171,3,0,3,3,3,,,27,29,0,12,1
b171,3,1,0,2,1,,,24,26,0,18,1
b171,3,1,1,2,1,,,25,27,0,17,1
b171,3,1,2,2,2,,,26,28,0,12,1
b171,3,1,3,3,3,,,27,29,0,12,1
b171,3,2,0,2,1,,,24,26,0,18,1
b171,3,2,1,2,1,,,25,27,0,17,1
b171,3,2,2,2,2,,,26,28,0,12,1
b171,3,2,3,3,3,,,27,29,0,12,1
b171,3,3,0,2,1,,,24,26,0,18,1
b171,3,3,1,2,1,,,25,27,0,17,1
b171,3,3,2,2,2,,,26,28,0,12,1
b171,3,3,3,3,3,,,27,29,0,12,1
b172,0,0,0,2,1,,,12,14,0,10,1
b172,0,0,1,2,1,,,13,15,0,10,1
b172,0,0,2,2,2,,,14,16,0,7,1
b172,0,0,3,3,3,,,15,17,0,7,1
b172,1,0,0,2,1,,,16,18,0,14,1
b172,1,0,1,2,1,,,17,19,0,15,1
b172,1,0,2,2,2,,,18,20,0,9,1
b172,1,0,3,3,3,,,19,21,0,9,1
b172,1,1,0,2,1,,,16,18,0,15,1
b172,1,1,1,2,1,,,17,19,0,14,1
b172,1,1,2,2,2,,,18,20,0,9,1
b172,1,1,3,3,3,,,19,21,0,9,1
b172,2,0,0,2,1,,,20,22,0,18,1
b172,2,0,1,2,1,,,21,23,0,19,1
b172,2,0,2,2,2,,,22,24,0,11,1
b172,2,0,3,3,3,,,23,25,0,11,1
b172,2,1,0,2,1,,,20,22,0,19,1
b172,2,1,1,2,1,,,21,23,0,18,1
b172,2,1,2,2,2,,,22,24,0,11,1
b172,2,1,3,3,3,,,23,25,0,11,1
b172,2,2,0,2,1,,,20,22,0,19,1
b172,2,2,1,2,1,,,21,23,0,18,1
b172,2,2,2,2,2,,,22,24,0,11,1
b172,2,2,3,3,3,,,23,25,0,11,1
b172,3,0,0,2,1,,,24,26,0,22,1
b172,3,0,1,2,1,,,25,27,0,23,1
b172,3,0,2,2,2,,,26,28,0,13,1
b172,3,0,3,3,3,,,27,29,0,13,1
b172,3,1,0,2,1,,,24,26,0,23,1
b172,3,1,1,2,1,,,25,27,0,22,1
b172,3,1,2,2,2,,,26,28,0,13,1
b172,3,1,3,3,3,,,27,29,0,13,1
b172,3,2,0,2,1,,,24,26,0,23,1
b172,3,2,1,2,1,,,25,27,0,22,1
b172,3,2,2,2,2,,,26,28,0,13,1
b172,3,2,3,3,3,,,27,29,0,13,1
b172,3,3,0,2,1,,,24,26,0,23,1
b172,3,3,1,2,1,,,25,27,0,22,1
b172,3,3,2,2,2,,,26,28,0,13,1
b172,3,3,3,3,3,,,27,29,0,13,1
b173,0,0,0,2,1,,,12,14,0,19,1
b173,0,0,1,2,1,,,13,15,0,21,1
b173,0,0,2,2,2,,,14,16,0,22,1
b173,0,0,3,3,3,,,15,17,0,23,1
b173,1,0,0,3,1,,,16,18,0,25,1
b173,1,0,1,3,1,,,17,19,0,27,1
b173,1,0,2,3,2,,,18,20,0,28,1
b173,1,0,3,3,3,,,19,21,0,29,1
b173,1,1,0,3,1,,,16,18,0,26,1
b173,1,1,1,3,1,,,17,19,0,26,1
b173,1,1,2,3,2,,,18,20,0,28,1
b173,1,1,3,3,3,,,19,21,0,29,1
b173,2,0,0,4,1,,,20,22,0,31,1
b173,2,0,1,4,1,,,21,23,0,33,1
b173,2,0,2,4,2,,,22,24,0,34,1
b173,2,0,3,4,3,,,23,25,0,35,1
b173,2,1,0,4,1,,,20,22,0,32,1
b173,2,1,1,4,1,,,21,23,0,32,1
b173,2,1,2,4,2,,,22,24,0,34,1
b173,2,1,3,4,3,,,23,25,0,35,1
b173,2,2,0,4,1,,,20,22,0,32,1
b173,2,2,1,4,1,,,21,23,0,32,1
b173,2,2,2,4,2,,,22,24,0,34,1
b173,2,2,3,4,3,,,23,25,0,35,1
b173,3,0,0,5,1,,,24,26,0,37,1
b173,3,0,1,5,1,,,25,27,0,39,1
b173,3,0,2,5,2,,,26,28,0,40,1
b173,3,0,3,5,3,,,27,29,0,41,1
b173,3,1,0,5,1,,,24,26,0,38,1
b173,3,1,1,5,1,,,25,27,0,38,1
b173,3,1,2,5,2,,,26,28,0,40,1
b173,3,1,3,5,3,,,27,29,0,41,1
b173,3,2,0,5,1,,,24,26,0,38,1
b173,3,2,1,5,1,,,25,27,0,38,1
b173,3,2,2,5,2,,,26,28,0,40,1
b173,3,2,3,5,3,,,27,29,0,41,1
b173,3,3,0,5,1,,,24,26,0,38,1
b173,3,3,1,5,1,,,25,27,0,38,1
b173,3,3,2,5,2,,,26,28,0,40,1
b173,3,3,3,5,3,,,27,29,0,41,1
b174,0,0,0,2,1,,,12,14,0,8,1
b174,0,0,1,2,1,,,13,15,0,8,1
b174,0,0,2,2,2,,,14,16,0,6,1
b174,0,0,3,3,3,,,15,17,0,6,1
b174,1,0,0,2,1,,,16,18,0,12,1
b174,1,0,1,2,1,,,17,19,0,12,1
b174,1,0,2,2,2,,,18,20,0,8,1
b174,1,0,3,3,3,,,19,21,0,8,1
b174,1,1,0,2,1,,,16,18,0,11,1
b174,1,1,1,2,1,,,17,19,0,11,1
b174,1,1,2,2,2,,,18,20,0,8,1
b174,1,1,3,3,3,,,19,21,0,8,1
b174,2,0,0,2,1,,,20,22,0,16,1
b174,2,0,1,2,1,,,21,23,0,16,1
b174,2,0,2,2,2,,,22,24,0,10,1
b174,2,0,3,3,3,,,23,25,0,10,1
b174,2,1,0,2,1,,,20,22,0,15,1
b174,2,1,1,2,1,,,21,23,0,15,1
b174,2,1,2,2,2,,,22,24,0,10,1
b174,2,1,3,3,3,,,23,25,0,10,1
b174,2,2,0,2,1,,,20,22,0,14,1
b174,2,2,1,2,1,,,21,23,0,14,1
b174,2,2,2,2,2,,,22,24,0,10,1
b174,2,2,3,3,3,,,23,25,0,10,1
b174,3,0,0,2,1,,,24,26,0,20,1
b174,3,0,1,2,1,,,25,27,0,20,1
b174,3,0,2,2,2,,,26,28,0,12,1
b174,3,0,3,3,3,,,27,29,0,12,1
b174,3,1,0,2,1,,,24,26,0,19,1
b174,3,1,1,2,1,,,25,27,0,19,1
b174,3,1,2,2,2,,,26,28,0,12,1
b174,3,1,3,3,3,,,27,29,0,12,1
b174,3,2,0,2,1,,,24,26,0,18,1
b174,3,2,1,2,1,,,25,27,0,18,1
b174,3,2,2,2,2,,,26,28,0,12,1
b174,3,2,3,3,3,,,27,29,0,12,1
b174,3,3,0,2,1,,,24,26,0,17,1
b174,3,3,1,2,1,,,25,27,0,17,1
b174,3,3,2,2,2,,,26,28,0,12,1
b174,3,3,3,3,3,,,27,29,0,12,1
b175,0,0,0,2,1,,,12,14,0,8,1
b175,0,0,1,2,1,,,13,15,0,8,1
b175,0,0,2,2,2,,,14,16,0,7,1
b175,0,0,3,3,3,,,15,17,0,7,1
b175,1,0,0,2,1,,,16,18,0,11,1
b175,1,0,1,2,1,,,17,19,0,11,1
b175,1,0,2,2,2,,,18,20,0,9,1
b175,1,0,3,3,3,,,19,21,0,9,1
b175,1,1,0,2,1,,,16,18,0,10,1
b175,1,1,1,2,1,,,17,19,0,10,1
b175,1,1,2,2,2,,,18,20,0,9,1
b175,1,1,3,3,3,,,19,21,0,9,1
b175,2,0,0,2,1,,,20,22,0,14,1
b175,2,0,1,2,1,,,21,23,0,14,1
b175,2,0,2,2,2,,,22,24,0,11,1
b175,2,0,3,3,3,,,23,25,0,11,1
b175,2,1,0,2,1,,,20,22,0,13,1
b175,2,1,1,2,1,,,21,23,0,13,1
b175,2,1,2,2,2,,,22,24,0,11,1
b175,2,1,3,3,3,,,23,25,0,11,1
b175,2,2,0,2,1,,,20,22,0,12,1
b175,2,2,1,2,1,,,21,23,0,12,1
b175,2,2,2,2,2,,,22,24,0,11,1
b175,2,2,3,3,3,,,23,25,0,11,1
b175,3,0,0,2,1,,,24,26,0,17,1
b175,3,0,1,2,1,,,25,27,0,17,1
b175,3,0,2,2,2,,,26,28,0,13,1
b175,3,0,3,3,3,,,27,29,0,13,1
b175,3,1,0,2,1,,,24,26,0,16,1
b175,3,1,1,2,1,,,25,27,0,16,1
b175,3,1,2,2,2,,,26,28,0,13,1
b175,3,1,3,3,3,,,27,29,0,13,1
b175,3,2,0,2,1,,,24,26,0,15,1
b175,3,2,1,2,1,,,25,27,0,15,1
b175,3,2,2,2,2,,,26,28,0,13,1
b175,3,2,3,3,3,,,27,29,0,13,1
b175,3,3,0,2,1,,,24,26,0,14,1
b175,3,3,1,2,1,,,25,27,0,14,1
b175,3,3,2,2,2,,,26,28,0,13,1
b175,3,3,3,3,3,,,27,29,0,13,1
b176,0,0,0,1,1,,,12,14,0,5,1
b176,0,0,1,1,1,,,13,15,0,8,1
b176,0,0,2,2,2,,,14,16,0,8,1
b176,0,0,3,3,3,,,15,17,0,8,1
b176,1,0,0,1,1,,,16,18,0,7,1
b176,1,0,1,2,1,,,17,19,0,14,1
b176,1,0,2,3,2,,,18,20,0,14,1
b176,1,0,3,4,3,,,19,21,0,14,1
b176,1,1,0,1,1,,,16,18,0,7,1
b176,1,1,1,1,1,,,17,19,0,10,1
b176,1,1,2,2,2,,,18,20,0,10,1
b176,1,1,3,3,3,,,19,21,0,10,1
b176,2,0,0,1,1,,,20,22,0,9,1
b176,2,0,1,2,1,,,21,23,0,18,1
b176,2,0,2,3,2,,,22,24,0,18,1
b176,2,0,3,4,3,,,23,25,0,18,1
b176,2,1,0,1,1,,,20,22,0,9,1
b176,2,1,1,2,1,,,21,23,0,18,1
b176,2,1,2,3,2,,,22,24,0,18,1
b176,2,1,3,4,3,,,23,25,0,18,1
b176,2,2,0,1,1,,,20,22,0,9,1
b176,2,2,1,1,1,,,21,23,0,12,1
b176,2,2,2,2,2,,,22,24,0,12,1
b176,2,2,3,3,3,,,23,25,0,12,1
b176,3,0,0,1,1,,,24,26,0,11,1
b176,3,0,1,2,1,,,25,27,0,22,1
b176,3,0,2,3,2,,,26,28,0,22,1
b176,3,0,3,4,3,,,27,29,0,22,1
b176,3,1,0,1,1,,,24,26,0,11,1
b176,3,1,1,2,1,,,25,27,0,22,1
b176,3,1,2,3,2,,,26,28,0,22,1
b176,3,1,3,4,3,,,27,29,0,22,1
b176,3,2,0,1,1,,,24,26,0,11,1
b176,3,2,1,2,1,,,25,27,0,22,1
b176,3,2,2,3,2,,,26,28,0,22,1
b176,3,2,3,4,3,,,27,29,0,22,1
b176,3,3,0,1,1,,,24,26,0,11,1
b176,3,3,1,1,1,,,25,27,0,14,1
b176,3,3,2,2,2,,,26,28,0,14,1
b176,3,3,3,3,3,,,27,29,0,14,1
b177,0,0,0,1,1,,,12,14,0,18,1
b177,0,0,1,1,1,,,13,15,0,20,1
b177,0,0,2,2,2,,,14,16,0,21,1
b177,0,0,3,3,3,,,15,17,0,22,1
b177,1,0,0,2,1,,,16,18,0,24,1
b177,1,0,1,2,1,,,17,19,0,26,1
b177,1,0,2,3,2,,,18,20,0,27,1
b177,1,0,3,4,3,,,19,21,0,28,1
b177,1,1,0,2,1,,,16,18,0,24,1
b177,1,1,1,2,1,,,17,19,0,26,1
b177,1,1,2,2,2,,,18,20,0,27,1
b177,1,1,3,3,3,,,19,21,0,28,1
b177,2,0,0,3,1,,,20,22,0,30,1
b177,2,0,1,3,1,,,21,23,0,32,1
b177,2,0,2,3,2,,,22,24,0,33,1
b177,2,0,3,4,3,,,23,25,0,34,1
b177,2,1,0,3,1,,,20,22,0,30,1
b177,2,1,1,3,1,,,21,23,0,32,1
b177,2,1,2,3,2,,,22,24,0,33,1
b177,2,1,3,4,3,,,23,25,0,34,1
b177,2,2,0,3,1,,,20,22,0,30,1
b177,2,2,1,3,1,,,21,23,0,32,1
b177,2,2,2,3,2,,,22,24,0,33,1
b177,2,2,3,3,3,,,23,25,0,34,1
b177,3,0,0,4,1,,,24,26,0,36,1
b177,3,0,1,4,1,,,25,27,0,38,1
b177,3,0,2,4,2,,,26,28,0,39,1
b177,3,0,3,4,3,,,27,29,0,40,1
b177,3,1,0,4,1,,,24,26,0,36,1
b177,3,1,1,4,1,,,25,27,0,38,1
b177,3,1,2,4,2,,,26,28,0,39,1
b177,3,1,3,4,3,,,27,29,0,40,1
b177,3,2,0,4,1,,,24,26,0,36,1
b177,3,2,1,4,1,,,25,27,0,38,1
b177,3,2,2,4,2,,,26,28,0,39,1
b177,3,2,3,4,3,,,27,29,0,40,1
b177,3,3,0,4,1,,,24,26,0,36,1
b177,3,3,1,4,1,,,25,27,0,38,1
b177,3,3,2,4,2,,,26,28,0,39,1
b177,3,3,3,4,3,,,27,29,0,40,1
b178,0,0,0,1,1,,,12,14,0,5,1
b178,0,0,1,1,1,,,13,15,0,7,1
b178,0,0,2,2,2,,,14,16,0,7,1
b178,0,0,3,3,3,,,15,17,0,7,1
b178,1,0,0,1,1,,,16,18,0,7,1
b178,1,0,1,2,1,,,17,19,0,13,1
b178,1,0,2,3,2,,,18,20,0,13,1
b178,1,0,3,4,3,,,19,21,0,13,1
b178,1,1,0,1,1,,,16,18,0,7,1
b178,1,1,1,1,1,,,17,19,0,9,1
b178,1,1,2,2,2,,,18,20,0,9,1
b178,1,1,3,3,3,,,19,21,0,9,1
b178,2,0,0,1,1,,,20,22,0,9,1
b178,2,0,1,2,1,,,21,23,0,17,1
b178,2,0,2,3,2,,,22,24,0,17,1
b178,2,0,3,4,3,,,23,25,0,17,1
b178,2,1,0,1,1,,,20,22,0,9,1
b178,2,1,1,2,1,,,21,23,0,17,1
b178,2,1,2,3,2,,,22,24,0,17,1
b178,2,1,3,4,3,,,23,25,0,17,1
b178,2,2,0,1,1,,,20,22,0,9,1
b178,2,2,1,1,1,,,21,23,0,11,1
b178,2,2,2,2,2,,,22,24,0,11,1
b178,2,2,3,3,3,,,23,25,0,11,1
b178,3,0,0,1,1,,,24,26,0,11,1
b178,3,0,1,2,1,,,25,27,0,21,1
b178,3,0,2,3,2,,,26,28,0,21,1
b178,3,0,3,4,3,,,27,29,0,21,1
b178,3,1,0,1,1,,,24,26,0,11,1
b178,3,1,1,2,1,,,25,27,0,21,1
b178,3,1,2,3,2,,,26,28,0,21,1
b178,3,1,3,4,3,,,27,29,0,21,1
b178,3,2,0,1,1,,,24,26,0,11,1
b178,3,2,1,2,1,,,25,27,0,21,1
b178,3,2,2,3,2,,,26,28,0,21,1
b178,3,2,3,4,3,,,27,29,0,21,1
b178,3,3,0,1,1,,,24,26,0,11,1
b178,3,3,1,1,1,,,25,27,0,13,1
b178,3,3,2,2,2,,,26,28,0,13,1
b178,3,3,3,3,3,,,27,29,0,13,1
b179,0,0,0,1,1,,,12,14,0,6,1
b179,0,0,1,1,1,,,13,15,0,7,1
b179,0,0,2,2,2,,,14,16,0,8,1
b179,0,0,3,3,3,,,15,17,0,8,1
b179,1,0,0,2,1,,,16,18,0,11,1
b179,1,0,1,2,1,,,17,19,0,12,1
b179,1,0,2,3,2,,,18,20,0,14,1
b179,1,0,3,4,3,,,19,21,0,14,1
b179,1,1,0,2,1,,,16,18,0,11,1
b179,1,1,1,2,1,,,17,19,0,12,1
b179,1,1,2,2,2,,,18,20,0,10,1
b179,1,1,3,3,3,,,19,21,0,10,1
b179,2,0,0,2,1,,,20,22,0,14,1
b179,2,0,1,2,1,,,21,23,0,15,1
b179,2,0,2,3,2,,,22,24,0,18,1
b179,2,0,3,4,3,,,23,25,0,18,1
b179,2,1,0,2,1,,,20,22,0,14,1
b179,2,1,1,2,1,,,21,23,0,15,1
b179,2,1,2,3,2,,,22,24,0,18,1
b179,2,1,3,4,3,,,23,25,0,18,1
b179,2,2,0,2,1,,,20,22,0,14,1
b179,2,2,1,2,1,,,21,23,0,15,1
b179,2,2,2,2,2,,,22,24,0,12,1
b179,2,2,3,3,3,,,23,25,0,12,1
b179,3,0,0,2,1,,,24,26,0,17,1
b179,3,0,1,2,1,,,25,27,0,18,1
b179,3,0,2,3,2,,,26,28,0,22,1
b179,3,0,3,4,3,,,27,29,0,22,1
b179,3,1,0,2,1,,,24,26,0,17,1
b179,3,1,1,2,1,,,25,27,0,18,1
b179,3,1,2,3,2,,,26,28,0,22,1
b179,3,1,3,4,3,,,27,29,0,22,1
b179,3,2,0,2,1,,,24,26,0,17,1
b179,3,2,1,2,1,,,25,27,0,18,1
b179,3,2,2,3,2,,,26,28,0,22,1
b179,3,2,3,4,3,,,27,29,0,22,1
b179,3,3,0,2,1,,,24,26,0,17,1
b179,3,3,1,2,1,,,25,27,0,18,1
b179,3,3,2,2,2,,,26,28,0,14,1
b179,3,3,3,3,3,,,27,29,0,14,1
b180,0,0,0,2,1,,,12,14,0,10,1
b180,0,0,1,2,1,,,13,15,0,10,1
b180,0,0,2,2,2,,,14,16,0,9,1
b180,0,0,3,3,3,,,15,17,0,10,1
b180,1,0,0,3,1,,,16,18,0,17,1
b180,1,0,1,3,1,,,17,19,0,16,1
b180,1,0,2,3,2,,,18,20,0,16,1
b180,1,0,3,4,3,,,19,21,0,17,1
b180,1,1,0,3,1,,,16,18,0,16,1
b180,1,1,1,3,1,,,17,19,0,17,1
b180,1,1,2,3,2,,,18,20,0,17,1
b180,1,1,3,3,3,,,19,21,0,13,1
b180,2,0,0,3,1,,,20,22,0,21,1
b180,2,0,1,3,1,,,21,23,0,20,1
b180,2,0,2,3,2,,,22,24,0,20,1
b180,2,0,3,4,3,,,23,25,0,21,1
b180,2,1,0,3,1,,,20,22,0,20,1
b180,2,1,1,3,1,,,21,23,0,21,1
b180,2,1,2,3,2,,,22,24,0,21,1
b180,2,1,3,4,3,,,23,25,0,21,1
b180,2,2,0,3,1,,,20,22,0,20,1
b180,2,2,1,3,1,,,21,23,0,21,1
b180,2,2,2,3,2,,,22,24,0,21,1
b180,2,2,3,3,3,,,23,25,0,15,1
b180,3,0,0,3,1,,,24,26,0,25,1
b180,3,0,1,3,1,,,25,27,0,24,1
b180,3,0,2,3,2,,,26,28,0,24,1
b180,3,0,3,4,3,,,27,29,0,25,1
b180,3,1,0,3,1,,,24,26,0,24,1
b180,3,1,1,3,1,,,25,27,0,25,1
b180,3,1,2,3,2,,,26,28,0,25,1
b180,3,1,3,4,3,,,27,29,0,25,1
b180,3,2,0,3,1,,,24,26,0,24,1
b180,3,2,1,3,1,,,25,27,0,25,1
b180,3,2,2,3,2,,,26,28,0,25,1
b180,3,2,3,4,3,,,27,29,0,25,1
b180,3,3,0,3,1,,,24,26,0,24,1
b180,3,3,1,3,1,,,25,27,0,25,1
b180,3,3,2,3,2,,,26,28,0,25,1
b180,3,3,3,3,3,,,27,29,0,17,1
b181,0,0,0,2,1,,,12,14,0,31,1
b181,0,0,1,2,2,,,13,15,0,33,1
b181,0,0,2,2,3,2,2,14,16,1,34,1
b181,0,0,3,3,3,,,15,17,0,37,1
b181,1,0,0,4,1,,,16,18,0,42,1
b181,1,0,1,4,2,,,17,19,0,44,1
b181,1,0,2,4,3,,,18,20,0,45,1
b181,1,0,3,4,3,,,19,21,0,47,1
b181,1,1,0,4,1,,,16,18,0,41,1
b181,1,1,1,4,2,,,17,19,0,44,1
b181,1,1,2,4,3,,,18,20,0,46,1
b181,1,1,3,4,3,,,19,21,0,48,1
b181,2,0,0,5,1,,,20,22,0,53,1
b181,2,0,1,5,2,,,21,23,0,55,1
b181,2,0,2,5,3,,,22,24,0,56,1
b181,2,0,3,5,3,,,23,25,0,58,1
b181,2,1,0,5,1,,,20,22,0,52,1
b181,2,1,1,5,2,,,21,23,0,55,1
b181,2,1,2,5,3,,,22,24,0,57,1
b181,2,1,3,5,3,,,23,25,0,59,1
b181,2,2,0,5,1,,,20,22,0,52,1
b181,2,2,1,5,2,,,21,23,0,55,1
b181,2,2,2,5,3,,,22,24,0,57,1
b181,2,2,3,5,3,,,23,25,0,59,1
b181,3,0,0,6,1,,,24,26,0,64,1
b181,3,0,1,6,2,,,25,27,0,66,1
b181,3,0,2,6,3,,,26,28,0,67,1
b181,3,0,3,6,3,,,27,29,0,69,1
b181,3,1,0,6,1,,,24,26,0,63,1
b181,3,1,1,6,2,,,25,27,0,66,1
b181,3,1,2,6,3,,,26,28,0,68,1
b181,3,1,3,6,3,,,27,29,0,70,1
b181,3,2,0,6,1,,,24,26,0,63,1
b181,3,2,1,6,2,,,25,27,0,66,1
b181,3,2,2,6,3,,,26,28,0,68,1
b181,3,2,3,6,3,,,27,29,0,70,1
b181,3,3,0,6,1,,,24,26,0,63,1
b181,3,3,1,6,2,,,25,27,0,66,1
b181,3,3,2,6,3,,,26,28,0,68,1
b181,3,3,3,6,3,,,27,29,0,70,1
b182,0,0,0,2,1,,,12,14,0,8,1
b182,0,0,1,2,1,,,13,15,0,8,1
b182,0,0,2,2,2,,,14,16,0,6,1
b182,0,0,3,3,3,,,15,17,0,8,1
b182,1,0,0,3,1,,,16,18,0,14,1
b182,1,0,1,3,1,,,17,19,0,14,1
b182,1,0,2,3,2,,,18,20,0,11,1
b182,1,0,3,4,3,,,19,21,0,14,1
b182,1,1,0,3,1,,,16,18,0,13,1
b182,1,1,1,3,1,,,17,19,0,13,1
b182,1,1,2,3,2,,,18,20,0,12,1
b182,1,1,3,3,3,,,19,21,0,10,1
b182,2,0,0,3,1,,,20,22,0,18,1
b182,2,0,1,3,1,,,21,23,0,18,1
b182,2,0,2,3,2,,,22,24,0,14,1
b182,2,0,3,4,3,,,23,25,0,18,1
b182,2,1,0,3,1,,,20,22,0,17,1
b182,2,1,1,3,1,,,21,23,0,17,1
b182,2,1,2,3,2,,,22,24,0,15,1
b182,2,1,3,4,3,,,23,25,0,18,1
b182,2,2,0,3,1,,,20,22,0,16,1
b182,2,2,1,3,1,,,21,23,0,16,1
b182,2,2,2,3,2,,,22,24,0,15,1
b182,2,2,3,3,3,,,23,25,0,12,1
b182,3,0,0,3,1,,,24,26,0,22,1
b182,3,0,1,3,1,,,25,27,0,22,1
b182,3,0,2,3,2,,,26,28,0,17,1
b182,3,0,3,4,3,,,27,29,0,22,1
b182,3,1,0,3,1,,,24,26,0,21,1
b182,3,1,1,3,1,,,25,27,0,21,1
b182,3,1,2,3,2,,,26,28,0,18,1
b182,3,1,3,4,3,,,27,29,0,22,1
b182,3,2,0,3,1,,,24,26,0,20,1
b182,3,2,1,3,1,,,25,27,0,20,1
b182,3,2,2,3,2,,,26,28,0,18,1
b182,3,2,3,4,3,,,27,29,0,22,1
b182,3,3,0,3,1,,,24,26,0,19,1
b182,3,3,1,3,1,,,25,27,0,19,1
b182,3,3,2,3,2,,,26,28,0,18,1
b182,3,3,3,3,3,,,27,29,0,14,1
b183,0,0,0,2,1,,,12,14,0,10,1
b183,0,0,1,2,2,,,13,15,0,10,1
b183,0,0,2,2,2,,,14,16,0,9,1
b183,0,0,3,3,3,,,15,17,0,10,1
b183,1,0,0,3,1,,,16,18,0,17,1
b183,1,0,1,3,2,,,17,19,0,16,1
b183,1,0,2,3,2,,,18,20,0,16,1
b183,1,0,3,4,3,,,19,21,0,17,1
b183,1,1,0,3,1,,,16,18,0,16,1
b183,1,1,1,3,2,,,17,19,0,17,1
b183,1,1,2,3,2,,,18,20,0,17,1
b183,1,1,3,3,3,,,19,21,0,13,1
b183,2,0,0,3,1,,,20,22,0,21,1
b183,2,0,1,3,2,,,21,23,0,20,1
b183,2,0,2,3,2,,,22,24,0,20,1
b183,2,0,3,4,3,,,23,25,0,21,1
b183,2,1,0,3,1,,,20,22,0,20,1
b183,2,1,1,3,2,,,21,23,0,21,1
b183,2,1,2,3,2,,,22,24,0,21,1
b183,2,1,3,4,3,,,23,25,0,21,1
b183,2,2,0,3,1,,,20,22,0,20,1
b183,2,2,1,3,2,,,21,23,0,21,1
b183,2,2,2,3,2,,,22,24,0,21,1
b183,2,2,3,3,3,,,23,25,0,15,1
b183,3,0,0,3,1,,,24,26,0,25,1
b183,3,0,1,3,2,,,25,27,0,24,1
b183,3,0,2,3,2,,,26,28,0,24,1
b183,3,0,3,4,3,,,27,29,0,25,1
b183,3,1,0,3,1,,,24,26,0,24,1
b183,3,1,1,3,2,,,25,27,0,25,1
b183,3,1,2,3,2,,,26,28,0,25,1
b183,3,1,3,4,3,,,27,29,0,25,1
b183,3,2,0,3,1,,,24,26,0,24,1
b183,3,2,1,3,2,,,25,27,0,25,1
b183,3,2,2,3,2,,,26,28,0,25,1
b183,3,2,3,4,3,,,27,29,0,25,1
b183,3,3,0,3,1,,,24,26,0,24,1
b183,3,3,1,3,2,,,25,27,0,25,1
b183,3,3,2,3,2,,,26,28,0,25,1
b183,3,3,3,3,3,,,27,29,0,17,1
b184,0,0,0,1,1,,,12,14,0,9,1
b184,0,0,1,1,1,,,13,15,0,7,1
b184,0,0,2,2,2,,,14,16,0,9,1
b184,0,0,3,3,3,,,15,17,0,9,1
b184,1,0,0,2,1,,,16,18,0,15,1
b184,1,0,1,2,1,,,17,19,0,12,1
b184,1,0,2,3,2,,,18,20,0,15,1
b184,1,0,3,4,3,,,19,21,0,15,1
b184,1,1,0,2,1,,,16,18,0,14,1
b184,1,1,1,2,1,,,17,19,0,13,1
b184,1,1,2,2,2,,,18,20,0,11,1
b184,1,1,3,3,3,,,19,21,0,11,1
b184,2,0,0,2,1,,,20,22,0,19,1
b184,2,0,1,2,1,,,21,23,0,15,1
b184,2,0,2,3,2,,,22,24,0,19,1
b184,2,0,3,4,3,,,23,25,0,19,1
b184,2,1,0,2,1,,,20,22,0,18,1
b184,2,1,1,2,1,,,21,23,0,16,1
b184,2,1,2,3,2,,,22,24,0,19,1
b184,2,1,3,4,3,,,23,25,0,19,1
b184,2,2,0,2,1,,,20,22,0,17,1
b184,2,2,1,2,1,,,21,23,0,16,1
b184,2,2,2,2,2,,,22,24,0,13,1
b184,2,2,3,3,3,,,23,25,0,13,1
b184,3,0,0,2,1,,,24,26,0,23,1
b184,3,0,1,2,1,,,25,27,0,18,1
b184,3,0,2,3,2,,,26,28,0,23,1
b184,3,0,3,4,3,,,27,29,0,23,1
b184,3,1,0,2,1,,,24,26,0,22,1
b184,3,1,1,2,1,,,25,27,0,19,1
b184,3,1,2,3,2,,,26,28,0,23,1
b184,3,1,3,4,3,,,27,29,0,23,1
b184,3,2,0,2,1,,,24,26,0,21,1
b184,3,2,1,2,1,,,25,27,0,19,1
b184,3,2,2,3,2,,,26,28,0,23,1
b184,3,2,3,4,3,,,27,29,0,23,1
b184,3,3,0,2,1,,,24,26,0,20,1
b184,3,3,1,2,1,,,25,27,0,19,1
b184,3,3,2,2,2,,,26,28,0,15,1
b184,3,3,3,3,3,,,27,29,0,15,1
b185,0,0,0,1,1,,,12,14,0,20,1
b185,0,0,1,1,2,1,1,13,15,1,20,1
b185,0,0,2,2,2,,,14,16,0,22,1
b185,0,0,3,3,3,,,15,17,0,23,1
b185,1,0,0,2,1,,,16,18,0,26,1
b185,1,0,1,2,2,,,17,19,0,26,1
b185,1,0,2,3,2,,,18,20,0,28,1
b185,1,0,3,4,3,,,19,21,0,29,1
b185,1,1,0,2,1,,,16,18,0,25,1
b185,1,1,1,2,2,,,17,19,0,27,1
b185,1,1,2,2,2,,,18,20,0,28,1
b185,1,1,3,3,3,,,19,21,0,29,1
b185,2,0,0,3,1,,,20,22,0,32,1
b185,2,0,1,3,2,,,21,23,0,32,1
b185,2,0,2,3,2,,,22,24,0,34,1
b185,2,0,3,4,3,,,23,25,0,35,1
b185,2,1,0,3,1,,,20,22,0,31,1
b185,2,1,1,3,2,,,21,23,0,33,1
b185,2,1,2,3,2,,,22,24,0,34,1
b185,2,1,3,4,3,,,23,25,0,35,1
b185,2,2,0,3,1,,,20,22,0,31,1
b185,2,2,1,3,2,,,21,23,0,33,1
b185,2,2,2,3,2,,,22,24,0,34,1
b185,2,2,3,3,3,,,23,25,0,35,1
b185,3,0,0,4,1,,,24,26,0,38,1
b185,3,0,1,4,2,,,25,27,0,38,1
b185,3,0,2,4,2,,,26,28,0,40,1
b185,3,0,3,4,3,,,27,29,0,41,1
b185,3,1,0,4,1,,,24,26,0,37,1
b185,3,1,1,4,2,,,25,27,0,39,1
b185,3,1,2,4,2,,,26,28,0,40,1
b185,3,1,3,4,3,,,27,29,0,41,1
b185,3,2,0,4,1,,,24,26,0,37,1
b185,3,2,1,4,2,,,25,27,0,39,1
b185,3,2,2,4,2,,,26,28,0,40,1
b185,3,2,3,4,3,,,27,29,0,41,1
b185,3,3,0,4,1,,,24,26,0,37,1
b185,3,3,1,4,2,,,25,27,0,39,1
b185,3,3,2,4,2,,,26,28,0,40,1
b185,3,3,3,4,3,,,27,29,0,41,1
b186,0,0,0,1,1,,,12,14,0,8,1
b186,0,0,1,1,1,,,13,15,0,6,1
b186,0,0,2,2,2,,,14,16,0,8,1
b186,0,0,3,3,3,,,15,17,0,8,1
b186,1,0,0,2,1,,,16,18,0,14,1
b186,1,0,1,2,1,,,17,19,0,11,1
b186,1,0,2,3,2,,,18,20,0,14,1
b186,1,0,3,4,3,,,19,21,0,14,1
b186,1,1,0,2,1,,,16,18,0,13,1
b186,1,1,1,2,1,,,17,19,0,12,1
b186,1,1,2,2,2,,,18,20,0,10,1
b186,1,1,3,3,3,,,19,21,0,10,1
b186,2,0,0,2,1,,,20,22,0,18,1
b186,2,0,1,2,1,,,21,23,0,14,1
b186,2,0,2,3,2,,,22,24,0,18,1
b186,2,0,3,4,3,,,23,25,0,18,1
b186,2,1,0,2,1,,,20,22,0,17,1
b186,2,1,1,2,1,,,21,23,0,15,1
b186,2,1,2,3,2,,,22,24,0,18,1
b186,2,1,3,4,3,,,23,25,0,18,1
b186,2,2,0,2,1,,,20,22,0,16,1
b186,2,2,1,2,1,,,21,23,0,15,1
b186,2,2,2,2,2,,,22,24,0,12,1
b186,2,2,3,3,3,,,23,25,0,12,1
b186,3,0,0,2,1,,,24,26,0,22,1
b186,3,0,1,2,1,,,25,27,0,17,1
b186,3,0,2,3,2,,,26,28,0,22,1
b186,3,0,3,4,3,,,27,29,0,22,1
b186,3,1,0,2,1,,,24,26,0,21,1
b186,3,1,1,2,1,,,25,27,0,18,1
b186,3,1,2,3,2,,,26,28,0,22,1
b186,3,1,3,4,3,,,27,29,0,22,1
b186,3,2,0,2,1,,,24,26,0,20,1
b186,3,2,1,2,1,,,25,27,0,18,1
b186,3,2,2,3,2,,,26,28,0,22,1
b186,3,2,3,4,3,,,27,29,0,22,1
b186,3,3,0,2,1,,,24,26,0,19,1
b186,3,3,1,2,1,,,25,27,0,18,1
b186,3,3,2,2,2,,,26,28,0,14,1
b186,3,3,3,3,3,,,27,29,0,14,1
b187,0,0,0,1,1,,,12,14,0,8,1
b187,0,0,1,1,2,1,1,13,15,1,6,1
b187,0,0,2,2,2,,,14,16,0,9,1
b187,0,0,3,3,3,,,15,17,0,9,1
b187,1,0,0,2,1,,,16,18,0,13,1
b187,1,0,1,2,2,,,17,19,0,8,1
b187,1,0,2,3,2,,,18,20,0,15,1
b187,1,0,3,4,3,,,19,21,0,15,1
b187,1,1,0,2,1,,,16,18,0,12,1
b187,1,1,1,2,2,,,17,19,0,9,1
b187,1,1,2,2,2,,,18,20,0,11,1
b187,1,1,3,3,3,,,19,21,0,11,1
b187,2,0,0,2,1,,,20,22,0,16,1
b187,2,0,1,2,2,,,21,23,0,10,1
b187,2,0,2,3,2,,,22,24,0,19,1
b187,2,0,3,4,3,,,23,25,0,19,1
b187,2,1,0,2,1,,,20,22,0,15,1
b187,2,1,1,2,2,,,21,23,0,11,1
b187,2,1,2,3,2,,,22,24,0,19,1
b187,2,1,3,4,3,,,23,25,0,19,1
b187,2,2,0,2,1,,,20,22,0,14,1
b187,2,2,1,2,2,,,21,23,0,11,1
b187,2,2,2,2,2,,,22,24,0,13,1
b187,2,2,3,3,3,,,23,25,0,13,1
b187,3,0,0,2,1,,,24,26,0,19,1
b187,3,0,1,2,2,,,25,27,0,12,1
b187,3,0,2,3,2,,,26,28,0,23,1
b187,3,0,3,4,3,,,27,29,0,23,1
b187,3,1,0,2,1,,,24,26,0,18,1
b187,3,1,1,2,2,,,25,27,0,13,1
b187,3,1,2,3,2,,,26,28,0,23,1
b187,3,1,3,4,3,,,27,29,0,23,1
b187,3,2,0,2,1,,,24,26,0,17,1
b187,3,2,1,2,2,,,25,27,0,13,1
b187,3,2,2,3,2,,,26,28,0,23,1
b187,3,2,3,4,3,,,27,29,0,23,1
b187,3,3,0,2,1,,,24,26,0,16,1
b187,3,3,1,2,2,,,25,27,0,13,1
b187,3,3,2,2,2,,,26,28,0,15,1
b187,3,3,3,3,3,,,27,29,0,15,1
b188,0,0,0,2,1,,,12,14,0,9,1
b188,0,0,1,2,1,,,13,15,0,9,1
b188,0,0,2,2,2,,,14,16,0,8,1
b188,0,0,3,3,3,,,15,17,0,8,1
b188,1,0,0,2,1,,,16,18,0,13,1
b188,1,0,1,2,1,,,17,19,0,14,1
b188,1,0,2,3,2,,,18,20,0,14,1
b188,1,0,3,4,3,,,19,21,0,14,1
b188,1,1,0,2,1,,,16,18,0,13,1
b188,1,1,1,2,1,,,17,19,0,14,1
b188,1,1,2,2,2,,,18,20,0,10,1
b188,1,1,3,3,3,,,19,21,0,10,1
b188,2,0,0,2,1,,,20,22,0,17,1
b188,2,0,1,2,1,,,21,23,0,18,1
b188,2,0,2,3,2,,,22,24,0,18,1
b188,2,0,3,4,3,,,23,25,0,18,1
b188,2,1,0,2,1,,,20,22,0,17,1
b188,2,1,1,2,1,,,21,23,0,18,1
b188,2,1,2,3,2,,,22,24,0,18,1
b188,2,1,3,4,3,,,23,25,0,18,1
b188,2,2,0,2,1,,,20,22,0,17,1
b188,2,2,1,2,1,,,21,23,0,18,1
b188,2,2,2,2,2,,,22,24,0,12,1
b188,2,2,3,3,3,,,23,25,0,12,1
b188,3,0,0,2,1,,,24,26,0,21,1
b188,3,0,1,2,1,,,25,27,0,22,1
b188,3,0,2,3,2,,,26,28,0,22,1
b188,3,0,3,4,3,,,27,29,0,22,1
b188,3,1,0,2,1,,,24,26,0,21,1
b188,3,1,1,2,1,,,25,27,0,22,1
b188,3,1,2,3,2,,,26,28,0,22,1
b188,3,1,3,4,3,,,27,29,0,22,1
b188,3,2,0,2,1,,,24,26,0,21,1
b188,3,2,1,2,1,,,25,27,0,22,1
b188,3,2,2,3,2,,,26,28,0,22,1
b188,3,2,3,4,3,,,27,29,0,22,1
b188,3,3,0,2,1,,,24,26,0,21,1
b188,3,3,1,2,1,,,25,27,0,22,1
b188,3,3,2,2,2,,,26,28,0,14,1
b188,3,3,3,3,3,,,27,29,0,14,1
b189,0,0,0,2,1,,,12,14,0,18,1
b189,0,0,1,2,2,,,13,15,0,20,1
b189,0,0,2,2,2,,,14,16,0,21,1
b189,0,0,3,3,3,,,15,17,0,22,1
b189,1,0,0,3,1,,,16,18,0,24,1
b189,1,0,1,3,2,,,17,19,0,26,1
b189,1,0,2,3,2,,,18,20,0,27,1
b189,1,0,3,4,3,,,19,21,0,28,1
b189,1,1,0,3,1,,,16,18,0,24,1
b189,1,1,1,3,2,,,17,19,0,26,1
b189,1,1,2,3,2,,,18,20,0,27,1
b189,1,1,3,3,3,,,19,21,0,28,1
b189,2,0,0,4,1,,,20,22,0,30,1
b189,2,0,1,4,2,,,21,23,0,32,1
b189,2,0,2,4,2,,,22,24,0,33,1
b189,2,0,3,4,3,,,23,25,0,34,1
b189,2,1,0,4,1,,,20,22,0,30,1
b189,2,1,1,4,2,,,21,23,0,32,1
b189,2,1,2,4,2,,,22,24,0,33,1
b189,2,1,3,4,3,,,23,25,0,34,1
b189,2,2,0,4,1,,,20,22,0,30,1
b189,2,2,1,4,2,,,21,23,0,32,1
b189,2,2,2,4,2,,,22,24,0,33,1
b189,2,2,3,4,3,,,23,25,0,34,1
b189,3,0,0,5,1,,,24,26,0,36,1
b189,3,0,1,5,2,,,25,27,0,38,1
b189,3,0,2,5,2,,,26,28,0,39,1
b189,3,0,3,5,3,,,27,29,0,40,1
b189,3,1,0,5,1,,,24,26,0,36,1
b189,3,1,1,5,2,,,25,27,0,38,1
b189,3,1,2,5,2,,,26,28,0,39,1
b189,3,1,3,5,3,,,27,29,0,40,1
b189,3,2,0,5,1,,,24,26,0,36,1
b189,3,2,1,5,2,,,25,27,0,38,1
b189,3,2,2,5,2,,,26,28,0,39,1
b189,3,2,3,5,3,,,27,29,0,40,1
b189,3,3,0,5,1,,,24,26,0,36,1
b189,3,3,1,5,2,,,25,27,0,38,1
b189,3,3,2,5,2,,,26,28,0,39,1
b189,3,3,3,5,3,,,27,29,0,40,1
b190,0,0,0,2,1,,,12,14,0,8,1
b190,0,0,1,2,1,,,13,15,0,7,1
b190,0,0,2,2,2,,,14,16,0,7,1
b190,0,0,3,3,3,,,15,17,0,7,1
b190,1,0,0,2,1,,,16,18,0,12,1
b190,1,0,1,2,1,,,17,19,0,10,1
b190,1,0,2,3,2,,,18,20,0,13,1
b190,1,0,3,4,3,,,19,21,0,13,1
b190,1,1,0,2,1,,,16,18,0,11,1
b190,1,1,1,2,1,,,17,19,0,10,1
b190,1,1,2,2,2,,,18,20,0,9,1
b190,1,1,3,3,3,,,19,21,0,9,1
b190,2,0,0,2,1,,,20,22,0,16,1
b190,2,0,1,2,1,,,21,23,0,13,1
b190,2,0,2,3,2,,,22,24,0,17,1
b190,2,0,3,4,3,,,23,25,0,17,1
b190,2,1,0,2,1,,,20,22,0,15,1
b190,2,1,1,2,1,,,21,23,0,13,1
b190,2,1,2,3,2,,,22,24,0,17,1
b190,2,1,3,4,3,,,23,25,0,17,1
b190,2,2,0,2,1,,,20,22,0,14,1
b190,2,2,1,2,1,,,21,23,0,13,1
b190,2,2,2,2,2,,,22,24,0,11,1
b190,2,2,3,3,3,,,23,25,0,11,1
b190,3,0,0,2,1,,,24,26,0,20,1
b190,3,0,1,2,1,,,25,27,0,16,1
b190,3,0,2,3,2,,,26,28,0,21,1
b190,3,0,3,4,3,,,27,29,0,21,1
b190,3,1,0,2,1,,,24,26,0,19,1
b190,3,1,1,2,1,,,25,27,0,16,1
b190,3,1,2,3,2,,,26,28,0,21,1
b190,3,1,3,4,3,,,27,29,0,21,1
b190,3,2,0,2,1,,,24,26,0,18,1
b190,3,2,1,2,1,,,25,27,0,16,1
b190,3,2,2,3,2,,,26,28,0,21,1
b190,3,2,3,4,3,,,27,29,0,21,1
b190,3,3,0,2,1,,,24,26,0,17,1
b190,3,3,1,2,1,,,25,27,0,16,1
b190,3,3,2,2,2,,,26,28,0,13,1
b190,3,3,3,3,3,,,27,29,0,13,1
b191,0,0,0,2,1,,,12,14,0,8,1
b191,0,0,1,2,2,,,13,15,0,6,1
b191,0,0,2,2,2,,,14,16,0,8,1
b191,0,0,3,3,3,,,15,17,0,8,1
b191,1,0,0,2,1,,,16,18,0,11,1
b191,1,0,1,2,2,,,17,19,0,8,1
b191,1,0,2,3,2,,,18,20,0,14,1
b191,1,0,3,4,3,,,19,21,0,14,1
b191,1,1,0,2,1,,,16,18,0,10,1
b191,1,1,1,2,2,,,17,19,0,8,1
b191,1,1,2,2,2,,,18,20,0,10,1
b191,1,1,3,3,3,,,19,21,0,10,1
b191,2,0,0,2,1,,,20,22,0,14,1
b191,2,0,1,2,2,,,21,23,0,10,1
b191,2,0,2,3,2,,,22,24,0,18,1
b191,2,0,3,4,3,,,23,25,0,18,1
b191,2,1,0,2,1,,,20,22,0,13,1
b191,2,1,1,2,2,,,21,23,0,10,1
b191,2,1,2,3,2,,,22,24,0,18,1
b191,2,1,3,4,3,,,23,25,0,18,1
b191,2,2,0,2,1,,,20,22,0,12,1
b191,2,2,1,2,2,,,21,23,0,10,1
b191,2,2,2,2,2,,,22,24,0,12,1
b191,2,2,3,3,3,,,23,25,0,12,1
b191,3,0,0,2,1,,,24,26,0,17,1
b191,3,0,1,2,2,,,25,27,0,12,1
b191,3,0,2,3,2,,,26,28,0,22,1
b191,3,0,3,4,3,,,27,29,0,22,1
b191,3,1,0,2,1,,,24,26,0,16,1
b191,3,1,1,2,2,,,25,27,0,12,1
b191,3,1,2,3,2,,,26,28,0,22,1
b191,3,1,3,4,3,,,27,29,0,22,1
b191,3,2,0,2,1,,,24,26,0,15,1
b191,3,2,1,2,2,,,25,27,0,12,1
b191,3,2,2,3,2,,,26,28,0,22,1
b191,3,2,3,4,3,,,27,29,0,22,1
b191,3,3,0,2,1,,,24,26,0,14,1
b191,3,3,1,2,2,,,25,27,0,12,1
b191,3,3,2,2,2,,,26,28,0,14,1
b191,3,3,3,3,3,,,27,29,0,14,1
b192,0,0,0,1,0,,,12,14,0,6,1
b192,0,0,1,2,1,,,13,15,0,7,1
b192,0,0,2,3,2,,,14,16,0,7,1
b192,0,0,3,4,3,,,15,17,0,7,1
b192,1,0,0,1,0,,,16,18,0,9,1
b192,1,0,1,2,1,,,17,19,0,13,1
b192,1,0,2,3,2,,,18,20,0,13,1
b192,1,0,3,4,3,,,19,21,0,13,1
b192,1,1,0,1,0,,,16,18,0,8,1
b192,1,1,1,2,1,,,17,19,0,9,1
b192,1,1,2,3,2,,,18,20,0,9,1
b192,1,1,3,4,3,,,19,21,0,9,1
b192,2,0,0,1,0,,,20,22,0,12,1
b192,2,0,1,2,1,,,21,23,0,17,1
b192,2,0,2,3,2,,,22,24,0,17,1
b192,2,0,3,4,3,,,23,25,0,17,1
b192,2,1,0,1,0,,,20,22,0,11,1
b192,2,1,1,2,1,,,21,23,0,17,1
b192,2,1,2,3,2,,,22,24,0,17,1
b192,2,1,3,4,3,,,23,25,0,17,1
b192,2,2,0,1,0,,,20,22,0,10,1
b192,2,2,1,2,1,,,21,23,0,11,1
b192,2,2,2,3,2,,,22,24,0,11,1
b192,2,2,3,4,3,,,23,25,0,11,1
b192,3,0,0,1,0,,,24,26,0,15,1
b192,3,0,1,2,1,,,25,27,0,21,1
b192,3,0,2,3,2,,,26,28,0,21,1
b192,3,0,3,4,3,,,27,29,0,21,1
b192,3,1,0,1,0,,,24,26,0,14,1
b192,3,1,1,2,1,,,25,27,0,21,1
b192,3,1,2,3,2,,,26,28,0,21,1
b192,3,1,3,4,3,,,27,29,0,21,1
b192,3,2,0,1,0,,,24,26,0,13,1
b192,3,2,1,2,1,,,25,27,0,21,1
b192,3,2,2,3,2,,,26,28,0,21,1
b192,3,2,3,4,3,,,27,29,0,21,1
b192,3,3,0,1,0,,,24,26,0,12,1
b192,3,3,1,2,1,,,25,27,0,13,1
b192,3,3,2,3,2,,,26,28,0,13,1
b192,3,3,3,4,3,,,27,29,0,13,1
b193,0,0,0,1,0,,,12,14,0,19,1
b193,0,0,1,2,1,,,13,15,0,21,1
b193,0,0,2,3,2,,,14,16,0,22,1
b193,0,0,3,4,3,,,15,17,0,23,1
b193,1,0,0,1,0,,,16,18,0,25,1
b193,1,0,1,2,1,,,17,19,0,27,1
b193,1,0,2,3,2,,,18,20,0,28,1
b193,1,0,3,4,3,,,19,21,0,29,1
b193,1,1,0,1,0,,,16,18,0,25,1
b193,1,1,1,2,1,,,17,19,0,27,1
b193,1,1,2,3,2,,,18,20,0,28,1
b193,1,1,3,4,3,,,19,21,0,29,1
b193,2,0,0,2,0,,,20,22,0,31,1
b193,2,0,1,2,1,,,21,23,0,33,1
b193,2,0,2,3,2,,,22,24,0,34,1
b193,2,0,3,4,3,,,23,25,0,35,1
b193,2,1,0,2,0,,,20,22,0,31,1
b193,2,1,1,2,1,,,21,23,0,33,1
b193,2,1,2,3,2,,,22,24,0,34,1
b193,2,1,3,4,3,,,23,25,0,35,1
b193,2,2,0,2,0,,,20,22,0,31,1
b193,2,2,1,2,1,,,21,23,0,33,1
b193,2,2,2,3,2,,,22,24,0,34,1
b193,2,2,3,4,3,,,23,25,0,35,1
b193,3,0,0,3,0,,,24,26,0,37,1
b193,3,0,1,3,1,,,25,27,0,39,1
b193,3,0,2,3,2,,,26,28,0,40,1
b193,3,0,3,4,3,,,27,29,0,41,1
b193,3,1,0,3,0,,,24,26,0,37,1
b193,3,1,1,3,1,,,25,27,0,39,1
b193,3,1,2,3,2,,,26,28,0,40,1
b193,3,1,3,4,3,,,27,29,0,41,1
b193,3,2,0,3,0,,,24,26,0,37,1
b193,3,2,1,3,1,,,25,27,0,39,1
b193,3,2,2,3,2,,,26,28,0,40,1
b193,3,2,3,4,3,,,27,29,0,41,1
b193,3,3,0,3,0,,,24,26,0,37,1
b193,3,3,1,3,1,,,25,27,0,39,1
b193,3,3,2,3,2,,,26,28,0,40,1
b193,3,3,3,4,3,,,27,29,0,41,1
b194,0,0,0,1,0,,,12,14,0,6,1
b194,0,0,1,2,1,,,13,15,0,8,1
b194,0,0,2,3,2,,,14,16,0,8,1
b194,0,0,3,4,3,,,15,17,0,8,1
b194,1,0,0,1,0,,,16,18,0,9,1
b194,1,0,1,2,1,,,17,19,0,14,1
b194,1,0,2,3,2,,,18,20,0,14,1
b194,1,0,3,4,3,,,19,21,0,14,1
b194,1,1,0,1,0,,,16,18,0,8,1
b194,1,1,1,2,1,,,17,19,0,10,1
b194,1,1,2,3,2,,,18,20,0,10,1
b194,1,1,3,4,3,,,19,21,0,10,1
b194,2,0,0,1,0,,,20,22,0,12,1
b194,2,0,1,2,1,,,21,23,0,18,1
b194,2,0,2,3,2,,,22,24,0,18,1
b194,2,0,3,4,3,,,23,25,0,18,1
b194,2,1,0,1,0,,,20,22,0,11,1
b194,2,1,1,2,1,,,21,23,0,18,1
b194,2,1,2,3,2,,,22,24,0,18,1
b194,2,1,3,4,3,,,23,25,0,18,1
b194,2,2,0,1,0,,,20,22,0,10,1
b194,2,2,1,2,1,,,21,23,0,12,1
b194,2,2,2,3,2,,,22,24,0,12,1
b194,2,2,3,4,3,,,23,25,0,12,1
b194,3,0,0,1,0,,,24,26,0,15,1
b194,3,0,1,2,1,,,25,27,0,22,1
b194,3,0,2,3,2,,,26,28,0,22,1
b194,3,0,3,4,3,,,27,29,0,22,1
b194,3,1,0,1,0,,,24,26,0,14,1
b194,3,1,1,2,1,,,25,27,0,22,1
b194,3,1,2,3,2,,,26,28,0,22,1
b194,3,1,3,4,3,,,27,29,0,22,1
b194,3,2,0,1,0,,,24,26,0,13,1
b194,3,2,1,2,1,,,25,27,0,22,1
b194,3,2,2,3,2,,,26,28,0,22,1
b194,3,2,3,4,3,,,27,29,0,22,1
b194,3,3,0,1,0,,,24,26,0,12,1
b194,3,3,1,2,1,,,25,27,0,14,1
b194,3,3,2,3,2,,,26,28,0,14,1
b194,3,3,3,4,3,,,27,29,0,14,1
b195,0,0,0,1,0,,,12,14,0,6,1
b195,0,0,1,2,1,,,13,15,0,7,1
b195,0,0,2,3,2,,,14,16,0,7,1
b195,0,0,3,4,3,,,15,17,0,7,1
b195,1,0,0,1,0,,,16,18,0,9,1
b195,1,0,1,2,1,,,17,19,0,13,1
b195,1,0,2,3,2,,,18,20,0,13,1
b195,1,0,3,4,3,,,19,21,0,13,1
b195,1,1,0,1,0,,,16,18,0,8,1
b195,1,1,1,2,1,,,17,19,0,9,1
b195,1,1,2,3,2,,,18,20,0,9,1
b195,1,1,3,4,3,,,19,21,0,9,1
b195,2,0,0,1,0,,,20,22,0,12,1
b195,2,0,1,2,1,,,21,23,0,17,1
b195,2,0,2,3,2,,,22,24,0,17,1
b195,2,0,3,4,3,,,23,25,0,17,1
b195,2,1,0,1,0,,,20,22,0,11,1
b195,2,1,1,2,1,,,21,23,0,17,1
b195,2,1,2,3,2,,,22,24,0,17,1
b195,2,1,3,4,3,,,23,25,0,17,1
b195,2,2,0,1,0,,,20,22,0,10,1
b195,2,2,1,2,1,,,21,23,0,11,1
b195,2,2,2,3,2,,,22,24,0,11,1
b195,2,2,3,4,3,,,23,25,0,11,1
b195,3,0,0,1,0,,,24,26,0,15,1
b195,3,0,1,2,1,,,25,27,0,21,1
b195,3,0,2,3,2,,,26,28,0,21,1
b195,3,0,3,4,3,,,27,29,0,21,1
b195,3,1,0,1,0,,,24,26,0,14,1
b195,3,1,1,2,1,,,25,27,0,21,1
b195,3,1,2,3,2,,,26,28,0,21,1
b195,3,1,3,4,3,,,27,29,0,21,1
b195,3,2,0,1,0,,,24,26,0,13,1
b195,3,2,1,2,1,,,25,27,0,21,1
b195,3,2,2,3,2,,,26,28,0,21,1
b195,3,2,3,4,3,,,27,29,0,21,1
b195,3,3,0,1,0,,,24,26,0,12,1
b195,3,3,1,2,1,,,25,27,0,13,1
b195,3,3,2,3,2,,,26,28,0,13,1
b195,3,3,3,4,3,,,27,29,0,13,1
b196,0,0,0,2,0,,,12,14,0,10,1
b196,0,0,1,2,1,,,13,15,0,8,1
b196,0,0,2,3,2,,,14,16,0,8,1
b196,0,0,3,4,3,,,15,17,0,8,1
b196,1,0,0,2,0,,,16,18,0,14,1
b196,1,0,1,2,1,,,17,19,0,13,1
b196,1,0,2,3,2,,,18,20,0,14,1
b196,1,0,3,4,3,,,19,21,0,14,1
b196,1,1,0,2,0,,,16,18,0,13,1
b196,1,1,1,2,1,,,17,19,0,10,1
b196,1,1,2,3,2,,,18,20,0,10,1
b196,1,1,3,4,3,,,19,21,0,10,1
b196,2,0,0,2,0,,,20,22,0,18,1
b196,2,0,1,2,1,,,21,23,0,17,1
b196,2,0,2,3,2,,,22,24,0,18,1
b196,2,0,3,4,3,,,23,25,0,18,1
b196,2,1,0,2,0,,,20,22,0,17,1
b196,2,1,1,2,1,,,21,23,0,18,1
b196,2,1,2,3,2,,,22,24,0,18,1
b196,2,1,3,4,3,,,23,25,0,18,1
b196,2,2,0,2,0,,,20,22,0,17,1
b196,2,2,1,2,1,,,21,23,0,12,1
b196,2,2,2,3,2,,,22,24,0,12,1
b196,2,2,3,4,3,,,23,25,0,12,1
b196,3,0,0,2,0,,,24,26,0,22,1
b196,3,0,1,2,1,,,25,27,0,21,1
b196,3,0,2,3,2,,,26,28,0,22,1
b196,3,0,3,4,3,,,27,29,0,22,1
b196,3,1,0,2,0,,,24,26,0,21,1
b196,3,1,1,2,1,,,25,27,0,22,1
b196,3,1,2,3,2,,,26,28,0,22,1
b196,3,1,3,4,3,,,27,29,0,22,1
b196,3,2,0,2,0,,,24,26,0,21,1
b196,3,2,1,2,1,,,25,27,0,22,1
b196,3,2,2,3,2,,,26,28,0,22,1
b196,3,2,3,4,3,,,27,29,0,22,1
b196,3,3,0,2,0,,,24,26,0,21,1
b196,3,3,1,2,1,,,25,27,0,14,1
b196,3,3,2,3,2,,,26,28,0,14,1
b196,3,3,3,4,3,,,27,29,0,14,1
b197,0,0,0,2,0,,,12,14,0,33,1
b197,0,0,1,2,1,,,13,15,0,34,1
b197,0,0,2,3,2,,,14,16,0,37,1
b197,0,0,3,4,3,,,15,17,0,39,1
b197,1,0,0,3,0,,,16,18,0,44,1
b197,1,0,1,3,1,,,17,19,0,45,1
b197,1,0,2,3,2,,,18,20,0,47,1
b197,1,0,3,4,3,,,19,21,0,50,1
b197,1,1,0,3,0,,,16,18,0,43,1
b197,1,1,1,3,1,,,17,19,0,46,1
b197,1,1,2,3,2,,,18,20,0,48,1
b197,1,1,3,4,3,,,19,21,0,50,1
b197,2,0,0,4,0,,,20,22,0,55,1
b197,2,0,1,4,1,,,21,23,0,56,1
b197,2,0,2,4,2,,,22,24,0,58,1
b197,2,0,3,4,3,,,23,25,0,60,1
b197,2,1,0,4,0,,,20,22,0,54,1
b197,2,1,1,4,1,,,21,23,0,57,1
b197,2,1,2,4,2,,,22,24,0,59,1
b197,2,1,3,4,3,,,23,25,0,61,1
b197,2,2,0,4,0,,,20,22,0,54,1
b197,2,2,1,4,1,,,21,23,0,57,1
b197,2,2,2,4,2,,,22,24,0,59,1
b197,2,2,3,4,3,,,23,25,0,61,1
b197,3,0,0,5,0,,,24,26,0,66,1
b197,3,0,1,5,1,,,25,27,0,67,1
b197,3,0,2,5,2,,,26,28,0,69,1
b197,3,0,3,5,3,,,27,29,0,71,1
b197,3,1,0,5,0,,,24,26,0,65,1
b197,3,1,1,5,1,,,25,27,0,68,1
b197,3,1,2,5,2,,,26,28,0,70,1
b197,3,1,3,5,3,,,27,29,0,72,1
b197,3,2,0,5,0,,,24,26,0,65,1
b197,3,2,1,5,1,,,25,27,0,68,1
b197,3,2,2,5,2,,,26,28,0,70,1
b197,3,2,3,5,3,,,27,29,0,72,1
b197,3,3,0,5,0,,,24,26,0,65,1
b197,3,3,1,5,1,,,25,27,0,68,1
b197,3,3,2,5,2,,,26,28,0,70,1
b197,3,3,3,5,3,,,27,29,0,72,1
b198,0,0,0,2,0,,,12,14,0,11,1
b198,0,0,1,2,1,,,13,15,0,9,1
b198,0,0,2,3,2,,,14,16,0,10,1
b198,0,0,3,4,3,,,15,17,0,10,1
b198,1,0,0,3,0,,,16,18,0,17,1
b198,1,0,1,3,1,,,17,19,0,16,1
b198,1,0,2,3,2,,,18,20,0,16,1
b198,1,0,3,4,3,,,19,21,0,17,1
b198,1,1,0,3,0,,,16,18,0,16,1
b198,1,1,1,3,1,,,17,19,0,17,1
b198,1,1,2,3,2,,,18,20,0,12,1
b198,1,1,3,4,3,,,19,21,0,12,1
b198,2,0,0,3,0,,,20,22,0,21,1
b198,2,0,1,3,1,,,21,23,0,20,1
b198,2,0,2,3,2,,,22,24,0,20,1
b198,2,0,3,4,3,,,23,25,0,21,1
b198,2,1,0,3,0,,,20,22,0,20,1
b198,2,1,1,3,1,,,21,23,0,21,1
b198,2,1,2,3,2,,,22,24,0,21,1
b198,2,1,3,4,3,,,23,25,0,21,1
b198,2,2,0,3,0,,,20,22,0,20,1
b198,2,2,1,3,1,,,21,23,0,21,1
b198,2,2,2,3,2,,,22,24,0,14,1
b198,2,2,3,4,3,,,23,25,0,14,1
b198,3,0,0,3,0,,,24,26,0,25,1
b198,3,0,1,3,1,,,25,27,0,24,1
b198,3,0,2,3,2,,,26,28,0,24,1
b198,3,0,3,4,3,,,27,29,0,25,1
b198,3,1,0,3,0,,,24,26,0,24,1
b198,3,1,1,3,1,,,25,27,0,25,1
b198,3,1,2,3,2,,,26,28,0,25,1
b198,3,1,3,4,3,,,27,29,0,25,1
b198,3,2,0,3,0,,,24,26,0,24,1
b198,3,2,1,3,1,,,25,27,0,25,1
b198,3,2,2,3,2,,,26,28,0,25,1
b198,3,2,3,4,3,,,27,29,0,25,1
b198,3,3,0,3,0,,,24,26,0,24,1
b198,3,3,1,3,1,,,25,27,0,25,1
b198,3,3,2,3,2,,,26,28,0,16,1
b198,3,3,3,4,3,,,27,29,0,16,1
b199,0,0,0,2,0,,,12,14,0,10,1
b199,0,0,1,2,1,,,13,15,0,8,1
b199,0,0,2,3,2,,,14,16,0,8,1
b199,0,0,3,4,3,,,15,17,0,8,1
b199,1,0,0,2,0,,,16,18,0,14,1
b199,1,0,1,2,1,,,17,19,0,13,1
b199,1,0,2,3,2,,,18,20,0,14,1
b199,1,0,3,4,3,,,19,21,0,14,1
b199,1,1,0,2,0,,,16,18,0,13,1
b199,1,1,1,2,1,,,17,19,0,10,1
b199,1,1,2,3,2,,,18,20,0,10,1
b199,1,1,3,4,3,,,19,21,0,10,1
b199,2,0,0,2,0,,,20,22,0,18,1
b199,2,0,1,2,1,,,21,23,0,17,1
b199,2,0,2,3,2,,,22,24,0,18,1
b199,2,0,3,4,3,,,23,25,0,18,1
b199,2,1,0,2,0,,,20,22,0,17,1
b199,2,1,1,2,1,,,21,23,0,18,1
b199,2,1,2,3,2,,,22,24,0,18,1
b199,2,1,3,4,3,,,23,25,0,18,1
b199,2,2,0,2,0,,,20,22,0,17,1
b199,2,2,1,2,1,,,21,23,0,12,1
b199,2,2,2,3,2,,,22,24,0,12,1
b199,2,2,3,4,3,,,23,25,0,12,1
b199,3,0,0,2,0,,,24,26,0,22,1
b199,3,0,1,2,1,,,25,27,0,21,1
b199,3,0,2,3,2,,,26,28,0,22,1
b199,3,0,3,4,3,,,27,29,0,22,1
b199,3,1,0,2,0,,,24,26,0,21,1
b199,3,1,1,2,1,,,25,27,0,22,1
b199,3,1,2,3,2,,,26,28,0,22,1
b199,3,1,3,4,3,,,27,29,0,22,1
b199,3,2,0,2,0,,,24,26,0,21,1
b199,3,2,1,2,1,,,25,27,0,22,1
b199,3,2,2,3,2,,,26,28,0,22,1
b199,3,2,3,4,3,,,27,29,0,22,1
b199,3,3,0,2,0,,,24,26,0,21,1
b199,3,3,1,2,1,,,25,27,0,14,1
b199,3,3,2,3,2,,,26,28,0,14,1
b199,3,3,3,4,3,,,27,29,0,14,1
b200,0,0,0,2,0,,,12,14,0,10,1
b200,0,0,1,2,1,,,13,15,0,8,1
b200,0,0,2,3,2,,,14,16,0,8,1
b200,0,0,3,4,3,,,15,17,0,8,1
b200,1,0,0,2,0,,,16,18,0,14,1
b200,1,0,1,2,1,,,17,19,0,13,1
b200,1,0,2,3,2,,,18,20,0,14,1
b200,1,0,3,4,3,,,19,21,0,14,1
b200,1,1,0,2,0,,,16,18,0,13,1
b200,1,1,1,2,1,,,17,19,0,10,1
b200,1,1,2,3,2,,,18,20,0,10,1
b200,1,1,3,4,3,,,19,21,0,10,1
b200,2,0,0,2,0,,,20,22,0,18,1
b200,2,0,1,2,1,,,21,23,0,17,1
b200,2,0,2,3,2,,,22,24,0,18,1
b200,2,0,3,4,3,,,23,25,0,18,1
b200,2,1,0,2,0,,,20,22,0,17,1
b200,2,1,1,2,1,,,21,23,0,18,1
b200,2,1,2,3,2,,,22,24,0,18,1
b200,2,1,3,4,3,,,23,25,0,18,1
b200,2,2,0,2,0,,,20,22,0,17,1
b200,2,2,1,2,1,,,21,23,0,12,1
b200,2,2,2,3,2,,,22,24,0,12,1
b200,2,2,3,4,3,,,23,25,0,12,1
b200,3,0,0,2,0,,,24,26,0,22,1
b200,3,0,1,2,1,,,25,27,0,21,1
b200,3,0,2,3,2,,,26,28,0,22,1
b200,3,0,3,4,3,,,27,29,0,22,1
b200,3,1,0,2,0,,,24,26,0,21,1
b200,3,1,1,2,1,,,25,27,0,22,1
b200,3,1,2,3,2,,,26,28,0,22,1
b200,3,1,3,4,3,,,27,29,0,22,1
b200,3,2,0,2,0,,,24,26,0,21,1
b200,3,2,1,2,1,,,25,27,0,22,1
b200,3,2,2,3,2,,,26,28,0,22,1
b200,3,2,3,4,3,,,27,29,0,22,1
b200,3,3,0,2,0,,,24,26,0,21,1
b200,3,3,1,2,1,,,25,27,0,14,1
b200,3,3,2,3,2,,,26,28,0,14,1
b200,3,3,3,4,3,,,27,29,0,14,1
b201,0,0,0,2,0,,,12,14,0,21,1
b201,0,0,1,2,1,,,13,15,0,21,1
b201,0,0,2,3,2,,,14,16,0,23,1
b201,0,0,3,4,3,,,15,17,0,24,1
b201,1,0,0,2,0,,,16,18,0,27,1
b201,1,0,1,2,1,,,17,19,0,27,1
b201,1,0,2,3,2,,,18,20,0,29,1
b201,1,0,3,4,3,,,19,21,0,30,1
b201,1,1,0,2,0,,,16,18,0,26,1
b201,1,1,1,2,1,,,17,19,0,28,1
b201,1,1,2,3,2,,,18,20,0,29,1
b201,1,1,3,4,3,,,19,21,0,30,1
b201,2,0,0,2,0,,,20,22,0,33,1
b201,2,0,1,2,1,,,21,23,0,33,1
b201,2,0,2,3,2,,,22,24,0,35,1
b201,2,0,3,4,3,,,23,25,0,36,1
b201,2,1,0,2,0,,,20,22,0,32,1
b201,2,1,1,2,1,,,21,23,0,34,1
b201,2,1,2,3,2,,,22,24,0,35,1
b201,2,1,3,4,3,,,23,25,0,36,1
b201,2,2,0,2,0,,,20,22,0,32,1
b201,2,2,1,2,1,,,21,23,0,34,1
b201,2,2,2,3,2,,,22,24,0,35,1
b201,2,2,3,4,3,,,23,25,0,36,1
b201,3,0,0,3,0,,,24,26,0,39,1
b201,3,0,1,3,1,,,25,27,0,39,1
b201,3,0,2,3,2,,,26,28,0,41,1
b201,3,0,3,4,3,,,27,29,0,42,1
b201,3,1,0,3,0,,,24,26,0,38,1
b201,3,1,1,3,1,,,25,27,0,40,1
b201,3,1,2,3,2,,,26,28,0,41,1
b201,3,1,3,4,3,,,27,29,0,42,1
b201,3,2,0,3,0,,,24,26,0,38,1
b201,3,2,1,3,1,,,25,27,0,40,1
b201,3,2,2,3,2,,,26,28,0,41,1
b201,3,2,3,4,3,,,27,29,0,42,1
b201,3,3,0,3,0,,,24,26,0,38,1
b201,3,3,1,3,1,,,25,27,0,40,1
b201,3,3,2,3,2,,,26,28,0,41,1
b201,3,3,3,4,3,,,27,29,0,42,1
b202,0,0,0,2,0,,,12,14,0,11,1
b202,0,0,1,2,1,,,13,15,0,9,1
b202,0,0,2,3,2,,,14,16,0,9,1
b202,0,0,3,4,3,,,15,17,0,9,1
b202,1,0,0,2,0,,,16,18,0,15,1
b202,1,0,1,2,1,,,17,19,0,14,1
b202,1,0,2,3,2,,,18,20,0,15,1
b202,1,0,3,4,3,,,19,21,0,15,1
b202,1,1,0,2,0,,,16,18,0,14,1
b202,1,1,1,2,1,,,17,19,0,11,1
b202,1,1,2,3,2,,,18,20,0,11,1
b202,1,1,3,4,3,,,19,21,0,11,1
b202,2,0,0,2,0,,,20,22,0,19,1
b202,2,0,1,2,1,,,21,23,0,18,1
b202,2,0,2,3,2,,,22,24,0,19,1
b202,2,0,3,4,3,,,23,25,0,19,1
b202,2,1,0,2,0,,,20,22,0,18,1
b202,2,1,1,2,1,,,21,23,0,19,1
b202,2,1,2,3,2,,,22,24,0,19,1
b202,2,1,3,4,3,,,23,25,0,19,1
b202,2,2,0,2,0,,,20,22,0,18,1
b202,2,2,1,2,1,,,21,23,0,13,1
b202,2,2,2,3,2,,,22,24,0,13,1
b202,2,2,3,4,3,,,23,25,0,13,1
b202,3,0,0,2,0,,,24,26,0,23,1
b202,3,0,1,2,1,,,25,27,0,22,1
b202,3,0,2,3,2,,,26,28,0,23,1
b202,3,0,3,4,3,,,27,29,0,23,1
b202,3,1,0,2,0,,,24,26,0,22,1
b202,3,1,1,2,1,,,25,27,0,23,1
b202,3,1,2,3,2,,,26,28,0,23,1
b202,3,1,3,4,3,,,27,29,0,23,1
b202,3,2,0,2,0,,,24,26,0,22,1
b202,3,2,1,2,1,,,25,27,0,23,1
b202,3,2,2,3,2,,,26,28,0,23,1
b202,3,2,3,4,3,,,27,29,0,23,1
b202,3,3,0,2,0,,,24,26,0,22,1
b202,3,3,1,2,1,,,25,27,0,15,1
b202,3,3,2,3,2,,,26,28,0,15,1
b202,3,3,3,4,3,,,27,29,0,15,1
b203,0,0,0,2,0,,,12,14,0,10,1
b203,0,0,1,2,1,,,13,15,0,8,1
b203,0,0,2,3,2,,,14,16,0,8,1
b203,0,0,3,4,3,,,15,17,0,8,1
b203,1,0,0,2,0,,,16,18,0,14,1
b203,1,0,1,2,1,,,17,19,0,13,1
b203,1,0,2,3,2,,,18,20,0,14,1
b203,1,0,3,4,3,,,19,21,0,14,1
b203,1,1,0,2,0,,,16,18,0,13,1
b203,1,1,1,2,1,,,17,19,0,10,1
b203,1,1,2,3,2,,,18,20,0,10,1
b203,1,1,3,4,3,,,19,21,0,10,1
b203,2,0,0,2,0,,,20,22,0,18,1
b203,2,0,1,2,1,,,21,23,0,17,1
b203,2,0,2,3,2,,,22,24,0,18,1
b203,2,0,3,4,3,,,23,25,0,18,1
b203,2,1,0,2,0,,,20,22,0,17,1
b203,2,1,1,2,1,,,21,23,0,18,1
b203,2,1,2,3,2,,,22,24,0,18,1
b203,2,1,3,4,3,,,23,25,0,18,1
b203,2,2,0,2,0,,,20,22,0,17,1
b203,2,2,1,2,1,,,21,23,0,12,1
b203,2,2,2,3,2,,,22,24,0,12,1
b203,2,2,3,4,3,,,23,25,0,12,1
b203,3,0,0,2,0,,,24,26,0,22,1
b203,3,0,1,2,1,,,25,27,0,21,1
b203,3,0,2,3,2,,,26,28,0,22,1
b203,3,0,3,4,3,,,27,29,0,22,1
b203,3,1,0,2,0,,,24,26,0,21,1
b203,3,1,1,2,1,,,25,27,0,22,1
b203,3,1,2,3,2,,,26,28,0,22,1
b203,3,1,3,4,3,,,27,29,0,22,1
b203,3,2,0,2,0,,,24,26,0,21,1
b203,3,2,1,2,1,,,25,27,0,22,1
b203,3,2,2,3,2,,,26,28,0,22,1
b203,3,2,3,4,3,,,27,29,0,22,1
b203,3,3,0,2,0,,,24,26,0,21,1
b203,3,3,1,2,1,,,25,27,0,14,1
b203,3,3,2,3,2,,,26,28,0,14,1
b203,3,3,3,4,3,,,27,29,0,14,1
b204,0,0,0,1,0,,,12,14,0,6,1
b204,0,0,1,2,1,,,13,15,0,7,1
b204,0,0,2,3,2,,,14,16,0,7,1
b204,0,0,3,4,3,,,15,17,0,7,1
b204,1,0,0,1,0,,,16,18,0,9,1
b204,1,0,1,2,1,,,17,19,0,13,1
b204,1,0,2,3,2,,,18,20,0,13,1
b204,1,0,3,4,3,,,19,21,0,13,1
b204,1,1,0,1,0,,,16,18,0,8,1
b204,1,1,1,2,1,,,17,19,0,9,1
b204,1,1,2,3,2,,,18,20,0,9,1
b204,1,1,3,4,3,,,19,21,0,9,1
b204,2,0,0,1,0,,,20,22,0,12,1
b204,2,0,1,2,1,,,21,23,0,17,1
b204,2,0,2,3,2,,,22,24,0,17,1
b204,2,0,3,4,3,,,23,25,0,17,1
b204,2,1,0,1,0,,,20,22,0,11,1
b204,2,1,1,2,1,,,21,23,0,17,1
b204,2,1,2,3,2,,,22,24,0,17,1
b204,2,1,3,4,3,,,23,25,0,17,1
b204,2,2,0,1,0,,,20,22,0,10,1
b204,2,2,1,2,1,,,21,23,0,11,1
b204,2,2,2,3,2,,,22,24,0,11,1
b204,2,2,3,4,3,,,23,25,0,11,1
b204,3,0,0,1,0,,,24,26,0,15,1
b204,3,0,1,2,1,,,25,27,0,21,1
b204,3,0,2,3,2,,,26,28,0,21,1
b204,3,0,3,4,3,,,27,29,0,21,1
b204,3,1,0,1,0,,,24,26,0,14,1
b204,3,1,1,2,1,,,25,27,0,21,1
b204,3,1,2,3,2,,,26,28,0,21,1
b204,3,1,3,4,3,,,27,29,0,21,1
b204,3,2,0,1,0,,,24,26,0,13,1
b204,3,2,1,2,1,,,25,27,0,21,1
b204,3,2,2,3,2,,,26,28,0,21,1
b204,3,2,3,4,3,,,27,29,0,21,1
b204,3,3,0,1,0,,,24,26,0,12,1
b204,3,3,1,2,1,,,25,27,0,13,1
b204,3,3,2,3,2,,,26,28,0,13,1
b204,3,3,3,4,3,,,27,29,0,13,1
b205,0,0,0,1,0,,,12,14,0,19,1
b205,0,0,1,2,1,,,13,15,0,21,1
b205,0,0,2,3,2,,,14,16,0,22,1
b205,0,0,3,4,3,,,15,17,0,23,1
b205,1,0,0,2,0,,,16,18,0,25,1
b205,1,0,1,2,1,,,17,19,0,27,1
b205,1,0,2,3,2,,,18,20,0,28,1
b205,1,0,3,4,3,,,19,21,0,29,1
b205,1,1,0,2,0,,,16,18,0,25,1
b205,1,1,1,2,1,,,17,19,0,27,1
b205,1,1,2,3,2,,,18,20,0,28,1
b205,1,1,3,4,3,,,19,21,0,29,1
b205,2,0,0,3,0,,,20,22,0,31,1
b205,2,0,1,3,1,,,21,23,0,33,1
b205,2,0,2,3,2,,,22,24,0,34,1
b205,2,0,3,4,3,,,23,25,0,35,1
b205,2,1,0,3,0,,,20,22,0,31,1
b205,2,1,1,3,1,,,21,23,0,33,1
b205,2,1,2,3,2,,,22,24,0,34,1
b205,2,1,3,4,3,,,23,25,0,35,1
b205,2,2,0,3,0,,,20,22,0,31,1
b205,2,2,1,3,1,,,21,23,0,33,1
b205,2,2,2,3,2,,,22,24,0,34,1
b205,2,2,3,4,3,,,23,25,0,35,1
b205,3,0,0,4,0,,,24,26,0,37,1
b205,3,0,1,4,1,,,25,27,0,39,1
b205,3,0,2,4,2,,,26,28,0,40,1
b205,3,0,3,4,3,,,27,29,0,41,1
b205,3,1,0,4,0,,,24,26,0,37,1
b205,3,1,1,4,1,,,25,27,0,39,1
b205,3,1,2,4,2,,,26,28,0,40,1
b205,3,1,3,4,3,,,27,29,0,41,1
b205,3,2,0,4,0,,,24,26,0,37,1
b205,3,2,1,4,1,,,25,27,0,39,1
b205,3,2,2,4,2,,,26,28,0,40,1
b205,3,2,3,4,3,,,27,29,0,41,1
b205,3,3,0,4,0,,,24,26,0,37,1
b205,3,3,1,4,1,,,25,27,0,39,1
b205,3,3,2,4,2,,,26,28,0,40,1
b205,3,3,3,4,3,,,27,29,0,41,1
b206,0,0,0,1,0,,,12,14,0,7,1
b206,0,0,1,2,1,,,13,15,0,8,1
b206,0,0,2,3,2,,,14,16,0,8,1
b206,0,0,3,4,3,,,15,17,0,8,1
b206,1,0,0,2,0,,,16,18,0,13,1
b206,1,0,1,2,1,,,17,19,0,14,1
b206,1,0,2,3,2,,,18,20,0,14,1
b206,1,0,3,4,3,,,19,21,0,14,1
b206,1,1,0,2,0,,,16,18,0,13,1
b206,1,1,1,2,1,,,17,19,0,10,1
b206,1,1,2,3,2,,,18,20,0,10,1
b206,1,1,3,4,3,,,19,21,0,10,1
b206,2,0,0,2,0,,,20,22,0,17,1
b206,2,0,1,2,1,,,21,23,0,18,1
b206,2,0,2,3,2,,,22,24,0,18,1
b206,2,0,3,4,3,,,23,25,0,18,1
b206,2,1,0,2,0,,,20,22,0,17,1
b206,2,1,1,2,1,,,21,23,0,18,1
b206,2,1,2,3,2,,,22,24,0,18,1
b206,2,1,3,4,3,,,23,25,0,18,1
b206,2,2,0,2,0,,,20,22,0,17,1
b206,2,2,1,2,1,,,21,23,0,12,1
b206,2,2,2,3,2,,,22,24,0,12,1
b206,2,2,3,4,3,,,23,25,0,12,1
b206,3,0,0,2,0,,,24,26,0,21,1
b206,3,0,1,2,1,,,25,27,0,22,1
b206,3,0,2,3,2,,,26,28,0,22,1
b206,3,0,3,4,3,,,27,29,0,22,1
b206,3,1,0,2,0,,,24,26,0,21,1
b206,3,1,1,2,1,,,25,27,0,22,1
b206,3,1,2,3,2,,,26,28,0,22,1
b206,3,1,3,4,3,,,27,29,0,22,1
b206,3,2,0,2,0,,,24,26,0,21,1
b206,3,2,1,2,1,,,25,27,0,22,1
b206,3,2,2,3,2,,,26,28,0,22,1
b206,3,2,3,4,3,,,27,29,0,22,1
b206,3,3,0,2,0,,,24,26,0,21,1
b206,3,3,1,2,1,,,25,27,0,14,1
b206,3,3,2,3,2,,,26,28,0,14,1
b206,3,3,3,4,3,,,27,29,0,14,1
b207,0,0,0,1,0,,,12,14,0,6,1
b207,0,0,1,2,1,,,13,15,0,7,1
b207,0,0,2,3,2,,,14,16,0,7,1
b207,0,0,3,4,3,,,15,17,0,7,1
b207,1,0,0,1,0,,,16,18,0,9,1
b207,1,0,1,2,1,,,17,19,0,13,1
b207,1,0,2,3,2,,,18,20,0,13,1
b207,1,0,3,4,3,,,19,21,0,13,1
b207,1,1,0,1,0,,,16,18,0,8,1
b207,1,1,1,2,1,,,17,19,0,9,1
b207,1,1,2,3,2,,,18,20,0,9,1
b207,1,1,3,4,3,,,19,21,0,9,1
b207,2,0,0,1,0,,,20,22,0,12,1
b207,2,0,1,2,1,,,21,23,0,17,1
b207,2,0,2,3,2,,,22,24,0,17,1
b207,2,0,3,4,3,,,23,25,0,17,1
b207,2,1,0,1,0,,,20,22,0,11,1
b207,2,1,1,2,1,,,21,23,0,17,1
b207,2,1,2,3,2,,,22,24,0,17,1
b207,2,1,3,4,3,,,23,25,0,17,1
b207,2,2,0,1,0,,,20,22,0,10,1
b207,2,2,1,2,1,,,21,23,0,11,1
b207,2,2,2,3,2,,,22,24,0,11,1
b207,2,2,3,4,3,,,23,25,0,11,1
b207,3,0,0,1,0,,,24,26,0,15,1
b207,3,0,1,2,1,,,25,27,0,21,1
b207,3,0,2,3,2,,,26,28,0,21,1
b207,3,0,3,4,3,,,27,29,0,21,1
b207,3,1,0,1,0,,,24,26,0,14,1
b207,3,1,1,2,1,,,25,27,0,21,1
b207,3,1,2,3,2,,,26,28,0,21,1
b207,3,1,3,4,3,,,27,29,0,21,1
b207,3,2,0,1,0,,,24,26,0,13,1
b207,3,2,1,2,1,,,25,27,0,21,1
b207,3,2,2,3,2,,,26,28,0,21,1
b207,3,2,3,4,3,,,27,29,0,21,1
b207,3,3,0,1,0,,,24,26,0,12,1
b207,3,3,1,2,1,,,25,27,0,13,1
b207,3,3,2,3,2,,,26,28,0,13,1
b207,3,3,3,4,3,,,27,29,0,13,1
b208,0,0,0,1,1,,,12,14,0,19,1
b208,0,0,1,2,2,,,13,15,0,21,1
b208,0,0,2,3,3,,,14,16,0,22,1
b208,0,0,3,4,4,,,15,17,0,23,1
b208,1,0,0,2,1,,,16,18,0,25,1
b208,1,0,1,3,2,,,17,19,0,28,1
b208,1,0,2,4,3,,,18,20,0,29,1
b208,1,0,3,5,4,,,19,21,0,30,1
b208,1,1,0,2,1,,,16,18,0,26,1
b208,1,1,1,2,2,,,17,19,0,26,1
b208,1,1,2,3,3,,,18,20,0,28,1
b208,1,1,3,4,4,,,19,21,0,29,1
b208,2,0,0,3,1,,,20,22,0,31,1
b208,2,0,1,4,2,,,21,23,0,35,1
b208,2,0,2,5,3,,,22,24,0,36,1
b208,2,0,3,6,4,,,23,25,0,37,1
b208,2,1,0,3,1,,,20,22,0,33,1
b208,2,1,1,3,2,,,21,23,0,32,1
b208,2,1,2,4,3,,,22,24,0,35,1
b208,2,1,3,5,4,,,23,25,0,36,1
b208,2,2,0,3,1,,,20,22,0,32,1
b208,2,2,1,3,2,,,21,23,0,33,1
b208,2,2,2,3,3,,,22,24,0,33,1
b208,2,2,3,4,4,,,23,25,0,35,1
b208,3,0,0,4,1,,,24,26,0,37,1
b208,3,0,1,5,2,,,25,27,0,42,1
b208,3,0,2,6,3,,,26,28,0,43,1
b208,3,0,3,7,4,,,27,29,0,44,1
b208,3,1,0,4,1,,,24,26,0,40,1
b208,3,1,1,4,2,,,25,27,0,38,1
b208,3,1,2,5,3,,,26,28,0,42,1
b208,3,1,3,6,4,,,27,29,0,43,1
b208,3,2,0,4,1,,,24,26,0,39,1
b208,3,2,1,4,2,,,25,27,0,40,1
b208,3,2,2,4,3,,,26,28,0,39,1
b208,3,2,3,5,4,,,27,29,0,42,1
b208,3,3,0,4,1,,,24,26,0,38,1
b208,3,3,1,4,2,,,25,27,0,39,1
b208,3,3,2,4,3,,,26,28,0,40,1
b208,3,3,3,4,4,,,27,29,0,40,1
b209,0,0,0,1,1,,,12,14,0,32,1
b209,0,0,1,2,2,,,13,15,0,35,1
b209,0,0,2,3,3,,,14,16,0,37,1
b209,0,0,3,4,4,,,15,17,0,39,1
b209,1,0,0,2,2,,,16,18,0,42,1
b209,1,0,1,3,2,,,17,19,0,46,1
b209,1,0,2,4,3,,,18,20,0,48,1
b209,1,0,3,5,4,,,19,21,0,50,1
b209,1,1,0,2,2,,,16,18,0,43,1
b209,1,1,1,2,2,,,17,19,0,44,1
b209,1,1,2,3,3,,,18,20,0,47,1
b209,1,1,3,4,4,,,19,21,0,49,1
b209,2,0,0,3,3,,,20,22,0,52,1
b209,2,0,1,4,3,,,21,23,0,57,1
b209,2,0,2,5,3,,,22,24,0,59,1
b209,2,0,3,6,4,,,23,25,0,61,1
b209,2,1,0,3,3,,,20,22,0,54,1
b209,2,1,1,3,3,,,21,23,0,54,1
b209,2,1,2,4,3,,,22,24,0,58,1
b209,2,1,3,5,4,,,23,25,0,60,1
b209,2,2,0,3,2,,,20,22,0,53,1
b209,2,2,1,3,3,,,21,23,0,55,1
b209,2,2,2,3,3,,,22,24,0,56,1
b209,2,2,3,4,4,,,23,25,0,59,1
b209,3,0,0,4,4,,,24,26,0,62,1
b209,3,0,1,5,4,,,25,27,0,68,1
b209,3,0,2,6,4,,,26,28,0,70,1
b209,3,0,3,7,4,,,27,29,0,72,1
b209,3,1,0,4,4,,,24,26,0,65,1
b209,3,1,1,4,4,,,25,27,0,64,1
b209,3,1,2,5,4,,,26,28,0,69,1
b209,3,1,3,6,4,,,27,29,0,71,1
b209,3,2,0,4,3,,,24,26,0,64,1
b209,3,2,1,4,4,,,25,27,0,66,1
b209,3,2,2,4,4,,,26,28,0,66,1
b209,3,2,3,5,4,,,27,29,0,70,1
b209,3,3,0,4,2,,,24,26,0,63,1
b209,3,3,1,4,3,,,25,27,0,65,1
b209,3,3,2,4,4,,,26,28,0,67,1
b209,3,3,3,4,4,,,27,29,0,68,1
b210,0,0,0,1,1,,,12,14,0,20,1
b210,0,0,1,2,2,,,13,15,0,22,1
b210,0,0,2,3,3,,,14,16,0,23,1
b210,0,0,3,4,4,,,15,17,0,24,1
b210,1,0,0,2,1,,,16,18,0,26,1
b210,1,0,1,3,2,,,17,19,0,29,1
b210,1,0,2,4,3,,,18,20,0,30,1
b210,1,0,3,5,4,,,19,21,0,31,1
b210,1,1,0,2,1,,,16,18,0,27,1
b210,1,1,1,2,2,,,17,19,0,27,1
b210,1,1,2,3,3,,,18,20,0,29,1
b210,1,1,3,4,4,,,19,21,0,30,1
b210,2,0,0,3,1,,,20,22,0,32,1
b210,2,0,1,4,2,,,21,23,0,36,1
b210,2,0,2,5,3,,,22,24,0,37,1
b210,2,0,3,6,4,,,23,25,0,38,1
b210,2,1,0,3,1,,,20,22,0,34,1
b210,2,1,1,3,2,,,21,23,0,33,1
b210,2,1,2,4,3,,,22,24,0,36,1
b210,2,1,3,5,4,,,23,25,0,37,1
b210,2,2,0,3,1,,,20,22,0,33,1
b210,2,2,1,3,2,,,21,23,0,34,1
b210,2,2,2,3,3,,,22,24,0,34,1
b210,2,2,3,4,4,,,23,25,0,36,1
b210,3,0,0,4,1,,,24,26,0,38,1
b210,3,0,1,5,2,,,25,27,0,43,1
b210,3,0,2,6,3,,,26,28,0,44,1
b210,3,0,3,7,4,,,27,29,0,45,1
b210,3,1,0,4,1,,,24,26,0,41,1
b210,3,1,1,4,2,,,25,27,0,39,1
b210,3,1,2,5,3,,,26,28,0,43,1
b210,3,1,3,6,4,,,27,29,0,44,1
b210,3,2,0,4,1,,,24,26,0,40,1
b210,3,2,1,4,2,,,25,27,0,41,1
b210,3,2,2,4,3,,,26,28,0,40,1
b210,3,2,3,5,4,,,27,29,0,43,1
b210,3,3,0,4,1,,,24,26,0,39,1
b210,3,3,1,4,2,,,25,27,0,40,1
b210,3,3,2,4,3,,,26,28,0,41,1
b210,3,3,3,4,4,,,27,29,0,41,1
b211,0,0,0,1,1,,,12,14,0,19,1
b211,0,0,1,2,2,,,13,15,0,21,1
b211,0,0,2,3,3,,,14,16,0,22,1
b211,0,0,3,4,4,,,15,17,0,23,1
b211,1,0,0,2,1,,,16,18,0,25,1
b211,1,0,1,3,2,,,17,19,0,28,1
b211,1,0,2,4,3,,,18,20,0,29,1
b211,1,0,3,5,4,,,19,21,0,30,1
b211,1,1,0,2,1,,,16,18,0,26,1
b211,1,1,1,2,2,,,17,19,0,26,1
b211,1,1,2,3,3,,,18,20,0,28,1
b211,1,1,3,4,4,,,19,21,0,29,1
b211,2,0,0,3,1,,,20,22,0,31,1
b211,2,0,1,4,2,,,21,23,0,35,1
b211,2,0,2,5,3,,,22,24,0,36,1
b211,2,0,3,6,4,,,23,25,0,37,1
b211,2,1,0,3,1,,,20,22,0,33,1
b211,2,1,1,3,2,,,21,23,0,32,1
b211,2,1,2,4,3,,,22,24,0,35,1
b211,2,1,3,5,4,,,23,25,0,36,1
b211,2,2,0,3,1,,,20,22,0,32,1
b211,2,2,1,3,2,,,21,23,0,33,1
b211,2,2,2,3,3,,,22,24,0,33,1
b211,2,2,3,4,4,,,23,25,0,35,1
b211,3,0,0,4,1,,,24,26,0,37,1
b211,3,0,1,5,2,,,25,27,0,42,1
b211,3,0,2,6,3,,,26,28,0,43,1
b211,3,0,3,7,4,,,27,29,0,44,1
b211,3,1,0,4,1,,,24,26,0,40,1
b211,3,1,1,4,2,,,25,27,0,38,1
b211,3,1,2,5,3,,,26,28,0,42,1
b211,3,1,3,6,4,,,27,29,0,43,1
b211,3,2,0,4,1,,,24,26,0,39,1
b211,3,2,1,4,2,,,25,27,0,40,1
b211,3,2,2,4,3,,,26,28,0,39,1
b211,3,2,3,5,4,,,27,29,0,42,1
b211,3,3,0,4,1,,,24,26,0,38,1
b211,3,3,1,4,2,,,25,27,0,39,1
b211,3,3,2,4,3,,,26,28,0,40,1
b211,3,3,3,4,4,,,27,29,0,40,1
b212,0,0,0,2,1,,,12,14,0,19,1
b212,0,0,1,2,2,,,13,15,0,19,1
b212,0,0,2,3,3,,,14,16,0,21,1
b212,0,0,3,4,4,,,15,17,0,22,1
b212,1,0,0,3,1,,,16,18,0,26,1
b212,1,0,1,3,2,,,17,19,0,25,1
b212,1,0,2,4,3,,,18,20,0,28,1
b212,1,0,3,5,4,,,19,21,0,29,1
b212,1,1,0,3,1,,,16,18,0,25,1
b212,1,1,1,3,2,,,17,19,0,26,1
b212,1,1,2,3,3,,,18,20,0,26,1
b212,1,1,3,4,4,,,19,21,0,28,1
b212,2,0,0,4,1,,,20,22,0,33,1
b212,2,0,1,4,2,,,21,23,0,31,1
b212,2,0,2,5,3,,,22,24,0,35,1
b212,2,0,3,6,4,,,23,25,0,36,1
b212,2,1,0,4,1,,,20,22,0,32,1
b212,2,1,1,4,2,,,21,23,0,33,1
b212,2,1,2,4,3,,,22,24,0,32,1
b212,2,1,3,5,4,,,23,25,0,35,1
b212,2,2,0,4,1,,,20,22,0,31,1
b212,2,2,1,4,2,,,21,23,0,32,1
b212,2,2,2,4,3,,,22,24,0,33,1
b212,2,2,3,4,4,,,23,25,0,33,1
b212,3,0,0,5,1,,,24,26,0,40,1
b212,3,0,1,5,2,,,25,27,0,37,1
b212,3,0,2,6,3,,,26,28,0,42,1
b212,3,0,3,7,4,,,27,29,0,43,1
b212,3,1,0,5,1,,,24,26,0,39,1
b212,3,1,1,5,2,,,25,27,0,40,1
b212,3,1,2,5,3,,,26,28,0,38,1
b212,3,1,3,6,4,,,27,29,0,42,1
b212,3,2,0,5,1,,,24,26,0,38,1
b212,3,2,1,5,2,,,25,27,0,39,1
b212,3,2,2,5,3,,,26,28,0,40,1
b212,3,2,3,5,4,,,27,29,0,39,1
b212,3,3,0,5,1,,,24,26,0,37,1
b212,3,3,1,5,2,,,25,27,0,38,1
b212,3,3,2,5,3,,,26,28,0,39,1
b212,3,3,3,5,4,,,27,29,0,40,1
b213,0,0,0,2,2,,,12,14,0,32,1
b213,0,0,1,2,3,2,2,13,15,1,33,1
b213,0,0,2,3,3,,,14,16,0,36,1
b213,0,0,3,4,4,,,15,17,0,38,1
b213,1,0,0,4,3,,,16,18,0,45,1
b213,1,0,1,4,4,,,17,19,0,45,1
b213,1,0,2,4,4,,,18,20,0,47,1
b213,1,0,3,5,4,,,19,21,0,51,1
b213,1,1,0,4,2,,,16,18,0,44,1
b213,1,1,1,4,3,,,17,19,0,46,1
b213,1,1,2,4,4,,,18,20,0,47,1
b213,1,1,3,4,4,,,19,21,0,49,1
b213,2,0,0,6,4,,,20,22,0,60,1
b213,2,0,1,6,5,,,21,23,0,59,1
b213,2,0,2,6,5,,,22,24,0,61,1
b213,2,0,3,6,5,,,23,25,0,63,1
b213,2,1,0,6,3,,,20,22,0,59,1
b213,2,1,1,6,4,,,21,23,0,61,1
b213,2,1,2,6,5,,,22,24,0,61,1
b213,2,1,3,6,5,,,23,25,0,63,1
b213,2,2,0,6,2,,,20,22,0,58,1
b213,2,2,1,6,3,,,21,23,0,60,1
b213,2,2,2,6,4,,,22,24,0,62,1
b213,2,2,3,6,5,,,23,25,0,63,1
b213,3,0,0,8,5,,,24,26,0,77,1
b213,3,0,1,8,6,,,25,27,0,75,1
b213,3,0,2,8,6,,,26,28,0,77,1
b213,3,0,3,8,6,,,27,29,0,79,1
b213,3,1,0,8,4,,,24,26,0,76,1
b213,3,1,1,8,5,,,25,27,0,78,1
b213,3,1,2,8,6,,,26,28,0,77,1
b213,3,1,3,8,6,,,27,29,0,79,1
b213,3,2,0,8,3,,,24,26,0,75,1
b213,3,2,1,8,4,,,25,27,0,77,1
b213,3,2,2,8,5,,,26,28,0,79,1
b213,3,2,3,8,6,,,27,29,0,79,1
b213,3,3,0,8,2,,,24,26,0,74,1
b213,3,3,1,8,3,,,25,27,0,76,1
b213,3,3,2,8,4,,,26,28,0,78,1
b213,3,3,3,8,5,,,27,29,0,80,1
b214,0,0,0,2,1,,,12,14,0,20,1
b214,0,0,1,2,2,,,13,15,0,20,1
b214,0,0,2,3,3,,,14,16,0,22,1
b214,0,0,3,4,4,,,15,17,0,23,1
b214,1,0,0,4,1,,,16,18,0,29,1
b214,1,0,1,4,2,,,17,19,0,28,1
b214,1,0,2,4,3,,,18,20,0,29,1
b214,1,0,3,5,4,,,19,21,0,32,1
b214,1,1,0,4,1,,,16,18,0,28,1
b214,1,1,1,4,2,,,17,19,0,29,1
b214,1,1,2,4,3,,,18,20,0,29,1
b214,1,1,3,4,4,,,19,21,0,30,1
b214,2,0,0,5,1,,,20,22,0,37,1
b214,2,0,1,5,2,,,21,23,0,35,1
b214,2,0,2,5,3,,,22,24,0,36,1
b214,2,0,3,6,4,,,23,25,0,40,1
b214,2,1,0,5,1,,,20,22,0,36,1
b214,2,1,1,5,2,,,21,23,0,37,1
b214,2,1,2,5,3,,,22,24,0,36,1
b214,2,1,3,5,4,,,23,25,0,37,1
b214,2,2,0,5,1,,,20,22,0,35,1
b214,2,2,1,5,2,,,21,23,0,36,1
b214,2,2,2,5,3,,,22,24,0,37,1
b214,2,2,3,5,4,,,23,25,0,37,1
b214,3,0,0,6,1,,,24,26,0,45,1
b214,3,0,1,6,2,,,25,27,0,42,1
b214,3,0,2,6,3,,,26,28,0,43,1
b214,3,0,3,7,4,,,27,29,0,48,1
b214,3,1,0,6,1,,,24,26,0,44,1
b214,3,1,1,6,2,,,25,27,0,45,1
b214,3,1,2,6,3,,,26,28,0,43,1
b214,3,1,3,6,4,,,27,29,0,44,1
b214,3,2,0,6,1,,,24,26,0,43,1
b214,3,2,1,6,2,,,25,27,0,44,1
b214,3,2,2,6,3,,,26,28,0,45,1
b214,3,2,3,6,4,,,27,29,0,44,1
b214,3,3,0,6,1,,,24,26,0,42,1
b214,3,3,1,6,2,,,25,27,0,43,1
b214,3,3,2,6,3,,,26,28,0,44,1
b214,3,3,3,6,4,,,27,29,0,45,1
b215,0,0,0,2,1,,,12,14,0,19,1
b215,0,0,1,2,2,,,13,15,0,19,1
b215,0,0,2,3,3,,,14,16,0,21,1
b215,0,0,3,4,4,,,15,17,0,22,1
b215,1,0,0,3,1,,,16,18,0,26,1
b215,1,0,1,3,2,,,17,19,0,25,1
b215,1,0,2,4,3,,,18,20,0,28,1
b215,1,0,3,5,4,,,19,21,0,29,1
b215,1,1,0,3,1,,,16,18,0,25,1
b215,1,1,1,3,2,,,17,19,0,26,1
b215,1,1,2,3,3,,,18,20,0,26,1
b215,1,1,3,4,4,,,19,21,0,28,1
b215,2,0,0,4,1,,,20,22,0,33,1
b215,2,0,1,4,2,,,21,23,0,31,1
b215,2,0,2,5,3,,,22,24,0,35,1
b215,2,0,3,6,4,,,23,25,0,36,1
b215,2,1,0,4,1,,,20,22,0,32,1
b215,2,1,1,4,2,,,21,23,0,33,1
b215,2,1,2,4,3,,,22,24,0,32,1
b215,2,1,3,5,4,,,23,25,0,35,1
b215,2,2,0,4,1,,,20,22,0,31,1
b215,2,2,1,4,2,,,21,23,0,32,1
b215,2,2,2,4,3,,,22,24,0,33,1
b215,2,2,3,4,4,,,23,25,0,33,1
b215,3,0,0,5,1,,,24,26,0,40,1
b215,3,0,1,5,2,,,25,27,0,37,1
b215,3,0,2,6,3,,,26,28,0,42,1
b215,3,0,3,7,4,,,27,29,0,43,1
b215,3,1,0,5,1,,,24,26,0,39,1
b215,3,1,1,5,2,,,25,27,0,40,1
b215,3,1,2,5,3,,,26,28,0,38,1
b215,3,1,3,6,4,,,27,29,0,42,1
b215,3,2,0,5,1,,,24,26,0,38,1
b215,3,2,1,5,2,,,25,27,0,39,1
b215,3,2,2,5,3,,,26,28,0,40,1
b215,3,2,3,5,4,,,27,29,0,39,1
b215,3,3,0,5,1,,,24,26,0,37,1
b215,3,3,1,5,2,,,25,27,0,38,1
b215,3,3,2,5,3,,,26,28,0,39,1
b215,3,3,3,5,4,,,27,29,0,40,1
b216,0,0,0,2,1,,,12,14,0,19,1
b216,0,0,1,2,2,,,13,15,0,19,1
b216,0,0,2,3,3,,,14,16,0,21,1
b216,0,0,3,4,4,,,15,17,0,22,1
b216,1,0,0,3,1,,,16,18,0,26,1
b216,1,0,1,3,2,,,17,19,0,25,1
b216,1,0,2,4,3,,,18,20,0,28,1
b216,1,0,3,5,4,,,19,21,0,29,1
b216,1,1,0,3,1,,,16,18,0,25,1
b216,1,1,1,3,2,,,17,19,0,26,1
b216,1,1,2,3,3,,,18,20,0,26,1
b216,1,1,3,4,4,,,19,21,0,28,1
b216,2,0,0,4,1,,,20,22,0,33,1
b216,2,0,1,4,2,,,21,23,0,31,1
b216,2,0,2,5,3,,,22,24,0,35,1
b216,2,0,3,6,4,,,23,25,0,36,1
b216,2,1,0,4,1,,,20,22,0,32,1
b216,2,1,1,4,2,,,21,23,0,33,1
b216,2,1,2,4,3,,,22,24,0,32,1
b216,2,1,3,5,4,,,23,25,0,35,1
b216,2,2,0,4,1,,,20,22,0,31,1
b216,2,2,1,4,2,,,21,23,0,32,1
b216,2,2,2,4,3,,,22,24,0,33,1
b216,2,2,3,4,4,,,23,25,0,33,1
b216,3,0,0,5,1,,,24,26,0,40,1
b216,3,0,1,5,2,,,25,27,0,37,1
b216,3,0,2,6,3,,,26,28,0,42,1
b216,3,0,3,7,4,,,27,29,0,43,1
b216,3,1,0,5,1,,,24,26,0,39,1
b216,3,1,1,5,2,,,25,27,0,40,1
b216,3,1,2,5,3,,,26,28,0,38,1
b216,3,1,3,6,4,,,27,29,0,42,1
b216,3,2,0,5,1,,,24,26,0,38,1
b216,3,2,1,5,2,,,25,27,0,39,1
b216,3,2,2,5,3,,,26,28,0,40,1
b216,3,2,3,5,4,,,27,29,0,39,1
b216,3,3,0,5,1,,,24,26,0,37,1
b216,3,3,1,5,2,,,25,27,0,38,1
b216,3,3,2,5,3,,,26,28,0,39,1
b216,3,3,3,5,4,,,27,29,0,40,1
b217,0,0,0,2,2,,,12,14,0,32,1
b217,0,0,1,2,2,,,13,15,0,33,1
b217,0,0,2,3,3,,,14,16,0,36,1
b217,0,0,3,4,4,,,15,17,0,38,1
b217,1,0,0,3,2,,,16,18,0,43,1
b217,1,0,1,3,2,,,17,19,0,43,1
b217,1,0,2,4,3,,,18,20,0,47,1
b217,1,0,3,5,4,,,19,21,0,49,1
b217,1,1,0,3,2,,,16,18,0,42,1
b217,1,1,1,3,2,,,17,19,0,44,1
b217,1,1,2,3,3,,,18,20,0,45,1
b217,1,1,3,4,4,,,19,21,0,48,1
b217,2,0,0,4,3,,,20,22,0,54,1
b217,2,0,1,4,3,,,21,23,0,53,1
b217,2,0,2,5,3,,,22,24,0,58,1
b217,2,0,3,6,4,,,23,25,0,60,1
b217,2,1,0,4,3,,,20,22,0,53,1
b217,2,1,1,4,3,,,21,23,0,55,1
b217,2,1,2,4,3,,,22,24,0,55,1
b217,2,1,3,5,4,,,23,25,0,59,1
b217,2,2,0,4,2,,,20,22,0,52,1
b217,2,2,1,4,3,,,21,23,0,54,1
b217,2,2,2,4,3,,,22,24,0,56,1
b217,2,2,3,4,4,,,23,25,0,57,1
b217,3,0,0,5,4,,,24,26,0,65,1
b217,3,0,1,5,4,,,25,27,0,63,1
b217,3,0,2,6,4,,,26,28,0,69,1
b217,3,0,3,7,4,,,27,29,0,71,1
b217,3,1,0,5,4,,,24,26,0,64,1
b217,3,1,1,5,4,,,25,27,0,66,1
b217,3,1,2,5,4,,,26,28,0,65,1
b217,3,1,3,6,4,,,27,29,0,70,1
b217,3,2,0,5,3,,,24,26,0,63,1
b217,3,2,1,5,4,,,25,27,0,65,1
b217,3,2,2,5,4,,,26,28,0,67,1
b217,3,2,3,5,4,,,27,29,0,67,1
b217,3,3,0,5,2,,,24,26,0,62,1
b217,3,3,1,5,3,,,25,27,0,64,1
b217,3,3,2,5,4,,,26,28,0,66,1
b217,3,3,3,5,4,,,27,29,0,68,1
b218,0,0,0,2,1,,,12,14,0,20,1
b218,0,0,1,2,2,,,13,15,0,20,1
b218,0,0,2,3,3,,,14,16,0,22,1
b218,0,0,3,4,4,,,15,17,0,23,1
b218,1,0,0,3,1,,,16,18,0,27,1
b218,1,0,1,3,2,,,17,19,0,26,1
b218,1,0,2,4,3,,,18,20,0,29,1
b218,1,0,3,5,4,,,19,21,0,30,1
b218,1,1,0,3,1,,,16,18,0,26,1
b218,1,1,1,3,2,,,17,19,0,27,1
b218,1,1,2,3,3,,,18,20,0,27,1
b218,1,1,3,4,4,,,19,21,0,29,1
b218,2,0,0,4,1,,,20,22,0,34,1
b218,2,0,1,4,2,,,21,23,0,32,1
b218,2,0,2,5,3,,,22,24,0,36,1
b218,2,0,3,6,4,,,23,25,0,37,1
b218,2,1,0,4,1,,,20,22,0,33,1
b218,2,1,1,4,2,,,21,23,0,34,1
b218,2,1,2,4,3,,,22,24,0,33,1
b218,2,1,3,5,4,,,23,25,0,36,1
b218,2,2,0,4,1,,,20,22,0,32,1
b218,2,2,1,4,2,,,21,23,0,33,1
b218,2,2,2,4,3,,,22,24,0,34,1
b218,2,2,3,4,4,,,23,25,0,34,1
b218,3,0,0,5,1,,,24,26,0,41,1
b218,3,0,1,5,2,,,25,27,0,38,1
b218,3,0,2,6,3,,,26,28,0,43,1
b218,3,0,3,7,4,,,27,29,0,44,1
b218,3,1,0,5,1,,,24,26,0,40,1
b218,3,1,1,5,2,,,25,27,0,41,1
b218,3,1,2,5,3,,,26,28,0,39,1
b218,3,1,3,6,4,,,27,29,0,43,1
b218,3,2,0,5,1,,,24,26,0,39,1
b218,3,2,1,5,2,,,25,27,0,40,1
b218,3,2,2,5,3,,,26,28,0,41,1
b218,3,2,3,5,4,,,27,29,0,40,1
b218,3,3,0,5,1,,,24,26,0,38,1
b218,3,3,1,5,2,,,25,27,0,39,1
b218,3,3,2,5,3,,,26,28,0,40,1
b218,3,3,3,5,4,,,27,29,0,41,1
b219,0,0,0,2,1,,,12,14,0,19,1
b219,0,0,1,2,2,,,13,15,0,19,1
b219,0,0,2,3,3,,,14,16,0,21,1
b219,0,0,3,4,4,,,15,17,0,22,1
b219,1,0,0,3,1,,,16,18,0,26,1
b219,1,0,1,3,2,,,17,19,0,25,1
b219,1,0,2,4,3,,,18,20,0,28,1
b219,1,0,3,5,4,,,19,21,0,29,1
b219,1,1,0,3,1,,,16,18,0,25,1
b219,1,1,1,3,2,,,17,19,0,26,1
b219,1,1,2,3,3,,,18,20,0,26,1
b219,1,1,3,4,4,,,19,21,0,28,1
b219,2,0,0,4,1,,,20,22,0,33,1
b219,2,0,1,4,2,,,21,23,0,31,1
b219,2,0,2,5,3,,,22,24,0,35,1
b219,2,0,3,6,4,,,23,25,0,36,1
b219,2,1,0,4,1,,,20,22,0,32,1
b219,2,1,1,4,2,,,21,23,0,33,1
b219,2,1,2,4,3,,,22,24,0,32,1
b219,2,1,3,5,4,,,23,25,0,35,1
b219,2,2,0,4,1,,,20,22,0,31,1
b219,2,2,1,4,2,,,21,23,0,32,1
b219,2,2,2,4,3,,,22,24,0,33,1
b219,2,2,3,4,4,,,23,25,0,33,1
b219,3,0,0,5,1,,,24,26,0,40,1
b219,3,0,1,5,2,,,25,27,0,37,1
b219,3,0,2,6,3,,,26,28,0,42,1
b219,3,0,3,7,4,,,27,29,0,43,1
b219,3,1,0,5,1,,,24,26,0,39,1
b219,3,1,1,5,2,,,25,27,0,40,1
b219,3,1,2,5,3,,,26,28,0,38,1
b219,3,1,3,6,4,,,27,29,0,42,1
b219,3,2,0,5,1,,,24,26,0,38,1
b219,3,2,1,5,2,,,25,27,0,39,1
b219,3,2,2,5,3,,,26,28,0,40,1
b219,3,2,3,5,4,,,27,29,0,39,1
b219,3,3,0,5,1,,,24,26,0,37,1
b219,3,3,1,5,2,,,25,27,0,38,1
b219,3,3,2,5,3,,,26,28,0,39,1
b219,3,3,3,5,4,,,27,29,0,40,1
b220,0,0,0,1,1,,,12,14,0,19,1
b220,0,0,1,2,2,,,13,15,0,21,1
b220,0,0,2,3,3,,,14,16,0,22,1
b220,0,0,3,4,4,,,15,17,0,23,1
b220,1,0,0,2,1,,,16,18,0,25,1
b220,1,0,1,3,2,,,17,19,0,28,1
b220,1,0,2,4,3,,,18,20,0,29,1
b220,1,0,3,5,4,,,19,21,0,30,1
b220,1,1,0,2,1,,,16,18,0,26,1
b220,1,1,1,2,2,,,17,19,0,26,1
b220,1,1,2,3,3,,,18,20,0,28,1
b220,1,1,3,4,4,,,19,21,0,29,1
b220,2,0,0,3,1,,,20,22,0,31,1
b220,2,0,1,4,2,,,21,23,0,35,1
b220,2,0,2,5,3,,,22,24,0,36,1
b220,2,0,3,6,4,,,23,25,0,37,1
b220,2,1,0,3,1,,,20,22,0,33,1
b220,2,1,1,3,2,,,21,23,0,32,1
b220,2,1,2,4,3,,,22,24,0,35,1
b220,2,1,3,5,4,,,23,25,0,36,1
b220,2,2,0,3,1,,,20,22,0,32,1
b220,2,2,1,3,2,,,21,23,0,33,1
b220,2,2,2,3,3,,,22,24,0,33,1
b220,2,2,3,4,4,,,23,25,0,35,1
b220,3,0,0,4,1,,,24,26,0,37,1
b220,3,0,1,5,2,,,25,27,0,42,1
b220,3,0,2,6,3,,,26,28,0,43,1
b220,3,0,3,7,4,,,27,29,0,44,1
b220,3,1,0,4,1,,,24,26,0,40,1
b220,3,1,1,4,2,,,25,27,0,38,1
b220,3,1,2,5,3,,,26,28,0,42,1
b220,3,1,3,6,4,,,27,29,0,43,1
b220,3,2,0,4,1,,,24,26,0,39,1
b220,3,2,1,4,2,,,25,27,0,40,1
b220,3,2,2,4,3,,,26,28,0,39,1
b220,3,2,3,5,4,,,27,29,0,42,1
b220,3,3,0,4,1,,,24,26,0,38,1
b220,3,3,1,4,2,,,25,27,0,39,1
b220,3,3,2,4,3,,,26,28,0,40,1
b220,3,3,3,4,4,,,27,29,0,40,1
b221,0,0,0,1,2,1,1,12,14,1,32,1
b221,0,0,1,2,2,,,13,15,0,35,1
b221,0,0,2,3,3,,,14,16,0,37,1
b221,0,0,3,4,4,,,15,17,0,39,1
b221,1,0,0,2,3,2,2,16,18,1,42,1
b221,1,0,1,3,3,,,17,19,0,46,1
b221,1,0,2,4,3,,,18,20,0,48,1
b221,1,0,3,5,4,,,19,21,0,50,1
b221,1,1,0,2,2,,,16,18,0,43,1
b221,1,1,1,2,3,2,2,17,19,1,44,1
b221,1,1,2,3,3,,,18,20,0,47,1
b221,1,1,3,4,4,,,19,21,0,49,1
b221,2,0,0,3,4,3,3,20,22,1,52,1
b221,2,0,1,4,4,,,21,23,0,57,1
b221,2,0,2,5,4,,,22,24,0,59,1
b221,2,0,3,6,4,,,23,25,0,61,1
b221,2,1,0,3,3,,,20,22,0,54,1
b221,2,1,1,3,4,3,3,21,23,1,54,1
b221,2,1,2,4,4,,,22,24,0,58,1
b221,2,1,3,5,4,,,23,25,0,60,1
b221,2,2,0,3,2,,,20,22,0,53,1
b221,2,2,1,3,3,,,21,23,0,55,1
b221,2,2,2,3,4,3,3,22,24,1,56,1
b221,2,2,3,4,4,,,23,25,0,59,1
b221,3,0,0,4,5,4,4,24,26,1,62,1
b221,3,0,1,5,5,,,25,27,0,68,1
b221,3,0,2,6,5,,,26,28,0,70,1
b221,3,0,3,7,5,,,27,29,0,72,1
b221,3,1,0,4,4,,,24,26,0,65,1
b221,3,1,1,4,5,4,4,25,27,1,64,1
b221,3,1,2,5,5,,,26,28,0,69,1
b221,3,1,3,6,5,,,27,29,0,71,1
b221,3,2,0,4,3,,,24,26,0,64,1
b221,3,2,1,4,4,,,25,27,0,66,1
b221,3,2,2,4,5,4,4,26,28,1,66,1
b221,3,2,3,5,5,,,27,29,0,70,1
b221,3,3,0,4,2,,,24,26,0,63,1
b221,3,3,1,4,3,,,25,27,0,65,1
b221,3,3,2,4,4,,,26,28,0,67,1
b221,3,3,3,4,5,4,4,27,29,1,68,1
b222,0,0,0,1,1,,,12,14,0,20,1
b222,0,0,1,2,2,,,13,15,0,22,1
b222,0,0,2,3,3,,,14,16,0,23,1
b222,0,0,3,4,4,,,15,17,0,24,1
b222,1,0,0,2,1,,,16,18,0,26,1
b222,1,0,1,3,2,,,17,19,0,29,1
b222,1,0,2,4,3,,,18,20,0,30,1
b222,1,0,3,5,4,,,19,21,0,31,1
b222,1,1,0,2,1,,,16,18,0,27,1
b222,1,1,1,2,2,,,17,19,0,27,1
b222,1,1,2,3,3,,,18,20,0,29,1
b222,1,1,3,4,4,,,19,21,0,30,1
b222,2,0,0,3,1,,,20,22,0,32,1
b222,2,0,1,4,2,,,21,23,0,36,1
b222,2,0,2,5,3,,,22,24,0,37,1
b222,2,0,3,6,4,,,23,25,0,38,1
b222,2,1,0,3,1,,,20,22,0,34,1
b222,2,1,1,3,2,,,21,23,0,33,1
b222,2,1,2,4,3,,,22,24,0,36,1
b222,2,1,3,5,4,,,23,25,0,37,1
b222,2,2,0,3,1,,,20,22,0,33,1
b222,2,2,1,3,2,,,21,23,0,34,1
b222,2,2,2,3,3,,,22,24,0,34,1
b222,2,2,3,4,4,,,23,25,0,36,1
b222,3,0,0,4,1,,,24,26,0,38,1
b222,3,0,1,5,2,,,25,27,0,43,1
b222,3,0,2,6,3,,,26,28,0,44,1
b222,3,0,3,7,4,,,27,29,0,45,1
b222,3,1,0,4,1,,,24,26,0,41,1
b222,3,1,1,4,2,,,25,27,0,39,1
b222,3,1,2,5,3,,,26,28,0,43,1
b222,3,1,3,6,4,,,27,29,0,44,1
b222,3,2,0,4,1,,,24,26,0,40,1
b222,3,2,1,4,2,,,25,27,0,41,1
b222,3,2,2,4,3,,,26,28,0,40,1
b222,3,2,3,5,4,,,27,29,0,43,1
b222,3,3,0,4,1,,,24,26,0,39,1
b222,3,3,1,4,2,,,25,27,0,40,1
b222,3,3,2,4,3,,,26,28,0,41,1
b222,3,3,3,4,4,,,27,29,0,41,1
b223,0,0,0,1,1,,,12,14,0,19,1
b223,0,0,1,2,2,,,13,15,0,21,1
b223,0,0,2,3,3,,,14,16,0,22,1
b223,0,0,3,4,4,,,15,17,0,23,1
b223,1,0,0,2,1,,,16,18,0,25,1
b223,1,0,1,3,2,,,17,19,0,28,1
b223,1,0,2,4,3,,,18,20,0,29,1
b223,1,0,3,5,4,,,19,21,0,30,1
b223,1,1,0,2,1,,,16,18,0,26,1
b223,1,1,1,2,2,,,17,19,0,26,1
b223,1,1,2,3,3,,,18,20,0,28,1
b223,1,1,3,4,4,,,19,21,0,29,1
b223,2,0,0,3,1,,,20,22,0,31,1
b223,2,0,1,4,2,,,21,23,0,35,1
b223,2,0,2,5,3,,,22,24,0,36,1
b223,2,0,3,6,4,,,23,25,0,37,1
b223,2,1,0,3,1,,,20,22,0,33,1
b223,2,1,1,3,2,,,21,23,0,32,1
b223,2,1,2,4,3,,,22,24,0,35,1
b223,2,1,3,5,4,,,23,25,0,36,1
b223,2,2,0,3,1,,,20,22,0,32,1
b223,2,2,1,3,2,,,21,23,0,33,1
b223,2,2,2,3,3,,,22,24,0,33,1
b223,2,2,3,4,4,,,23,25,0,35,1
b223,3,0,0,4,1,,,24,26,0,37,1
b223,3,0,1,5,2,,,25,27,0,42,1
b223,3,0,2,6,3,,,26,28,0,43,1
b223,3,0,3,7,4,,,27,29,0,44,1
b223,3,1,0,4,1,,,24,26,0,40,1
b223,3,1,1,4,2,,,25,27,0,38,1
b223,3,1,2,5,3,,,26,28,0,42,1
b223,3,1,3,6,4,,,27,29,0,43,1
b223,3,2,0,4,1,,,24,26,0,39,1
b223,3,2,1,4,2,,,25,27,0,40,1
b223,3,2,2,4,3,,,26,28,0,39,1
b223,3,2,3,5,4,,,27,29,0,42,1
b223,3,3,0,4,1,,,24,26,0,38,1
b223,3,3,1,4,2,,,25,27,0,39,1
b223,3,3,2,4,3,,,26,28,0,40,1
b223,3,3,3,4,4,,,27,29,0,40,1
b224,0,0,0,1,1,,,12,14,0,7,1
b224,0,0,1,2,1,,,13,15,0,6,1
b224,0,0,2,3,2,,,14,16,0,8,1
b224,0,0,3,4,3,,,15,17,0,8,1
b224,1,0,0,2,1,,,16,18,0,13,1
b224,1,0,1,2,1,,,17,19,0,9,1
b224,1,0,2,3,2,,,18,20,0,14,1
b224,1,0,3,4,3,,,19,21,0,14,1
b224,1,1,0,2,1,,,16,18,0,14,1
b224,1,1,1,2,1,,,17,19,0,8,1
b224,1,1,2,3,2,,,18,20,0,10,1
b224,1,1,3,4,3,,,19,21,0,10,1
b224,2,0,0,2,1,,,20,22,0,17,1
b224,2,0,1,2,1,,,21,23,0,12,1
b224,2,0,2,3,2,,,22,24,0,18,1
b224,2,0,3,4,3,,,23,25,0,18,1
b224,2,1,0,2,1,,,20,22,0,18,1
b224,2,1,1,2,1,,,21,23,0,11,1
b224,2,1,2,3,2,,,22,24,0,18,1
b224,2,1,3,4,3,,,23,25,0,18,1
b224,2,2,0,2,1,,,20,22,0,18,1
b224,2,2,1,2,1,,,21,23,0,10,1
b224,2,2,2,3,2,,,22,24,0,12,1
b224,2,2,3,4,3,,,23,25,0,12,1
b224,3,0,0,2,1,,,24,26,0,21,1
b224,3,0,1,2,1,,,25,27,0,15,1
b224,3,0,2,3,2,,,26,28,0,22,1
b224,3,0,3,4,3,,,27,29,0,22,1
b224,3,1,0,2,1,,,24,26,0,22,1
b224,3,1,1,2,1,,,25,27,0,14,1
b224,3,1,2,3,2,,,26,28,0,22,1
b224,3,1,3,4,3,,,27,29,0,22,1
b224,3,2,0,2,1,,,24,26,0,22,1
b224,3,2,1,2,1,,,25,27,0,13,1
b224,3,2,2,3,2,,,26,28,0,22,1
b224,3,2,3,4,3,,,27,29,0,22,1
b224,3,3,0,2,1,,,24,26,0,22,1
b224,3,3,1,2,1,,,25,27,0,12,1
b224,3,3,2,3,2,,,26,28,0,14,1
b224,3,3,3,4,3,,,27,29,0,14,1
b225,0,0,0,1,1,,,12,14,0,20,1
b225,0,0,1,2,1,,,13,15,0,22,1
b225,0,0,2,3,2,,,14,16,0,23,1
b225,0,0,3,4,3,,,15,17,0,24,1
b225,1,0,0,2,1,,,16,18,0,26,1
b225,1,0,1,2,1,,,17,19,0,28,1
b225,1,0,2,3,2,,,18,20,0,29,1
b225,1,0,3,4,3,,,19,21,0,30,1
b225,1,1,0,2,1,,,16,18,0,27,1
b225,1,1,1,2,1,,,17,19,0,27,1
b225,1,1,2,3,2,,,18,20,0,29,1
b225,1,1,3,4,3,,,19,21,0,30,1
b225,2,0,0,2,1,,,20,22,0,32,1
b225,2,0,1,2,1,,,21,23,0,34,1
b225,2,0,2,3,2,,,22,24,0,35,1
b225,2,0,3,4,3,,,23,25,0,36,1
b225,2,1,0,2,1,,,20,22,0,33,1
b225,2,1,1,2,1,,,21,23,0,33,1
b225,2,1,2,3,2,,,22,24,0,35,1
b225,2,1,3,4,3,,,23,25,0,36,1
b225,2,2,0,2,1,,,20,22,0,33,1
b225,2,2,1,2,1,,,21,23,0,33,1
b225,2,2,2,3,2,,,22,24,0,35,1
b225,2,2,3,4,3,,,23,25,0,36,1
b225,3,0,0,3,1,,,24,26,0,38,1
b225,3,0,1,3,1,,,25,27,0,40,1
b225,3,0,2,3,2,,,26,28,0,41,1
b225,3,0,3,4,3,,,27,29,0,42,1
b225,3,1,0,3,1,,,24,26,0,39,1
b225,3,1,1,3,1,,,25,27,0,39,1
b225,3,1,2,3,2,,,26,28,0,41,1
b225,3,1,3,4,3,,,27,29,0,42,1
b225,3,2,0,3,1,,,24,26,0,39,1
b225,3,2,1,3,1,,,25,27,0,39,1
b225,3,2,2,3,2,,,26,28,0,41,1
b225,3,2,3,4,3,,,27,29,0,42,1
b225,3,3,0,3,1,,,24,26,0,39,1
b225,3,3,1,3,1,,,25,27,0,39,1
b225,3,3,2,3,2,,,26,28,0,41,1
b225,3,3,3,4,3,,,27,29,0,42,1
b226,0,0,0,1,1,,,12,14,0,8,1
b226,0,0,1,2,1,,,13,15,0,7,1
b226,0,0,2,3,2,,,14,16,0,9,1
b226,0,0,3,4,3,,,15,17,0,9,1
b226,1,0,0,2,1,,,16,18,0,14,1
b226,1,0,1,2,1,,,17,19,0,9,1
b226,1,0,2,3,2,,,18,20,0,15,1
b226,1,0,3,4,3,,,19,21,0,15,1
b226,1,1,0,2,1,,,16,18,0,15,1
b226,1,1,1,2,1,,,17,19,0,8,1
b226,1,1,2,3,2,,,18,20,0,11,1
b226,1,1,3,4,3,,,19,21,0,11,1
b226,2,0,0,2,1,,,20,22,0,18,1
b226,2,0,1,2,1,,,21,23,0,12,1
b226,2,0,2,3,2,,,22,24,0,19,1
b226,2,0,3,4,3,,,23,25,0,19,1
b226,2,1,0,2,1,,,20,22,0,19,1
b226,2,1,1,2,1,,,21,23,0,11,1
b226,2,1,2,3,2,,,22,24,0,19,1
b226,2,1,3,4,3,,,23,25,0,19,1
b226,2,2,0,2,1,,,20,22,0,19,1
b226,2,2,1,2,1,,,21,23,0,10,1
b226,2,2,2,3,2,,,22,24,0,13,1
b226,2,2,3,4,3,,,23,25,0,13,1
b226,3,0,0,2,1,,,24,26,0,22,1
b226,3,0,1,2,1,,,25,27,0,15,1
b226,3,0,2,3,2,,,26,28,0,23,1
b226,3,0,3,4,3,,,27,29,0,23,1
b226,3,1,0,2,1,,,24,26,0,23,1
b226,3,1,1,2,1,,,25,27,0,14,1
b226,3,1,2,3,2,,,26,28,0,23,1
b226,3,1,3,4,3,,,27,29,0,23,1
b226,3,2,0,2,1,,,24,26,0,23,1
b226,3,2,1,2,1,,,25,27,0,13,1
b226,3,2,2,3,2,,,26,28,0,23,1
b226,3,2,3,4,3,,,27,29,0,23,1
b226,3,3,0,2,1,,,24,26,0,23,1
b226,3,3,1,2,1,,,25,27,0,12,1
b226,3,3,2,3,2,,,26,28,0,15,1
b226,3,3,3,4,3,,,27,29,0,15,1
b227,0,0,0,1,1,,,12,14,0,7,1
b227,0,0,1,2,1,,,13,15,0,6,1
b227,0,0,2,3,2,,,14,16,0,8,1
b227,0,0,3,4,3,,,15,17,0,8,1
b227,1,0,0,2,1,,,16,18,0,13,1
b227,1,0,1,2,1,,,17,19,0,9,1
b227,1,0,2,3,2,,,18,20,0,14,1
b227,1,0,3,4,3,,,19,21,0,14,1
b227,1,1,0,2,1,,,16,18,0,14,1
b227,1,1,1,2,1,,,17,19,0,8,1
b227,1,1,2,3,2,,,18,20,0,10,1
b227,1,1,3,4,3,,,19,21,0,10,1
b227,2,0,0,2,1,,,20,22,0,17,1
b227,2,0,1,2,1,,,21,23,0,12,1
b227,2,0,2,3,2,,,22,24,0,18,1
b227,2,0,3,4,3,,,23,25,0,18,1
b227,2,1,0,2,1,,,20,22,0,18,1
b227,2,1,1,2,1,,,21,23,0,11,1
b227,2,1,2,3,2,,,22,24,0,18,1
b227,2,1,3,4,3,,,23,25,0,18,1
b227,2,2,0,2,1,,,20,22,0,18,1
b227,2,2,1,2,1,,,21,23,0,10,1
b227,2,2,2,3,2,,,22,24,0,12,1
b227,2,2,3,4,3,,,23,25,0,12,1
b227,3,0,0,2,1,,,24,26,0,21,1
b227,3,0,1,2,1,,,25,27,0,15,1
b227,3,0,2,3,2,,,26,28,0,22,1
b227,3,0,3,4,3,,,27,29,0,22,1
b227,3,1,0,2,1,,,24,26,0,22,1
b227,3,1,1,2,1,,,25,27,0,14,1
b227,3,1,2,3,2,,,26,28,0,22,1
b227,3,1,3,4,3,,,27,29,0,22,1
b227,3,2,0,2,1,,,24,26,0,22,1
b227,3,2,1,2,1,,,25,27,0,13,1
b227,3,2,2,3,2,,,26,28,0,22,1
b227,3,2,3,4,3,,,27,29,0,22,1
b227,3,3,0,2,1,,,24,26,0,22,1
b227,3,3,1,2,1,,,25,27,0,12,1
b227,3,3,2,3,2,,,26,28,0,14,1
b227,3,3,3,4,3,,,27,29,0,14,1
b228,0,0,0,2,1,,,12,14,0,9,1
b228,0,0,1,2,1,,,13,15,0,6,1
b228,0,0,2,3,2,,,14,16,0,7,1
b228,0,0,3,4,3,,,15,17,0,7,1
b228,1,0,0,2,1,,,16,18,0,13,1
b228,1,0,1,2,1,,,17,19,0,9,1
b228,1,0,2,3,2,,,18,20,0,13,1
b228,1,0,3,4,3,,,19,21,0,13,1
b228,1,1,0,2,1,,,16,18,0,13,1
b228,1,1,1,2,1,,,17,19,0,8,1
b228,1,1,2,3,2,,,18,20,0,9,1
b228,1,1,3,4,3,,,19,21,0,9,1
b228,2,0,0,2,1,,,20,22,0,17,1
b228,2,0,1,2,1,,,21,23,0,12,1
b228,2,0,2,3,2,,,22,24,0,17,1
b228,2,0,3,4,3,,,23,25,0,17,1
b228,2,1,0,2,1,,,20,22,0,17,1
b228,2,1,1,2,1,,,21,23,0,11,1
b228,2,1,2,3,2,,,22,24,0,17,1
b228,2,1,3,4,3,,,23,25,0,17,1
b228,2,2,0,2,1,,,20,22,0,17,1
b228,2,2,1,2,1,,,21,23,0,10,1
b228,2,2,2,3,2,,,22,24,0,11,1
b228,2,2,3,4,3,,,23,25,0,11,1
b228,3,0,0,2,1,,,24,26,0,21,1
b228,3,0,1,2,1,,,25,27,0,15,1
b228,3,0,2,3,2,,,26,28,0,21,1
b228,3,0,3,4,3,,,27,29,0,21,1
b228,3,1,0,2,1,,,24,26,0,21,1
b228,3,1,1,2,1,,,25,27,0,14,1
b228,3,1,2,3,2,,,26,28,0,21,1
b228,3,1,3,4,3,,,27,29,0,21,1
b228,3,2,0,2,1,,,24,26,0,21,1
b228,3,2,1,2,1,,,25,27,0,13,1
b228,3,2,2,3,2,,,26,28,0,21,1
b228,3,2,3,4,3,,,27,29,0,21,1
b228,3,3,0,2,1,,,24,26,0,21,1
b228,3,3,1,2,1,,,25,27,0,12,1
b228,3,3,2,3,2,,,26,28,0,13,1
b228,3,3,3,4,3,,,27,29,0,13,1
b229,0,0,0,2,1,,,12,14,0,32,1
b229,0,0,1,2,1,,,13,15,0,33,1
b229,0,0,2,3,2,,,14,16,0,36,1
b229,0,0,3,4,3,,,15,17,0,38,1
b229,1,0,0,3,1,,,16,18,0,43,1
b229,1,0,1,3,1,,,17,19,0,44,1
b229,1,0,2,3,2,,,18,20,0,46,1
b229,1,0,3,4,3,,,19,21,0,49,1
b229,1,1,0,3,1,,,16,18,0,43,1
b229,1,1,1,3,1,,,17,19,0,44,1
b229,1,1,2,3,2,,,18,20,0,47,1
b229,1,1,3,4,3,,,19,21,0,49,1
b229,2,0,0,4,1,,,20,22,0,54,1
b229,2,0,1,4,1,,,21,23,0,55,1
b229,2,0,2,4,2,,,22,24,0,57,1
b229,2,0,3,4,3,,,23,25,0,59,1
b229,2,1,0,4,1,,,20,22,0,54,1
b229,2,1,1,4,1,,,21,23,0,55,1
b229,2,1,2,4,2,,,22,24,0,58,1
b229,2,1,3,4,3,,,23,25,0,60,1
b229,2,2,0,4,1,,,20,22,0,54,1
b229,2,2,1,4,1,,,21,23,0,55,1
b229,2,2,2,4,2,,,22,24,0,58,1
b229,2,2,3,4,3,,,23,25,0,60,1
b229,3,0,0,5,1,,,24,26,0,65,1
b229,3,0,1,5,1,,,25,27,0,66,1
b229,3,0,2,5,2,,,26,28,0,68,1
b229,3,0,3,5,3,,,27,29,0,70,1
b229,3,1,0,5,1,,,24,26,0,65,1
b229,3,1,1,5,1,,,25,27,0,66,1
b229,3,1,2,5,2,,,26,28,0,69,1
b229,3,1,3,5,3,,,27,29,0,71,1
b229,3,2,0,5,1,,,24,26,0,65,1
b229,3,2,1,5,1,,,25,27,0,66,1
b229,3,2,2,5,2,,,26,28,0,69,1
b229,3,2,3,5,3,,,27,29,0,71,1
b229,3,3,0,5,1,,,24,26,0,65,1
b229,3,3,1,5,1,,,25,27,0,66,1
b229,3,3,2,5,2,,,26,28,0,69,1
b229,3,3,3,5,3,,,27,29,0,71,1
b230,0,0,0,2,1,,,12,14,0,9,1
b230,0,0,1,2,1,,,13,15,0,8,1
b230,0,0,2,3,2,,,14,16,0,9,1
b230,0,0,3,4,3,,,15,17,0,9,1
b230,1,0,0,3,1,,,16,18,0,16,1
b230,1,0,1,3,1,,,17,19,0,15,1
b230,1,0,2,3,2,,,18,20,0,15,1
b230,1,0,3,4,3,,,19,21,0,16,1
b230,1,1,0,3,1,,,16,18,0,16,1
b230,1,1,1,3,1,,,17,19,0,15,1
b230,1,1,2,3,2,,,18,20,0,11,1
b230,1,1,3,4,3,,,19,21,0,11,1
b230,2,0,0,3,1,,,20,22,0,20,1
b230,2,0,1,3,1,,,21,23,0,19,1
b230,2,0,2,3,2,,,22,24,0,19,1
b230,2,0,3,4,3,,,23,25,0,20,1
b230,2,1,0,3,1,,,20,22,0,20,1
b230,2,1,1,3,1,,,21,23,0,19,1
b230,2,1,2,3,2,,,22,24,0,20,1
b230,2,1,3,4,3,,,23,25,0,20,1
b230,2,2,0,3,1,,,20,22,0,20,1
b230,2,2,1,3,1,,,21,23,0,19,1
b230,2,2,2,3,2,,,22,24,0,13,1
b230,2,2,3,4,3,,,23,25,0,13,1
b230,3,0,0,3,1,,,24,26,0,24,1
b230,3,0,1,3,1,,,25,27,0,23,1
b230,3,0,2,3,2,,,26,28,0,23,1
b230,3,0,3,4,3,,,27,29,0,24,1
b230,3,1,0,3,1,,,24,26,0,24,1
b230,3,1,1,3,1,,,25,27,0,23,1
b230,3,1,2,3,2,,,26,28,0,24,1
b230,3,1,3,4,3,,,27,29,0,24,1
b230,3,2,0,3,1,,,24,26,0,24,1
b230,3,2,1,3,1,,,25,27,0,23,1
b230,3,2,2,3,2,,,26,28,0,24,1
b230,3,2,3,4,3,,,27,29,0,24,1
b230,3,3,0,3,1,,,24,26,0,24,1
b230,3,3,1,3,1,,,25,27,0,23,1
b230,3,3,2,3,2,,,26,28,0,15,1
b230,3,3,3,4,3,,,27,29,0,15,1
b231,0,0,0,2,1,,,12,14,0,9,1
b231,0,0,1,2,1,,,13,15,0,6,1
b231,0,0,2,3,2,,,14,16,0,7,1
b231,0,0,3,4,3,,,15,17,0,7,1
b231,1,0,0,2,1,,,16,18,0,13,1
b231,1,0,1,2,1,,,17,19,0,9,1
b231,1,0,2,3,2,,,18,20,0,13,1
b231,1,0,3,4,3,,,19,21,0,13,1
b231,1,1,0,2,1,,,16,18,0,13,1
b231,1,1,1,2,1,,,17,19,0,8,1
b231,1,1,2,3,2,,,18,20,0,9,1
b231,1,1,3,4,3,,,19,21,0,9,1
b231,2,0,0,2,1,,,20,22,0,17,1
b231,2,0,1,2,1,,,21,23,0,12,1
b231,2,0,2,3,2,,,22,24,0,17,1
b231,2,0,3,4,3,,,23,25,0,17,1
b231,2,1,0,2,1,,,20,22,0,17,1
b231,2,1,1,2,1,,,21,23,0,11,1
b231,2,1,2,3,2,,,22,24,0,17,1
b231,2,1,3,4,3,,,23,25,0,17,1
b231,2,2,0,2,1,,,20,22,0,17,1
b231,2,2,1,2,1,,,21,23,0,10,1
b231,2,2,2,3,2,,,22,24,0,11,1
b231,2,2,3,4,3,,,23,25,0,11,1
b231,3,0,0,2,1,,,24,26,0,21,1
b231,3,0,1,2,1,,,25,27,0,15,1
b231,3,0,2,3,2,,,26,28,0,21,1
b231,3,0,3,4,3,,,27,29,0,21,1
b231,3,1,0,2,1,,,24,26,0,21,1
b231,3,1,1,2,1,,,25,27,0,14,1
b231,3,1,2,3,2,,,26,28,0,21,1
b231,3,1,3,4,3,,,27,29,0,21,1
b231,3,2,0,2,1,,,24,26,0,21,1
b231,3,2,1,2,1,,,25,27,0,13,1
b231,3,2,2,3,2,,,26,28,0,21,1
b231,3,2,3,4,3,,,27,29,0,21,1
b231,3,3,0,2,1,,,24,26,0,21,1
b231,3,3,1,2,1,,,25,27,0,12,1
b231,3,3,2,3,2,,,26,28,0,13,1
b231,3,3,3,4,3,,,27,29,0,13,1
b232,0,0,0,2,1,,,12,14,0,9,1
b232,0,0,1,2,1,,,13,15,0,6,1
b232,0,0,2,3,2,,,14,16,0,7,1
b232,0,0,3,4,3,,,15,17,0,7,1
b232,1,0,0,2,1,,,16,18,0,13,1
b232,1,0,1,2,1,,,17,19,0,9,1
b232,1,0,2,3,2,,,18,20,0,13,1
b232,1,0,3,4,3,,,19,21,0,13,1
b232,1,1,0,2,1,,,16,18,0,13,1
b232,1,1,1,2,1,,,17,19,0,8,1
b232,1,1,2,3,2,,,18,20,0,9,1
b232,1,1,3,4,3,,,19,21,0,9,1
b232,2,0,0,2,1,,,20,22,0,17,1
b232,2,0,1,2,1,,,21,23,0,12,1
b232,2,0,2,3,2,,,22,24,0,17,1
b232,2,0,3,4,3,,,23,25,0,17,1
b232,2,1,0,2,1,,,20,22,0,17,1
b232,2,1,1,2,1,,,21,23,0,11,1
b232,2,1,2,3,2,,,22,24,0,17,1
b232,2,1,3,4,3,,,23,25,0,17,1
b232,2,2,0,2,1,,,20,22,0,17,1
b232,2,2,1,2,1,,,21,23,0,10,1
b232,2,2,2,3,2,,,22,24,0,11,1
b232,2,2,3,4,3,,,23,25,0,11,1
b232,3,0,0,2,1,,,24,26,0,21,1
b232,3,0,1,2,1,,,25,27,0,15,1
b232,3,0,2,3,2,,,26,28,0,21,1
b232,3,0,3,4,3,,,27,29,0,21,1
b232,3,1,0,2,1,,,24,26,0,21,1
b232,3,1,1,2,1,,,25,27,0,14,1
b232,3,1,2,3,2,,,26,28,0,21,1
b232,3,1,3,4,3,,,27,29,0,21,1
b232,3,2,0,2,1,,,24,26,0,21,1
b232,3,2,1,2,1,,,25,27,0,13,1
b232,3,2,2,3,2,,,26,28,0,21,1
b232,3,2,3,4,3,,,27,29,0,21,1
b232,3,3,0,2,1,,,24,26,0,21,1
b232,3,3,1,2,1,,,25,27,0,12,1
b232,3,3,2,3,2,,,26,28,0,13,1
b232,3,3,3,4,3,,,27,29,0,13,1
b233,0,0,0,2,1,,,12,14,0,20,1
b233,0,0,1,2,1,,,13,15,0,20,1
b233,0,0,2,3,2,,,14,16,0,22,1
b233,0,0,3,4,3,,,15,17,0,23,1
b233,1,0,0,2,1,,,16,18,0,26,1
b233,1,0,1,2,1,,,17,19,0,26,1
b233,1,0,2,3,2,,,18,20,0,28,1
b233,1,0,3,4,3,,,19,21,0,29,1
b233,1,1,0,2,1,,,16,18,0,26,1
b233,1,1,1,2,1,,,17,19,0,26,1
b233,1,1,2,3,2,,,18,20,0,28,1
b233,1,1,3,4,3,,,19,21,0,29,1
b233,2,0,0,2,1,,,20,22,0,32,1
b233,2,0,1,2,1,,,21,23,0,32,1
b233,2,0,2,3,2,,,22,24,0,34,1
b233,2,0,3,4,3,,,23,25,0,35,1
b233,2,1,0,2,1,,,20,22,0,32,1
b233,2,1,1,2,1,,,21,23,0,32,1
b233,2,1,2,3,2,,,22,24,0,34,1
b233,2,1,3,4,3,,,23,25,0,35,1
b233,2,2,0,2,1,,,20,22,0,32,1
b233,2,2,1,2,1,,,21,23,0,32,1
b233,2,2,2,3,2,,,22,24,0,34,1
b233,2,2,3,4,3,,,23,25,0,35,1
b233,3,0,0,3,1,,,24,26,0,38,1
b233,3,0,1,3,1,,,25,27,0,38,1
b233,3,0,2,3,2,,,26,28,0,40,1
b233,3,0,3,4,3,,,27,29,0,41,1
b233,3,1,0,3,1,,,24,26,0,38,1
b233,3,1,1,3,1,,,25,27,0,38,1
b233,3,1,2,3,2,,,26,28,0,40,1
b233,3,1,3,4,3,,,27,29,0,41,1
b233,3,2,0,3,1,,,24,26,0,38,1
b233,3,2,1,3,1,,,25,27,0,38,1
b233,3,2,2,3,2,,,26,28,0,40,1
b233,3,2,3,4,3,,,27,29,0,41,1
b233,3,3,0,3,1,,,24,26,0,38,1
b233,3,3,1,3,1,,,25,27,0,38,1
b233,3,3,2,3,2,,,26,28,0,40,1
b233,3,3,3,4,3,,,27,29,0,41,1
b234,0,0,0,2,1,,,12,14,0,9,1
b234,0,0,1,2,1,,,13,15,0,6,1
b234,0,0,2,3,2,,,14,16,0,8,1
b234,0,0,3,4,3,,,15,17,0,8,1
b234,1,0,0,2,1,,,16,18,0,13,1
b234,1,0,1,2,1,,,17,19,0,9,1
b234,1,0,2,3,2,,,18,20,0,14,1
b234,1,0,3,4,3,,,19,21,0,14,1
b234,1,1,0,2,1,,,16,18,0,13,1
b234,1,1,1,2,1,,,17,19,0,8,1
b234,1,1,2,3,2,,,18,20,0,10,1
b234,1,1,3,4,3,,,19,21,0,10,1
b234,2,0,0,2,1,,,20,22,0,17,1
b234,2,0,1,2,1,,,21,23,0,12,1
b234,2,0,2,3,2,,,22,24,0,18,1
b234,2,0,3,4,3,,,23,25,0,18,1
b234,2,1,0,2,1,,,20,22,0,17,1
b234,2,1,1,2,1,,,21,23,0,11,1
b234,2,1,2,3,2,,,22,24,0,18,1
b234,2,1,3,4,3,,,23,25,0,18,1
b234,2,2,0,2,1,,,20,22,0,17,1
b234,2,2,1,2,1,,,21,23,0,10,1
b234,2,2,2,3,2,,,22,24,0,12,1
b234,2,2,3,4,3,,,23,25,0,12,1
b234,3,0,0,2,1,,,24,26,0,21,1
b234,3,0,1,2,1,,,25,27,0,15,1
b234,3,0,2,3,2,,,26,28,0,22,1
b234,3,0,3,4,3,,,27,29,0,22,1
b234,3,1,0,2,1,,,24,26,0,21,1
b234,3,1,1,2,1,,,25,27,0,14,1
b234,3,1,2,3,2,,,26,28,0,22,1
b234,3,1,3,4,3,,,27,29,0,22,1
b234,3,2,0,2,1,,,24,26,0,21,1
b234,3,2,1,2,1,,,25,27,0,13,1
b234,3,2,2,3,2,,,26,28,0,22,1
b234,3,2,3,4,3,,,27,29,0,22,1
b234,3,3,0,2,1,,,24,26,0,21,1
b234,3,3,1,2,1,,,25,27,0,12,1
b234,3,3,2,3,2,,,26,28,0,14,1
b234,3,3,3,4,3,,,27,29,0,14,1
b235,0,0,0,2,1,,,12,14,0,9,1
b235,0,0,1,2,1,,,13,15,0,6,1
b235,0,0,2,3,2,,,14,16,0,7,1
b235,0,0,3,4,3,,,15,17,0,7,1
b235,1,0,0,2,1,,,16,18,0,13,1
b235,1,0,1,2,1,,,17,19,0,9,1
b235,1,0,2,3,2,,,18,20,0,13,1
b235,1,0,3,4,3,,,19,21,0,13,1
b235,1,1,0,2,1,,,16,18,0,13,1
b235,1,1,1,2,1,,,17,19,0,8,1
b235,1,1,2,3,2,,,18,20,0,9,1
b235,1,1,3,4,3,,,19,21,0,9,1
b235,2,0,0,2,1,,,20,22,0,17,1
b235,2,0,1,2,1,,,21,23,0,12,1
b235,2,0,2,3,2,,,22,24,0,17,1
b235,2,0,3,4,3,,,23,25,0,17,1
b235,2,1,0,2,1,,,20,22,0,17,1
b235,2,1,1,2,1,,,21,23,0,11,1
b235,2,1,2,3,2,,,22,24,0,17,1
b235,2,1,3,4,3,,,23,25,0,17,1
b235,2,2,0,2,1,,,20,22,0,17,1
b235,2,2,1,2,1,,,21,23,0,10,1
b235,2,2,2,3,2,,,22,24,0,11,1
b235,2,2,3,4,3,,,23,25,0,11,1
b235,3,0,0,2,1,,,24,26,0,21,1
b235,3,0,1,2,1,,,25,27,0,15,1
b235,3,0,2,3,2,,,26,28,0,21,1
b235,3,0,3,4,3,,,27,29,0,21,1
b235,3,1,0,2,1,,,24,26,0,21,1
b235,3,1,1,2,1,,,25,27,0,14,1
b235,3,1,2,3,2,,,26,28,0,21,1
b235,3,1,3,4,3,,,27,29,0,21,1
b235,3,2,0,2,1,,,24,26,0,21,1
b235,3,2,1,2,1,,,25,27,0,13,1
b235,3,2,2,3,2,,,26,28,0,21,1
b235,3,2,3,4,3,,,27,29,0,21,1
b235,3,3,0,2,1,,,24,26,0,21,1
b235,3,3,1,2,1,,,25,27,0,12,1
b235,3,3,2,3,2,,,26,28,0,13,1
b235,3,3,3,4,3,,,27,29,0,13,1
b236,0,0,0,1,1,,,12,14,0,7,1
b236,0,0,1,2,1,,,13,15,0,6,1
b236,0,0,2,3,2,,,14,16,0,8,1
b236,0,0,3,4,3,,,15,17,0,8,1
b236,1,0,0,2,1,,,16,18,0,13,1
b236,1,0,1,2,1,,,17,19,0,9,1
b236,1,0,2,3,2,,,18,20,0,14,1
b236,1,0,3,4,3,,,19,21,0,14,1
b236,1,1,0,2,1,,,16,18,0,14,1
b236,1,1,1,2,1,,,17,19,0,8,1
b236,1,1,2,3,2,,,18,20,0,10,1
b236,1,1,3,4,3,,,19,21,0,10,1
b236,2,0,0,2,1,,,20,22,0,17,1
b236,2,0,1,2,1,,,21,23,0,12,1
b236,2,0,2,3,2,,,22,24,0,18,1
b236,2,0,3,4,3,,,23,25,0,18,1
b236,2,1,0,2,1,,,20,22,0,18,1
b236,2,1,1,2,1,,,21,23,0,11,1
b236,2,1,2,3,2,,,22,24,0,18,1
b236,2,1,3,4,3,,,23,25,0,18,1
b236,2,2,0,2,1,,,20,22,0,18,1
b236,2,2,1,2,1,,,21,23,0,10,1
b236,2,2,2,3,2,,,22,24,0,12,1
b236,2,2,3,4,3,,,23,25,0,12,1
b236,3,0,0,2,1,,,24,26,0,21,1
b236,3,0,1,2,1,,,25,27,0,15,1
b236,3,0,2,3,2,,,26,28,0,22,1
b236,3,0,3,4,3,,,27,29,0,22,1
b236,3,1,0,2,1,,,24,26,0,22,1
b236,3,1,1,2,1,,,25,27,0,14,1
b236,3,1,2,3,2,,,26,28,0,22,1
b236,3,1,3,4,3,,,27,29,0,22,1
b236,3,2,0,2,1,,,24,26,0,22,1
b236,3,2,1,2,1,,,25,27,0,13,1
b236,3,2,2,3,2,,,26,28,0,22,1
b236,3,2,3,4,3,,,27,29,0,22,1
b236,3,3,0,2,1,,,24,26,0,22,1
b236,3,3,1,2,1,,,25,27,0,12,1
b236,3,3,2,3,2,,,26,28,0,14,1
b236,3,3,3,4,3,,,27,29,0,14,1
b237,0,0,0,1,1,,,12,14,0,20,1
b237,0,0,1,2,1,,,13,15,0,22,1
b237,0,0,2,3,2,,,14,16,0,23,1
b237,0,0,3,4,3,,,15,17,0,24,1
b237,1,0,0,2,1,,,16,18,0,26,1
b237,1,0,1,2,1,,,17,19,0,28,1
b237,1,0,2,3,2,,,18,20,0,29,1
b237,1,0,3,4,3,,,19,21,0,30,1
b237,1,1,0,2,1,,,16,18,0,27,1
b237,1,1,1,2,1,,,17,19,0,27,1
b237,1,1,2,3,2,,,18,20,0,29,1
b237,1,1,3,4,3,,,19,21,0,30,1
b237,2,0,0,3,1,,,20,22,0,32,1
b237,2,0,1,3,1,,,21,23,0,34,1
b237,2,0,2,3,2,,,22,24,0,35,1
b237,2,0,3,4,3,,,23,25,0,36,1
b237,2,1,0,3,1,,,20,22,0,33,1
b237,2,1,1,3,1,,,21,23,0,33,1
b237,2,1,2,3,2,,,22,24,0,35,1
b237,2,1,3,4,3,,,23,25,0,36,1
b237,2,2,0,3,1,,,20,22,0,33,1
b237,2,2,1,3,1,,,21,23,0,33,1
b237,2,2,2,3,2,,,22,24,0,35,1
b237,2,2,3,4,3,,,23,25,0,36,1
b237,3,0,0,4,1,,,24,26,0,38,1
b237,3,0,1,4,1,,,25,27,0,40,1
b237,3,0,2,4,2,,,26,28,0,41,1
b237,3,0,3,4,3,,,27,29,0,42,1
b237,3,1,0,4,1,,,24,26,0,39,1
b237,3,1,1,4,1,,,25,27,0,39,1
b237,3,1,2,4,2,,,26,28,0,41,1
b237,3,1,3,4,3,,,27,29,0,42,1
b237,3,2,0,4,1,,,24,26,0,39,1
b237,3,2,1,4,1,,,25,27,0,39,1
b237,3,2,2,4,2,,,26,28,0,41,1
b237,3,2,3,4,3,,,27,29,0,42,1
b237,3,3,0,4,1,,,24,26,0,39,1
b237,3,3,1,4,1,,,25,27,0,39,1
b237,3,3,2,4,2,,,26,28,0,41,1
b237,3,3,3,4,3,,,27,29,0,42,1
b238,0,0,0,1,1,,,12,14,0,6,1
b238,0,0,1,2,1,,,13,15,0,7,1
b238,0,0,2,3,2,,,14,16,0,9,1
b238,0,0,3,4,3,,,15,17,0,9,1
b238,1,0,0,2,1,,,16,18,0,12,1
b238,1,0,1,2,1,,,17,19,0,9,1
b238,1,0,2,3,2,,,18,20,0,15,1
b238,1,0,3,4,3,,,19,21,0,15,1
b238,1,1,0,2,1,,,16,18,0,13,1
b238,1,1,1,2,1,,,17,19,0,8,1
b238,1,1,2,3,2,,,18,20,0,11,1
b238,1,1,3,4,3,,,19,21,0,11,1
b238,2,0,0,2,1,,,20,22,0,16,1
b238,2,0,1,2,1,,,21,23,0,12,1
b238,2,0,2,3,2,,,22,24,0,19,1
b238,2,0,3,4,3,,,23,25,0,19,1
b238,2,1,0,2,1,,,20,22,0,17,1
b238,2,1,1,2,1,,,21,23,0,11,1
b238,2,1,2,3,2,,,22,24,0,19,1
b238,2,1,3,4,3,,,23,25,0,19,1
b238,2,2,0,2,1,,,20,22,0,17,1
b238,2,2,1,2,1,,,21,23,0,10,1
b238,2,2,2,3,2,,,22,24,0,13,1
b238,2,2,3,4,3,,,23,25,0,13,1
b238,3,0,0,2,1,,,24,26,0,20,1
b238,3,0,1,2,1,,,25,27,0,15,1
b238,3,0,2,3,2,,,26,28,0,23,1
b238,3,0,3,4,3,,,27,29,0,23,1
b238,3,1,0,2,1,,,24,26,0,21,1
b238,3,1,1,2,1,,,25,27,0,14,1
b238,3,1,2,3,2,,,26,28,0,23,1
b238,3,1,3,4,3,,,27,29,0,23,1
b238,3,2,0,2,1,,,24,26,0,21,1
b238,3,2,1,2,1,,,25,27,0,13,1
b238,3,2,2,3,2,,,26,28,0,23,1
b238,3,2,3,4,3,,,27,29,0,23,1
b238,3,3,0,2,1,,,24,26,0,21,1
b238,3,3,1,2,1,,,25,27,0,12,1
b238,3,3,2,3,2,,,26,28,0,15,1
b238,3,3,3,4,3,,,27,29,0,15,1
b239,0,0,0,1,1,,,12,14,0,7,1
b239,0,0,1,2,1,,,13,15,0,6,1
b239,0,0,2,3,2,,,14,16,0,8,1
b239,0,0,3,4,3,,,15,17,0,8,1
b239,1,0,0,2,1,,,16,18,0,13,1
b239,1,0,1,2,1,,,17,19,0,9,1
b239,1,0,2,3,2,,,18,20,0,14,1
b239,1,0,3,4,3,,,19,21,0,14,1
b239,1,1,0,2,1,,,16,18,0,14,1
b239,1,1,1,2,1,,,17,19,0,8,1
b239,1,1,2,3,2,,,18,20,0,10,1
b239,1,1,3,4,3,,,19,21,0,10,1
b239,2,0,0,2,1,,,20,22,0,17,1
b239,2,0,1,2,1,,,21,23,0,12,1
b239,2,0,2,3,2,,,22,24,0,18,1
b239,2,0,3,4,3,,,23,25,0,18,1
b239,2,1,0,2,1,,,20,22,0,18,1
b239,2,1,1,2,1,,,21,23,0,11,1
b239,2,1,2,3,2,,,22,24,0,18,1
b239,2,1,3,4,3,,,23,25,0,18,1
b239,2,2,0,2,1,,,20,22,0,18,1
b239,2,2,1,2,1,,,21,23,0,10,1
b239,2,2,2,3,2,,,22,24,0,12,1
b239,2,2,3,4,3,,,23,25,0,12,1
b239,3,0,0,2,1,,,24,26,0,21,1
b239,3,0,1,2,1,,,25,27,0,15,1
b239,3,0,2,3,2,,,26,28,0,22,1
b239,3,0,3,4,3,,,27,29,0,22,1
b239,3,1,0,2,1,,,24,26,0,22,1
b239,3,1,1,2,1,,,25,27,0,14,1
b239,3,1,2,3,2,,,26,28,0,22,1
b239,3,1,3,4,3,,,27,29,0,22,1
b239,3,2,0,2,1,,,24,26,0,22,1
b239,3,2,1,2,1,,,25,27,0,13,1
b239,3,2,2,3,2,,,26,28,0,22,1
b239,3,2,3,4,3,,,27,29,0,22,1
b239,3,3,0,2,1,,,24,26,0,22,1
b239,3,3,1,2,1,,,25,27,0,12,1
b239,3,3,2,3,2,,,26,28,0,14,1
b239,3,3,3,4,3,,,27,29,0,14,1
b240,0,0,0,1,1,,,12,14,0,5,1
b240,0,0,1,2,2,,,13,15,0,5,1
b240,0,0,2,3,3,,,14,16,0,5,1
b240,0,0,3,4,4,,,15,17,0,5,1
b240,1,0,0,1,1,,,16,18,0,7,1
b240,1,0,1,2,2,,,17,19,0,7,1
b240,1,0,2,3,3,,,18,20,0,7,1
b240,1,0,3,4,4,,,19,21,0,7,1
b240,1,1,0,1,1,,,16,18,0,7,1
b240,1,1,1,2,2,,,17,19,0,7,1
b240,1,1,2,3,3,,,18,20,0,7,1
b240,1,1,3,4,4,,,19,21,0,7,1
b240,2,0,0,1,1,,,20,22,0,9,1
b240,2,0,1,2,2,,,21,23,0,9,1
b240,2,0,2,3,3,,,22,24,0,9,1
b240,2,0,3,4,4,,,23,25,0,9,1
b240,2,1,0,1,1,,,20,22,0,9,1
b240,2,1,1,2,2,,,21,23,0,9,1
b240,2,1,2,3,3,,,22,24,0,9,1
b240,2,1,3,4,4,,,23,25,0,9,1
b240,2,2,0,1,1,,,20,22,0,9,1
b240,2,2,1,2,2,,,21,23,0,9,1
b240,2,2,2,3,3,,,22,24,0,9,1
b240,2,2,3,4,4,,,23,25,0,9,1
b240,3,0,0,1,1,,,24,26,0,11,1
b240,3,0,1,2,2,,,25,27,0,11,1
b240,3,0,2,3,3,,,26,28,0,11,1
b240,3,0,3,4,4,,,27,29,0,11,1
b240,3,1,0,1,1,,,24,26,0,11,1
b240,3,1,1,2,2,,,25,27,0,11,1
b240,3,1,2,3,3,,,26,28,0,11,1
b240,3,1,3,4,4,,,27,29,0,11,1
b240,3,2,0,1,1,,,24,26,0,11,1
b240,3,2,1,2,2,,,25,27,0,11,1
b240,3,2,2,3,3,,,26,28,0,11,1
b240,3,2,3,4,4,,,27,29,0,11,1
b240,3,3,0,1,1,,,24,26,0,11,1
b240,3,3,1,2,2,,,25,27,0,11,1
b240,3,3,2,3,3,,,26,28,0,11,1
b240,3,3,3,4,4,,,27,29,0,11,1
b241,0,0,0,1,1,,,12,14,0,19,1
b241,0,0,1,2,2,,,13,15,0,21,1
b241,0,0,2,3,3,,,14,16,0,22,1
b241,0,0,3,4,4,,,15,17,0,23,1
b241,1,0,0,1,1,,,16,18,0,25,1
b241,1,0,1,2,2,,,17,19,0,27,1
b241,1,0,2,3,3,,,18,20,0,28,1
b241,1,0,3,4,4,,,19,21,0,29,1
b241,1,1,0,1,1,,,16,18,0,25,1
b241,1,1,1,2,2,,,17,19,0,27,1
b241,1,1,2,3,3,,,18,20,0,28,1
b241,1,1,3,4,4,,,19,21,0,29,1
b241,2,0,0,2,1,,,20,22,0,31,1
b241,2,0,1,2,2,,,21,23,0,33,1
b241,2,0,2,3,3,,,22,24,0,34,1
b241,2,0,3,4,4,,,23,25,0,35,1
b241,2,1,0,2,1,,,20,22,0,31,1
b241,2,1,1,2,2,,,21,23,0,33,1
b241,2,1,2,3,3,,,22,24,0,34,1
b241,2,1,3,4,4,,,23,25,0,35,1
b241,2,2,0,2,1,,,20,22,0,31,1
b241,2,2,1,2,2,,,21,23,0,33,1
b241,2,2,2,3,3,,,22,24,0,34,1
b241,2,2,3,4,4,,,23,25,0,35,1
b241,3,0,0,3,1,,,24,26,0,37,1
b241,3,0,1,3,2,,,25,27,0,39,1
b241,3,0,2,3,3,,,26,28,0,40,1
b241,3,0,3,4,4,,,27,29,0,41,1
b241,3,1,0,3,1,,,24,26,0,37,1
b241,3,1,1,3,2,,,25,27,0,39,1
b241,3,1,2,3,3,,,26,28,0,40,1
b241,3,1,3,4,4,,,27,29,0,41,1
b241,3,2,0,3,1,,,24,26,0,37,1
b241,3,2,1,3,2,,,25,27,0,39,1
b241,3,2,2,3,3,,,26,28,0,40,1
b241,3,2,3,4,4,,,27,29,0,41,1
b241,3,3,0,3,1,,,24,26,0,37,1
b241,3,3,1,3,2,,,25,27,0,39,1
b241,3,3,2,3,3,,,26,28,0,40,1
b241,3,3,3,4,4,,,27,29,0,41,1
b242,0,0,0,1,1,,,12,14,0,5,1
b242,0,0,1,2,2,,,13,15,0,6,1
b242,0,0,2,3,3,,,14,16,0,6,1
b242,0,0,3,4,4,,,15,17,0,6,1
b242,1,0,0,1,1,,,16,18,0,7,1
b242,1,0,1,2,2,,,17,19,0,8,1
b242,1,0,2,3,3,,,18,20,0,8,1
b242,1,0,3,4,4,,,19,21,0,8,1
b242,1,1,0,1,1,,,16,18,0,7,1
b242,1,1,1,2,2,,,17,19,0,8,1
b242,1,1,2,3,3,,,18,20,0,8,1
b242,1,1,3,4,4,,,19,21,0,8,1
b242,2,0,0,1,1,,,20,22,0,9,1
b242,2,0,1,2,2,,,21,23,0,10,1
b242,2,0,2,3,3,,,22,24,0,10,1
b242,2,0,3,4,4,,,23,25,0,10,1
b242,2,1,0,1,1,,,20,22,0,9,1
b242,2,1,1,2,2,,,21,23,0,10,1
b242,2,1,2,3,3,,,22,24,0,10,1
b242,2,1,3,4,4,,,23,25,0,10,1
b242,2,2,0,1,1,,,20,22,0,9,1
b242,2,2,1,2,2,,,21,23,0,10,1
b242,2,2,2,3,3,,,22,24,0,10,1
b242,2,2,3,4,4,,,23,25,0,10,1
b242,3,0,0,1,1,,,24,26,0,11,1
b242,3,0,1,2,2,,,25,27,0,12,1
b242,3,0,2,3,3,,,26,28,0,12,1
b242,3,0,3,4,4,,,27,29,0,12,1
b242,3,1,0,1,1,,,24,26,0,11,1
b242,3,1,1,2,2,,,25,27,0,12,1
b242,3,1,2,3,3,,,26,28,0,12,1
b242,3,1,3,4,4,,,27,29,0,12,1
b242,3,2,0,1,1,,,24,26,0,11,1
b242,3,2,1,2,2,,,25,27,0,12,1
b242,3,2,2,3,3,,,26,28,0,12,1
b242,3,2,3,4,4,,,27,29,0,12,1
b242,3,3,0,1,1,,,24,26,0,11,1
b242,3,3,1,2,2,,,25,27,0,12,1
b242,3,3,2,3,3,,,26,28,0,12,1
b242,3,3,3,4,4,,,27,29,0,12,1
b243,0,0,0,1,1,,,12,14,0,5,1
b243,0,0,1,2,2,,,13,15,0,5,1
b243,0,0,2,3,3,,,14,16,0,5,1
b243,0,0,3,4,4,,,15,17,0,5,1
b243,1,0,0,1,1,,,16,18,0,7,1
b243,1,0,1,2,2,,,17,19,0,7,1
b243,1,0,2,3,3,,,18,20,0,7,1
b243,1,0,3,4,4,,,19,21,0,7,1
b243,1,1,0,1,1,,,16,18,0,7,1
b243,1,1,1,2,2,,,17,19,0,7,1
b243,1,1,2,3,3,,,18,20,0,7,1
b243,1,1,3,4,4,,,19,21,0,7,1
b243,2,0,0,1,1,,,20,22,0,9,1
b243,2,0,1,2,2,,,21,23,0,9,1
b243,2,0,2,3,3,,,22,24,0,9,1
b243,2,0,3,4,4,,,23,25,0,9,1
b243,2,1,0,1,1,,,20,22,0,9,1
b243,2,1,1,2,2,,,21,23,0,9,1
b243,2,1,2,3,3,,,22,24,0,9,1
b243,2,1,3,4,4,,,23,25,0,9,1
b243,2,2,0,1,1,,,20,22,0,9,1
b243,2,2,1,2,2,,,21,23,0,9,1
b243,2,2,2,3,3,,,22,24,0,9,1
b243,2,2,3,4,4,,,23,25,0,9,1
b243,3,0,0,1,1,,,24,26,0,11,1
b243,3,0,1,2,2,,,25,27,0,11,1
b243,3,0,2,3,3,,,26,28,0,11,1
b243,3,0,3,4,4,,,27,29,0,11,1
b243,3,1,0,1,1,,,24,26,0,11,1
b243,3,1,1,2,2,,,25,27,0,11,1
b243,3,1,2,3,3,,,26,28,0,11,1
b243,3,1,3,4,4,,,27,29,0,11,1
b243,3,2,0,1,1,,,24,26,0,11,1
b243,3,2,1,2,2,,,25,27,0,11,1
b243,3,2,2,3,3,,,26,28,0,11,1
b243,3,2,3,4,4,,,27,29,0,11,1
b243,3,3,0,1,1,,,24,26,0,11,1
b243,3,3,1,2,2,,,25,27,0,11,1
b243,3,3,2,3,3,,,26,28,0,11,1
b243,3,3,3,4,4,,,27,29,0,11,1
b244,0,0,0,2,1,,,12,14,0,10,1
b244,0,0,1,2,2,,,13,15,0,5,1
b244,0,0,2,3,3,,,14,16,0,6,1
b244,0,0,3,4,4,,,15,17,0,6,1
b244,1,0,0,2,1,,,16,18,0,14,1
b244,1,0,1,2,2,,,17,19,0,7,1
b244,1,0,2,3,3,,,18,20,0,8,1
b244,1,0,3,4,4,,,19,21,0,8,1
b244,1,1,0,2,1,,,16,18,0,13,1
b244,1,1,1,2,2,,,17,19,0,8,1
b244,1,1,2,3,3,,,18,20,0,8,1
b244,1,1,3,4,4,,,19,21,0,8,1
b244,2,0,0,2,1,,,20,22,0,18,1
b244,2,0,1,2,2,,,21,23,0,9,1
b244,2,0,2,3,3,,,22,24,0,10,1
b244,2,0,3,4,4,,,23,25,0,10,1
b244,2,1,0,2,1,,,20,22,0,17,1
b244,2,1,1,2,2,,,21,23,0,10,1
b244,2,1,2,3,3,,,22,24,0,10,1
b244,2,1,3,4,4,,,23,25,0,10,1
b244,2,2,0,2,1,,,20,22,0,16,1
b244,2,2,1,2,2,,,21,23,0,10,1
b244,2,2,2,3,3,,,22,24,0,10,1
b244,2,2,3,4,4,,,23,25,0,10,1
b244,3,0,0,2,1,,,24,26,0,22,1
b244,3,0,1,2,2,,,25,27,0,11,1
b244,3,0,2,3,3,,,26,28,0,12,1
b244,3,0,3,4,4,,,27,29,0,12,1
b244,3,1,0,2,1,,,24,26,0,21,1
b244,3,1,1,2,2,,,25,27,0,12,1
b244,3,1,2,3,3,,,26,28,0,12,1
b244,3,1,3,4,4,,,27,29,0,12,1
b244,3,2,0,2,1,,,24,26,0,20,1
b244,3,2,1,2,2,,,25,27,0,12,1
b244,3,2,2,3,3,,,26,28,0,12,1
b244,3,2,3,4,4,,,27,29,0,12,1
b244,3,3,0,2,1,,,24,26,0,19,1
b244,3,3,1,2,2,,,25,27,0,12,1
b244,3,3,2,3,3,,,26,28,0,12,1
b244,3,3,3,4,4,,,27,29,0,12,1
b245,0,0,0,2,1,,,12,14,0,33,1
b245,0,0,1,2,2,,,13,15,0,34,1
b245,0,0,2,3,3,,,14,16,0,37,1
b245,0,0,3,4,4,,,15,17,0,39,1
b245,1,0,0,3,1,,,16,18,0,44,1
b245,1,0,1,3,2,,,17,19,0,45,1
b245,1,0,2,3,3,,,18,20,0,47,1
b245,1,0,3,4,4,,,19,21,0,50,1
b245,1,1,0,3,1,,,16,18,0,43,1
b245,1,1,1,3,2,,,17,19,0,46,1
b245,1,1,2,3,3,,,18,20,0,48,1
b245,1,1,3,4,4,,,19,21,0,50,1
b245,2,0,0,4,1,,,20,22,0,55,1
b245,2,0,1,4,2,,,21,23,0,56,1
b245,2,0,2,4,3,,,22,24,0,58,1
b245,2,0,3,4,4,,,23,25,0,60,1
b245,2,1,0,4,1,,,20,22,0,54,1
b245,2,1,1,4,2,,,21,23,0,57,1
b245,2,1,2,4,3,,,22,24,0,59,1
b245,2,1,3,4,4,,,23,25,0,61,1
b245,2,2,0,4,1,,,20,22,0,54,1
b245,2,2,1,4,2,,,21,23,0,57,1
b245,2,2,2,4,3,,,22,24,0,59,1
b245,2,2,3,4,4,,,23,25,0,61,1
b245,3,0,0,5,1,,,24,26,0,66,1
b245,3,0,1,5,2,,,25,27,0,67,1
b245,3,0,2,5,3,,,26,28,0,69,1
b245,3,0,3,5,4,,,27,29,0,71,1
b245,3,1,0,5,1,,,24,26,0,65,1
b245,3,1,1,5,2,,,25,27,0,68,1
b245,3,1,2,5,3,,,26,28,0,70,1
b245,3,1,3,5,4,,,27,29,0,72,1
b245,3,2,0,5,1,,,24,26,0,65,1
b245,3,2,1,5,2,,,25,27,0,68,1
b245,3,2,2,5,3,,,26,28,0,70,1
b245,3,2,3,5,4,,,27,29,0,72,1
b245,3,3,0,5,1,,,24,26,0,65,1
b245,3,3,1,5,2,,,25,27,0,68,1
b245,3,3,2,5,3,,,26,28,0,70,1
b245,3,3,3,5,4,,,27,29,0,72,1
b246,0,0,0,2,1,,,12,14,0,11,1
b246,0,0,1,2,2,,,13,15,0,9,1
b246,0,0,2,3,3,,,14,16,0,8,1
b246,0,0,3,4,4,,,15,17,0,8,1
b246,1,0,0,3,1,,,16,18,0,17,1
b246,1,0,1,3,2,,,17,19,0,16,1
b246,1,0,2,3,3,,,18,20,0,10,1
b246,1,0,3,4,4,,,19,21,0,11,1
b246,1,1,0,3,1,,,16,18,0,16,1
b246,1,1,1,3,2,,,17,19,0,17,1
b246,1,1,2,3,3,,,18,20,0,11,1
b246,1,1,3,4,4,,,19,21,0,11,1
b246,2,0,0,3,1,,,20,22,0,21,1
b246,2,0,1,3,2,,,21,23,0,20,1
b246,2,0,2,3,3,,,22,24,0,12,1
b246,2,0,3,4,4,,,23,25,0,13,1
b246,2,1,0,3,1,,,20,22,0,20,1
b246,2,1,1,3,2,,,21,23,0,21,1
b246,2,1,2,3,3,,,22,24,0,13,1
b246,2,1,3,4,4,,,23,25,0,13,1
b246,2,2,0,3,1,,,20,22,0,20,1
b246,2,2,1,3,2,,,21,23,0,21,1
b246,2,2,2,3,3,,,22,24,0,13,1
b246,2,2,3,4,4,,,23,25,0,13,1
b246,3,0,0,3,1,,,24,26,0,25,1
b246,3,0,1,3,2,,,25,27,0,24,1
b246,3,0,2,3,3,,,26,28,0,14,1
b246,3,0,3,4,4,,,27,29,0,15,1
b246,3,1,0,3,1,,,24,26,0,24,1
b246,3,1,1,3,2,,,25,27,0,25,1
b246,3,1,2,3,3,,,26,28,0,15,1
b246,3,1,3,4,4,,,27,29,0,15,1
b246,3,2,0,3,1,,,24,26,0,24,1
b246,3,2,1,3,2,,,25,27,0,25,1
b246,3,2,2,3,3,,,26,28,0,15,1
b246,3,2,3,4,4,,,27,29,0,15,1
b246,3,3,0,3,1,,,24,26,0,24,1
b246,3,3,1,3,2,,,25,27,0,25,1
b246,3,3,2,3,3,,,26,28,0,15,1
b246,3,3,3,4,4,,,27,29,0,15,1
b247,0,0,0,2,1,,,12,14,0,10,1
b247,0,0,1,2,2,,,13,15,0,5,1
b247,0,0,2,3,3,,,14,16,0,6,1
b247,0,0,3,4,4,,,15,17,0,6,1
b247,1,0,0,2,1,,,16,18,0,14,1
b247,1,0,1,2,2,,,17,19,0,7,1
b247,1,0,2,3,3,,,18,20,0,8,1
b247,1,0,3,4,4,,,19,21,0,8,1
b247,1,1,0,2,1,,,16,18,0,13,1
b247,1,1,1,2,2,,,17,19,0,8,1
b247,1,1,2,3,3,,,18,20,0,8,1
b247,1,1,3,4,4,,,19,21,0,8,1
b247,2,0,0,2,1,,,20,22,0,18,1
b247,2,0,1,2,2,,,21,23,0,9,1
b247,2,0,2,3,3,,,22,24,0,10,1
b247,2,0,3,4,4,,,23,25,0,10,1
b247,2,1,0,2,1,,,20,22,0,17,1
b247,2,1,1,2,2,,,21,23,0,10,1
b247,2,1,2,3,3,,,22,24,0,10,1
b247,2,1,3,4,4,,,23,25,0,10,1
b247,2,2,0,2,1,,,20,22,0,16,1
b247,2,2,1,2,2,,,21,23,0,10,1
b247,2,2,2,3,3,,,22,24,0,10,1
b247,2,2,3,4,4,,,23,25,0,10,1
b247,3,0,0,2,1,,,24,26,0,22,1
b247,3,0,1,2,2,,,25,27,0,11,1
b247,3,0,2,3,3,,,26,28,0,12,1
b247,3,0,3,4,4,,,27,29,0,12,1
b247,3,1,0,2,1,,,24,26,0,21,1
b247,3,1,1,2,2,,,25,27,0,12,1
b247,3,1,2,3,3,,,26,28,0,12,1
b247,3,1,3,4,4,,,27,29,0,12,1
b247,3,2,0,2,1,,,24,26,0,20,1
b247,3,2,1,2,2,,,25,27,0,12,1
b247,3,2,2,3,3,,,26,28,0,12,1
b247,3,2,3,4,4,,,27,29,0,12,1
b247,3,3,0,2,1,,,24,26,0,19,1
b247,3,3,1,2,2,,,25,27,0,12,1
b247,3,3,2,3,3,,,26,28,0,12,1
b247,3,3,3,4,4,,,27,29,0,12,1
b248,0,0,0,2,1,,,12,14,0,10,1
b248,0,0,1,2,2,,,13,15,0,5,1
b248,0,0,2,3,3,,,14,16,0,6,1
b248,0,0,3,4,4,,,15,17,0,6,1
b248,1,0,0,2,1,,,16,18,0,14,1
b248,1,0,1,2,2,,,17,19,0,7,1
b248,1,0,2,3,3,,,18,20,0,8,1
b248,1,0,3,4,4,,,19,21,0,8,1
b248,1,1,0,2,1,,,16,18,0,13,1
b248,1,1,1,2,2,,,17,19,0,8,1
b248,1,1,2,3,3,,,18,20,0,8,1
b248,1,1,3,4,4,,,19,21,0,8,1
b248,2,0,0,2,1,,,20,22,0,18,1
b248,2,0,1,2,2,,,21,23,0,9,1
b248,2,0,2,3,3,,,22,24,0,10,1
b248,2,0,3,4,4,,,23,25,0,10,1
b248,2,1,0,2,1,,,20,22,0,17,1
b248,2,1,1,2,2,,,21,23,0,10,1
b248,2,1,2,3,3,,,22,24,0,10,1
b248,2,1,3,4,4,,,23,25,0,10,1
b248,2,2,0,2,1,,,20,22,0,16,1
b248,2,2,1,2,2,,,21,23,0,10,1
b248,2,2,2,3,3,,,22,24,0,10,1
b248,2,2,3,4,4,,,23,25,0,10,1
b248,3,0,0,2,1,,,24,26,0,22,1
b248,3,0,1,2,2,,,25,27,0,11,1
b248,3,0,2,3,3,,,26,28,0,12,1
b248,3,0,3,4,4,,,27,29,0,12,1
b248,3,1,0,2,1,,,24,26,0,21,1
b248,3,1,1,2,2,,,25,27,0,12,1
b248,3,1,2,3,3,,,26,28,0,12,1
b248,3,1,3,4,4,,,27,29,0,12,1
b248,3,2,0,2,1,,,24,26,0,20,1
b248,3,2,1,2,2,,,25,27,0,12,1
b248,3,2,2,3,3,,,26,28,0,12,1
b248,3,2,3,4,4,,,27,29,0,12,1
b248,3,3,0,2,1,,,24,26,0,19,1
b248,3,3,1,2,2,,,25,27,0,12,1
b248,3,3,2,3,3,,,26,28,0,12,1
b248,3,3,3,4,4,,,27,29,0,12,1
b249,0,0,0,2,1,,,12,14,0,21,1
b249,0,0,1,2,2,,,13,15,0,21,1
b249,0,0,2,3,3,,,14,16,0,23,1
b249,0,0,3,4,4,,,15,17,0,24,1
b249,1,0,0,2,1,,,16,18,0,27,1
b249,1,0,1,2,2,,,17,19,0,27,1
b249,1,0,2,3,3,,,18,20,0,29,1
b249,1,0,3,4,4,,,19,21,0,30,1
b249,1,1,0,2,1,,,16,18,0,26,1
b249,1,1,1,2,2,,,17,19,0,28,1
b249,1,1,2,3,3,,,18,20,0,29,1
b249,1,1,3,4,4,,,19,21,0,30,1
b249,2,0,0,2,1,,,20,22,0,33,1
b249,2,0,1,2,2,,,21,23,0,33,1
b249,2,0,2,3,3,,,22,24,0,35,1
b249,2,0,3,4,4,,,23,25,0,36,1
b249,2,1,0,2,1,,,20,22,0,32,1
b249,2,1,1,2,2,,,21,23,0,34,1
b249,2,1,2,3,3,,,22,24,0,35,1
b249,2,1,3,4,4,,,23,25,0,36,1
b249,2,2,0,2,1,,,20,22,0,32,1
b249,2,2,1,2,2,,,21,23,0,34,1
b249,2,2,2,3,3,,,22,24,0,35,1
b249,2,2,3,4,4,,,23,25,0,36,1
b249,3,0,0,3,1,,,24,26,0,39,1
b249,3,0,1,3,2,,,25,27,0,39,1
b249,3,0,2,3,3,,,26,28,0,41,1
b249,3,0,3,4,4,,,27,29,0,42,1
b249,3,1,0,3,1,,,24,26,0,38,1
b249,3,1,1,3,2,,,25,27,0,40,1
b249,3,1,2,3,3,,,26,28,0,41,1
b249,3,1,3,4,4,,,27,29,0,42,1
b249,3,2,0,3,1,,,24,26,0,38,1
b249,3,2,1,3,2,,,25,27,0,40,1
b249,3,2,2,3,3,,,26,28,0,41,1
b249,3,2,3,4,4,,,27,29,0,42,1
b249,3,3,0,3,1,,,24,26,0,38,1
b249,3,3,1,3,2,,,25,27,0,40,1
b249,3,3,2,3,3,,,26,28,0,41,1
b249,3,3,3,4,4,,,27,29,0,42,1
b250,0,0,0,2,1,,,12,14,0,11,1
b250,0,0,1,2,2,,,13,15,0,6,1
b250,0,0,2,3,3,,,14,16,0,7,1
b250,0,0,3,4,4,,,15,17,0,7,1
b250,1,0,0,2,1,,,16,18,0,15,1
b250,1,0,1,2,2,,,17,19,0,8,1
b250,1,0,2,3,3,,,18,20,0,9,1
b250,1,0,3,4,4,,,19,21,0,9,1
b250,1,1,0,2,1,,,16,18,0,14,1
b250,1,1,1,2,2,,,17,19,0,9,1
b250,1,1,2,3,3,,,18,20,0,9,1
b250,1,1,3,4,4,,,19,21,0,9,1
b250,2,0,0,2,1,,,20,22,0,19,1
b250,2,0,1,2,2,,,21,23,0,10,1
b250,2,0,2,3,3,,,22,24,0,11,1
b250,2,0,3,4,4,,,23,25,0,11,1
b250,2,1,0,2,1,,,20,22,0,18,1
b250,2,1,1,2,2,,,21,23,0,11,1
b250,2,1,2,3,3,,,22,24,0,11,1
b250,2,1,3,4,4,,,23,25,0,11,1
b250,2,2,0,2,1,,,20,22,0,17,1
b250,2,2,1,2,2,,,21,23,0,11,1
b250,2,2,2,3,3,,,22,24,0,11,1
b250,2,2,3,4,4,,,23,25,0,11,1
b250,3,0,0,2,1,,,24,26,0,23,1
b250,3,0,1,2,2,,,25,27,0,12,1
b250,3,0,2,3,3,,,26,28,0,13,1
b250,3,0,3,4,4,,,27,29,0,13,1
b250,3,1,0,2,1,,,24,26,0,22,1
b250,3,1,1,2,2,,,25,27,0,13,1
b250,3,1,2,3,3,,,26,28,0,13,1
b250,3,1,3,4,4,,,27,29,0,13,1
b250,3,2,0,2,1,,,24,26,0,21,1
b250,3,2,1,2,2,,,25,27,0,13,1
b250,3,2,2,3,3,,,26,28,0,13,1
b250,3,2,3,4,4,,,27,29,0,13,1
b250,3,3,0,2,1,,,24,26,0,20,1
b250,3,3,1,2,2,,,25,27,0,13,1
b250,3,3,2,3,3,,,26,28,0,13,1
b250,3,3,3,4,4,,,27,29,0,13,1
b251,0,0,0,2,1,,,12,14,0,10,1
b251,0,0,1,2,2,,,13,15,0,5,1
b251,0,0,2,3,3,,,14,16,0,6,1
b251,0,0,3,4,4,,,15,17,0,6,1
b251,1,0,0,2,1,,,16,18,0,14,1
b251,1,0,1,2,2,,,17,19,0,7,1
b251,1,0,2,3,3,,,18,20,0,8,1
b251,1,0,3,4,4,,,19,21,0,8,1
b251,1,1,0,2,1,,,16,18,0,13,1
b251,1,1,1,2,2,,,17,19,0,8,1
b251,1,1,2,3,3,,,18,20,0,8,1
b251,1,1,3,4,4,,,19,21,0,8,1
b251,2,0,0,2,1,,,20,22,0,18,1
b251,2,0,1,2,2,,,21,23,0,9,1
b251,2,0,2,3,3,,,22,24,0,10,1
b251,2,0,3,4,4,,,23,25,0,10,1
b251,2,1,0,2,1,,,20,22,0,17,1
b251,2,1,1,2,2,,,21,23,0,10,1
b251,2,1,2,3,3,,,22,24,0,10,1
b251,2,1,3,4,4,,,23,25,0,10,1
b251,2,2,0,2,1,,,20,22,0,16,1
b251,2,2,1,2,2,,,21,23,0,10,1
b251,2,2,2,3,3,,,22,24,0,10,1
b251,2,2,3,4,4,,,23,25,0,10,1
b251,3,0,0,2,1,,,24,26,0,22,1
b251,3,0,1,2,2,,,25,27,0,11,1
b251,3,0,2,3,3,,,26,28,0,12,1
b251,3,0,3,4,4,,,27,29,0,12,1
b251,3,1,0,2,1,,,24,26,0,21,1
b251,3,1,1,2,2,,,25,27,0,12,1
b251,3,1,2,3,3,,,26,28,0,12,1
b251,3,1,3,4,4,,,27,29,0,12,1
b251,3,2,0,2,1,,,24,26,0,20,1
b251,3,2,1,2,2,,,25,27,0,12,1
b251,3,2,2,3,3,,,26,28,0,12,1
b251,3,2,3,4,4,,,27,29,0,12,1
b251,3,3,0,2,1,,,24,26,0,19,1
b251,3,3,1,2,2,,,25,27,0,12,1
b251,3,3,2,3,3,,,26,28,0,12,1
b251,3,3,3,4,4,,,27,29,0,12,1
b252,0,0,0,1,1,,,12,14,0,5,1
b252,0,0,1,2,2,,,13,15,0,5,1
b252,0,0,2,3,3,,,14,16,0,5,1
b252,0,0,3,4,4,,,15,17,0,5,1
b252,1,0,0,1,1,,,16,18,0,7,1
b252,1,0,1,2,2,,,17,19,0,7,1
b252,1,0,2,3,3,,,18,20,0,7,1
b252,1,0,3,4,4,,,19,21,0,7,1
b252,1,1,0,1,1,,,16,18,0,7,1
b252,1,1,1,2,2,,,17,19,0,7,1
b252,1,1,2,3,3,,,18,20,0,7,1
b252,1,1,3,4,4,,,19,21,0,7,1
b252,2,0,0,1,1,,,20,22,0,9,1
b252,2,0,1,2,2,,,21,23,0,9,1
b252,2,0,2,3,3,,,22,24,0,9,1
b252,2,0,3,4,4,,,23,25,0,9,1
b252,2,1,0,1,1,,,20,22,0,9,1
b252,2,1,1,2,2,,,21,23,0,9,1
b252,2,1,2,3,3,,,22,24,0,9,1
b252,2,1,3,4,4,,,23,25,0,9,1
b252,2,2,0,1,1,,,20,22,0,9,1
b252,2,2,1,2,2,,,21,23,0,9,1
b252,2,2,2,3,3,,,22,24,0,9,1
b252,2,2,3,4,4,,,23,25,0,9,1
b252,3,0,0,1,1,,,24,26,0,11,1
b252,3,0,1,2,2,,,25,27,0,11,1
b252,3,0,2,3,3,,,26,28,0,11,1
b252,3,0,3,4,4,,,27,29,0,11,1
b252,3,1,0,1,1,,,24,26,0,11,1
b252,3,1,1,2,2,,,25,27,0,11,1
b252,3,1,2,3,3,,,26,28,0,11,1
b252,3,1,3,4,4,,,27,29,0,11,1
b252,3,2,0,1,1,,,24,26,0,11,1
b252,3,2,1,2,2,,,25,27,0,11,1
b252,3,2,2,3,3,,,26,28,0,11,1
b252,3,2,3,4,4,,,27,29,0,11,1
b252,3,3,0,1,1,,,24,26,0,11,1
b252,3,3,1,2,2,,,25,27,0,11,1
b252,3,3,2,3,3,,,26,28,0,11,1
b252,3,3,3,4,4,,,27,29,0,11,1
b253,0,0,0,1,1,,,12,14,0,19,1
b253,0,0,1,2,2,,,13,15,0,21,1
b253,0,0,2,3,3,,,14,16,0,22,1
b253,0,0,3,4,4,,,15,17,0,23,1
b253,1,0,0,2,1,,,16,18,0,25,1
b253,1,0,1,2,2,,,17,19,0,27,1
b253,1,0,2,3,3,,,18,20,0,28,1
b253,1,0,3,4,4,,,19,21,0,29,1
b253,1,1,0,2,1,,,16,18,0,25,1
b253,1,1,1,2,2,,,17,19,0,27,1
b253,1,1,2,3,3,,,18,20,0,28,1
b253,1,1,3,4,4,,,19,21,0,29,1
b253,2,0,0,3,1,,,20,22,0,31,1
b253,2,0,1,3,2,,,21,23,0,33,1
b253,2,0,2,3,3,,,22,24,0,34,1
b253,2,0,3,4,4,,,23,25,0,35,1
b253,2,1,0,3,1,,,20,22,0,31,1
b253,2,1,1,3,2,,,21,23,0,33,1
b253,2,1,2,3,3,,,22,24,0,34,1
b253,2,1,3,4,4,,,23,25,0,35,1
b253,2,2,0,3,1,,,20,22,0,31,1
b253,2,2,1,3,2,,,21,23,0,33,1
b253,2,2,2,3,3,,,22,24,0,34,1
b253,2,2,3,4,4,,,23,25,0,35,1
b253,3,0,0,4,1,,,24,26,0,37,1
b253,3,0,1,4,2,,,25,27,0,39,1
b253,3,0,2,4,3,,,26,28,0,40,1
b253,3,0,3,4,4,,,27,29,0,41,1
b253,3,1,0,4,1,,,24,26,0,37,1
b253,3,1,1,4,2,,,25,27,0,39,1
b253,3,1,2,4,3,,,26,28,0,40,1
b253,3,1,3,4,4,,,27,29,0,41,1
b253,3,2,0,4,1,,,24,26,0,37,1
b253,3,2,1,4,2,,,25,27,0,39,1
b253,3,2,2,4,3,,,26,28,0,40,1
b253,3,2,3,4,4,,,27,29,0,41,1
b253,3,3,0,4,1,,,24,26,0,37,1
b253,3,3,1,4,2,,,25,27,0,39,1
b253,3,3,2,4,3,,,26,28,0,40,1
b253,3,3,3,4,4,,,27,29,0,41,1
b254,0,0,0,1,1,,,12,14,0,7,1
b254,0,0,1,2,2,,,13,15,0,6,1
b254,0,0,2,3,3,,,14,16,0,6,1
b254,0,0,3,4,4,,,15,17,0,6,1
b254,1,0,0,2,1,,,16,18,0,13,1
b254,1,0,1,2,2,,,17,19,0,8,1
b254,1,0,2,3,3,,,18,20,0,8,1
b254,1,0,3,4,4,,,19,21,0,8,1
b254,1,1,0,2,1,,,16,18,0,13,1
b254,1,1,1,2,2,,,17,19,0,8,1
b254,1,1,2,3,3,,,18,20,0,8,1
b254,1,1,3,4,4,,,19,21,0,8,1
b254,2,0,0,2,1,,,20,22,0,17,1
b254,2,0,1,2,2,,,21,23,0,10,1
b254,2,0,2,3,3,,,22,24,0,10,1
b254,2,0,3,4,4,,,23,25,0,10,1
b254,2,1,0,2,1,,,20,22,0,17,1
b254,2,1,1,2,2,,,21,23,0,10,1
b254,2,1,2,3,3,,,22,24,0,10,1
b254,2,1,3,4,4,,,23,25,0,10,1
b254,2,2,0,2,1,,,20,22,0,17,1
b254,2,2,1,2,2,,,21,23,0,10,1
b254,2,2,2,3,3,,,22,24,0,10,1
b254,2,2,3,4,4,,,23,25,0,10,1
b254,3,0,0,2,1,,,24,26,0,21,1
b254,3,0,1,2,2,,,25,27,0,12,1
b254,3,0,2,3,3,,,26,28,0,12,1
b254,3,0,3,4,4,,,27,29,0,12,1
b254,3,1,0,2,1,,,24,26,0,21,1
b254,3,1,1,2,2,,,25,27,0,12,1
b254,3,1,2,3,3,,,26,28,0,12,1
b254,3,1,3,4,4,,,27,29,0,12,1
b254,3,2,0,2,1,,,24,26,0,21,1
b254,3,2,1,2,2,,,25,27,0,12,1
b254,3,2,2,3,3,,,26,28,0,12,1
b254,3,2,3,4,4,,,27,29,0,12,1
b254,3,3,0,2,1,,,24,26,0,21,1
b254,3,3,1,2,2,,,25,27,0,12,1
b254,3,3,2,3,3,,,26,28,0,12,1
b254,3,3,3,4,4,,,27,29,0,12,1
b255,0,0,0,1,1,,,12,14,0,5,1
b255,0,0,1,2,2,,,13,15,0,5,1
b255,0,0,2,3,3,,,14,16,0,5,1
b255,0,0,3,4,4,,,15,17,0,5,1
b255,1,0,0,1,1,,,16,18,0,7,1
b255,1,0,1,2,2,,,17,19,0,7,1
b255,1,0,2,3,3,,,18,20,0,7,1
b255,1,0,3,4,4,,,19,21,0,7,1
b255,1,1,0,1,1,,,16,18,0,7,1
b255,1,1,1,2,2,,,17,19,0,7,1
b255,1,1,2,3,3,,,18,20,0,7,1
b255,1,1,3,4,4,,,19,21,0,7,1
b255,2,0,0,1,1,,,20,22,0,9,1
b255,2,0,1,2,2,,,21,23,0,9,1
b255,2,0,2,3,3,,,22,24,0,9,1
b255,2,0,3,4,4,,,23,25,0,9,1
b255,2,1,0,1,1,,,20,22,0,9,1
b255,2,1,1,2,2,,,21,23,0,9,1
b255,2,1,2,3,3,,,22,24,0,9,1
b255,2,1,3,4,4,,,23,25,0,9,1
b255,2,2,0,1,1,,,20,22,0,9,1
b255,2,2,1,2,2,,,21,23,0,9,1
b255,2,2,2,3,3,,,22,24,0,9,1
b255,2,2,3,4,4,,,23,25,0,9,1
b255,3,0,0,1,1,,,24,26,0,11,1
b255,3,0,1,2,2,,,25,27,0,11,1
b255,3,0,2,3,3,,,26,28,0,11,1
b255,3,0,3,4,4,,,27,29,0,11,1
b255,3,1,0,1,1,,,24,26,0,11,1
b255,3,1,1,2,2,,,25,27,0,11,1
b255,3,1,2,3,3,,,26,28,0,11,1
b255,3,1,3,4,4,,,27,29,0,11,1
b255,3,2,0,1,1,,,24,26,0,11,1
b255,3,2,1,2,2,,,25,27,0,11,1
b255,3,2,2,3,3,,,26,28,0,11,1
b255,3,2,3,4,4,,,27,29,0,11,1
b255,3,3,0,1,1,,,24,26,0,11,1
b255,3,3,1,2,2,,,25,27,0,11,1
b255,3,3,2,3,3,,,26,28,0,11,1
b255,3,3,3,4,4,,,27,29,0,11,1
