machine,source_bound,source_debt,target_debt,safe_ceiling,invalid_floor,lower,upper,horizon,bounds_checked,exact_bounds,maximum_oracle_vertices,relabel_invariant
o000,0,0,0,0,0,,,6,8,0,2,1
o000,0,0,1,1,1,,,7,9,0,3,1
o000,0,0,2,2,2,,,8,10,0,3,1
o000,0,0,3,3,3,,,9,11,0,3,1
o000,1,0,0,0,0,,,8,10,0,3,1
o000,1,0,1,1,1,,,9,11,0,4,1
o000,1,0,2,2,2,,,10,12,0,4,1
o000,1,0,3,3,3,,,11,13,0,4,1
o000,1,1,0,0,0,,,8,10,0,3,1
o000,1,1,1,1,1,,,9,11,0,4,1
o000,1,1,2,2,2,,,10,12,0,4,1
o000,1,1,3,3,3,,,11,13,0,4,1
o000,2,0,0,0,0,,,10,12,0,4,1
o000,2,0,1,1,1,,,11,13,0,5,1
o000,2,0,2,2,2,,,12,14,0,5,1
o000,2,0,3,3,3,,,13,15,0,5,1
o000,2,1,0,0,0,,,10,12,0,4,1
o000,2,1,1,1,1,,,11,13,0,5,1
o000,2,1,2,2,2,,,12,14,0,5,1
o000,2,1,3,3,3,,,13,15,0,5,1
o000,2,2,0,0,0,,,10,12,0,4,1
o000,2,2,1,1,1,,,11,13,0,5,1
o000,2,2,2,2,2,,,12,14,0,5,1
o000,2,2,3,3,3,,,13,15,0,5,1
o000,3,0,0,0,0,,,12,14,0,5,1
o000,3,0,1,1,1,,,13,15,0,6,1
o000,3,0,2,2,2,,,14,16,0,6,1
o000,3,0,3,3,3,,,15,17,0,6,1
o000,3,1,0,0,0,,,12,14,0,5,1
o000,3,1,1,1,1,,,13,15,0,6,1
o000,3,1,2,2,2,,,14,16,0,6,1
o000,3,1,3,3,3,,,15,17,0,6,1
o000,3,2,0,0,0,,,12,14,0,5,1
o000,3,2,1,1,1,,,13,15,0,6,1
o000,3,2,2,2,2,,,14,16,0,6,1
o000,3,2,3,3,3,,,15,17,0,6,1
o000,3,3,0,0,0,,,12,14,0,5,1
o000,3,3,1,1,1,,,13,15,0,6,1
o000,3,3,2,2,2,,,14,16,0,6,1
o000,3,3,3,3,3,,,15,17,0,6,1
o001,0,0,0,0,0,,,6,8,0,2,1
o001,0,0,1,1,1,,,7,9,0,3,1
o001,0,0,2,2,2,,,8,10,0,3,1
o001,0,0,3,3,3,,,9,11,0,3,1
o001,1,0,0,0,0,,,8,10,0,3,1
o001,1,0,1,1,1,,,9,11,0,4,1
o001,1,0,2,2,2,,,10,12,0,4,1
o001,1,0,3,3,3,,,11,13,0,4,1
o001,1,1,0,0,0,,,8,10,0,3,1
o001,1,1,1,1,1,,,9,11,0,4,1
o001,1,1,2,2,2,,,10,12,0,4,1
o001,1,1,3,3,3,,,11,13,0,4,1
o001,2,0,0,0,0,,,10,12,0,4,1
o001,2,0,1,1,1,,,11,13,0,5,1
o001,2,0,2,2,2,,,12,14,0,5,1
o001,2,0,3,3,3,,,13,15,0,5,1
o001,2,1,0,0,0,,,10,12,0,4,1
o001,2,1,1,1,1,,,11,13,0,5,1
o001,2,1,2,2,2,,,12,14,0,5,1
o001,2,1,3,3,3,,,13,15,0,5,1
o001,2,2,0,0,0,,,10,12,0,4,1
o001,2,2,1,1,1,,,11,13,0,5,1
o001,2,2,2,2,2,,,12,14,0,5,1
o001,2,2,3,3,3,,,13,15,0,5,1
o001,3,0,0,0,0,,,12,14,0,5,1
o001,3,0,1,1,1,,,13,15,0,6,1
o001,3,0,2,2,2,,,14,16,0,6,1
o001,3,0,3,3,3,,,15,17,0,6,1
o001,3,1,0,0,0,,,12,14,0,5,1
o001,3,1,1,1,1,,,13,15,0,6,1
o001,3,1,2,2,2,,,14,16,0,6,1
o001,3,1,3,3,3,,,15,17,0,6,1
o001,3,2,0,0,0,,,12,14,0,5,1
o001,3,2,1,1,1,,,13,15,0,6,1
o001,3,2,2,2,2,,,14,16,0,6,1
o001,3,2,3,3,3,,,15,17,0,6,1
o001,3,3,0,0,0,,,12,14,0,5,1
o001,3,3,1,1,1,,,13,15,0,6,1
o001,3,3,2,2,2,,,14,16,0,6,1
o001,3,3,3,3,3,,,15,17,0,6,1
o002,0,0,0,0,0,,,6,8,0,2,1
o002,0,0,1,1,1,,,7,9,0,3,1
o002,0,0,2,2,2,,,8,10,0,3,1
o002,0,0,3,3,3,,,9,11,0,3,1
o002,1,0,0,0,0,,,8,10,0,3,1
o002,1,0,1,1,1,,,9,11,0,4,1
o002,1,0,2,2,2,,,10,12,0,4,1
o002,1,0,3,3,3,,,11,13,0,4,1
o002,1,1,0,0,0,,,8,10,0,3,1
o002,1,1,1,1,1,,,9,11,0,4,1
o002,1,1,2,2,2,,,10,12,0,4,1
o002,1,1,3,3,3,,,11,13,0,4,1
o002,2,0,0,0,0,,,10,12,0,4,1
o002,2,0,1,1,1,,,11,13,0,5,1
o002,2,0,2,2,2,,,12,14,0,5,1
o002,2,0,3,3,3,,,13,15,0,5,1
o002,2,1,0,0,0,,,10,12,0,4,1
o002,2,1,1,1,1,,,11,13,0,5,1
o002,2,1,2,2,2,,,12,14,0,5,1
o002,2,1,3,3,3,,,13,15,0,5,1
o002,2,2,0,0,0,,,10,12,0,4,1
o002,2,2,1,1,1,,,11,13,0,5,1
o002,2,2,2,2,2,,,12,14,0,5,1
o002,2,2,3,3,3,,,13,15,0,5,1
o002,3,0,0,0,0,,,12,14,0,5,1
o002,3,0,1,1,1,,,13,15,0,6,1
o002,3,0,2,2,2,,,14,16,0,6,1
o002,3,0,3,3,3,,,15,17,0,6,1
o002,3,1,0,0,0,,,12,14,0,5,1
o002,3,1,1,1,1,,,13,15,0,6,1
o002,3,1,2,2,2,,,14,16,0,6,1
o002,3,1,3,3,3,,,15,17,0,6,1
o002,3,2,0,0,0,,,12,14,0,5,1
o002,3,2,1,1,1,,,13,15,0,6,1
o002,3,2,2,2,2,,,14,16,0,6,1
o002,3,2,3,3,3,,,15,17,0,6,1
o002,3,3,0,0,0,,,12,14,0,5,1
o002,3,3,1,1,1,,,13,15,0,6,1
o002,3,3,2,2,2,,,14,16,0,6,1
o002,3,3,3,3,3,,,15,17,0,6,1
o003,0,0,0,0,0,,,6,8,0,2,1
o003,0,0,1,1,1,,,7,9,0,3,1
o003,0,0,2,2,2,,,8,10,0,3,1
o003,0,0,3,3,3,,,9,11,0,3,1
o003,1,0,0,0,0,,,8,10,0,3,1
o003,1,0,1,1,1,,,9,11,0,4,1
o003,1,0,2,2,2,,,10,12,0,4,1
o003,1,0,3,3,3,,,11,13,0,4,1
o003,1,1,0,0,0,,,8,10,0,3,1
o003,1,1,1,1,1,,,9,11,0,4,1
o003,1,1,2,2,2,,,10,12,0,4,1
o003,1,1,3,3,3,,,11,13,0,4,1
o003,2,0,0,0,0,,,10,12,0,4,1
o003,2,0,1,1,1,,,11,13,0,5,1
o003,2,0,2,2,2,,,12,14,0,5,1
o003,2,0,3,3,3,,,13,15,0,5,1
o003,2,1,0,0,0,,,10,12,0,4,1
o003,2,1,1,1,1,,,11,13,0,5,1
o003,2,1,2,2,2,,,12,14,0,5,1
o003,2,1,3,3,3,,,13,15,0,5,1
o003,2,2,0,0,0,,,10,12,0,4,1
o003,2,2,1,1,1,,,11,13,0,5,1
o003,2,2,2,2,2,,,12,14,0,5,1
o003,2,2,3,3,3,,,13,15,0,5,1
o003,3,0,0,0,0,,,12,14,0,5,1
o003,3,0,1,1,1,,,13,15,0,6,1
o003,3,0,2,2,2,,,14,16,0,6,1
o003,3,0,3,3,3,,,15,17,0,6,1
o003,3,1,0,0,0,,,12,14,0,5,1
o003,3,1,1,1,1,,,13,15,0,6,1
o003,3,1,2,2,2,,,14,16,0,6,1
o003,3,1,3,3,3,,,15,17,0,6,1
o003,3,2,0,0,0,,,12,14,0,5,1
o003,3,2,1,1,1,,,13,15,0,6,1
o003,3,2,2,2,2,,,14,16,0,6,1
o003,3,2,3,3,3,,,15,17,0,6,1
o003,3,3,0,0,0,,,12,14,0,5,1
o003,3,3,1,1,1,,,13,15,0,6,1
o003,3,3,2,2,2,,,14,16,0,6,1
o003,3,3,3,3,3,,,15,17,0,6,1
o004,0,0,0,0,0,,,6,8,0,2,1
o004,0,0,1,1,1,,,7,9,0,3,1
o004,0,0,2,2,2,,,8,10,0,3,1
o004,0,0,3,3,3,,,9,11,0,3,1
o004,1,0,0,0,0,,,8,10,0,3,1
o004,1,0,1,1,1,,,9,11,0,4,1
o004,1,0,2,2,2,,,10,12,0,4,1
o004,1,0,3,3,3,,,11,13,0,4,1
o004,1,1,0,0,0,,,8,10,0,3,1
o004,1,1,1,1,1,,,9,11,0,4,1
o004,1,1,2,2,2,,,10,12,0,4,1
o004,1,1,3,3,3,,,11,13,0,4,1
o004,2,0,0,0,0,,,10,12,0,4,1
o004,2,0,1,1,1,,,11,13,0,5,1
o004,2,0,2,2,2,,,12,14,0,5,1
o004,2,0,3,3,3,,,13,15,0,5,1
o004,2,1,0,0,0,,,10,12,0,4,1
o004,2,1,1,1,1,,,11,13,0,5,1
o004,2,1,2,2,2,,,12,14,0,5,1
o004,2,1,3,3,3,,,13,15,0,5,1
o004,2,2,0,0,0,,,10,12,0,4,1
o004,2,2,1,1,1,,,11,13,0,5,1
o004,2,2,2,2,2,,,12,14,0,5,1
o004,2,2,3,3,3,,,13,15,0,5,1
o004,3,0,0,0,0,,,12,14,0,5,1
o004,3,0,1,1,1,,,13,15,0,6,1
o004,3,0,2,2,2,,,14,16,0,6,1
o004,3,0,3,3,3,,,15,17,0,6,1
o004,3,1,0,0,0,,,12,14,0,5,1
o004,3,1,1,1,1,,,13,15,0,6,1
o004,3,1,2,2,2,,,14,16,0,6,1
o004,3,1,3,3,3,,,15,17,0,6,1
o004,3,2,0,0,0,,,12,14,0,5,1
o004,3,2,1,1,1,,,13,15,0,6,1
o004,3,2,2,2,2,,,14,16,0,6,1
o004,3,2,3,3,3,,,15,17,0,6,1
o004,3,3,0,0,0,,,12,14,0,5,1
o004,3,3,1,1,1,,,13,15,0,6,1
o004,3,3,2,2,2,,,14,16,0,6,1
o004,3,3,3,3,3,,,15,17,0,6,1
o005,0,0,0,0,0,,,6,8,0,2,1
o005,0,0,1,1,1,,,7,9,0,3,1
o005,0,0,2,2,2,,,8,10,0,3,1
o005,0,0,3,3,3,,,9,11,0,3,1
o005,1,0,0,0,0,,,8,10,0,3,1
o005,1,0,1,1,1,,,9,11,0,4,1
o005,1,0,2,2,2,,,10,12,0,4,1
o005,1,0,3,3,3,,,11,13,0,4,1
o005,1,1,0,0,0,,,8,10,0,3,1
o005,1,1,1,1,1,,,9,11,0,4,1
o005,1,1,2,2,2,,,10,12,0,4,1
o005,1,1,3,3,3,,,11,13,0,4,1
o005,2,0,0,0,0,,,10,12,0,4,1
o005,2,0,1,1,1,,,11,13,0,5,1
o005,2,0,2,2,2,,,12,14,0,5,1
o005,2,0,3,3,3,,,13,15,0,5,1
o005,2,1,0,0,0,,,10,12,0,4,1
o005,2,1,1,1,1,,,11,13,0,5,1
o005,2,1,2,2,2,,,12,14,0,5,1
o005,2,1,3,3,3,,,13,15,0,5,1
o005,2,2,0,0,0,,,10,12,0,4,1
o005,2,2,1,1,1,,,11,13,0,5,1
o005,2,2,2,2,2,,,12,14,0,5,1
o005,2,2,3,3,3,,,13,15,0,5,1
o005,3,0,0,0,0,,,12,14,0,5,1
o005,3,0,1,1,1,,,13,15,0,6,1
o005,3,0,2,2,2,,,14,16,0,6,1
o005,3,0,3,3,3,,,15,17,0,6,1
o005,3,1,0,0,0,,,12,14,0,5,1
o005,3,1,1,1,1,,,13,15,0,6,1
o005,3,1,2,2,2,,,14,16,0,6,1
o005,3,1,3,3,3,,,15,17,0,6,1
o005,3,2,0,0,0,,,12,14,0,5,1
o005,3,2,1,1,1,,,13,15,0,6,1
o005,3,2,2,2,2,,,14,16,0,6,1
o005,3,2,3,3,3,,,15,17,0,6,1
o005,3,3,0,0,0,,,12,14,0,5,1
o005,3,3,1,1,1,,,13,15,0,6,1
o005,3,3,2,2,2,,,14,16,0,6,1
o005,3,3,3,3,3,,,15,17,0,6,1
o006,0,0,0,0,0,,,6,8,0,2,1
o006,0,0,1,1,1,,,7,9,0,3,1
o006,0,0,2,2,2,,,8,10,0,3,1
o006,0,0,3,3,3,,,9,11,0,3,1
o006,1,0,0,0,0,,,8,10,0,3,1
o006,1,0,1,1,1,,,9,11,0,4,1
o006,1,0,2,2,2,,,10,12,0,4,1
o006,1,0,3,3,3,,,11,13,0,4,1
o006,1,1,0,0,0,,,8,10,0,3,1
o006,1,1,1,1,1,,,9,11,0,4,1
o006,1,1,2,2,2,,,10,12,0,4,1
o006,1,1,3,3,3,,,11,13,0,4,1
o006,2,0,0,0,0,,,10,12,0,4,1
o006,2,0,1,1,1,,,11,13,0,5,1
o006,2,0,2,2,2,,,12,14,0,5,1
o006,2,0,3,3,3,,,13,15,0,5,1
o006,2,1,0,0,0,,,10,12,0,4,1
o006,2,1,1,1,1,,,11,13,0,5,1
o006,2,1,2,2,2,,,12,14,0,5,1
o006,2,1,3,3,3,,,13,15,0,5,1
o006,2,2,0,0,0,,,10,12,0,4,1
o006,2,2,1,1,1,,,11,13,0,5,1
o006,2,2,2,2,2,,,12,14,0,5,1
o006,2,2,3,3,3,,,13,15,0,5,1
o006,3,0,0,0,0,,,12,14,0,5,1
o006,3,0,1,1,1,,,13,15,0,6,1
o006,3,0,2,2,2,,,14,16,0,6,1
o006,3,0,3,3,3,,,15,17,0,6,1
o006,3,1,0,0,0,,,12,14,0,5,1
o006,3,1,1,1,1,,,13,15,0,6,1
o006,3,1,2,2,2,,,14,16,0,6,1
o006,3,1,3,3,3,,,15,17,0,6,1
o006,3,2,0,0,0,,,12,14,0,5,1
o006,3,2,1,1,1,,,13,15,0,6,1
o006,3,2,2,2,2,,,14,16,0,6,1
o006,3,2,3,3,3,,,15,17,0,6,1
o006,3,3,0,0,0,,,12,14,0,5,1
o006,3,3,1,1,1,,,13,15,0,6,1
o006,3,3,2,2,2,,,14,16,0,6,1
o006,3,3,3,3,3,,,15,17,0,6,1
o007,0,0,0,0,0,,,6,8,0,2,1
o007,0,0,1,1,1,,,7,9,0,3,1
o007,0,0,2,2,2,,,8,10,0,3,1
o007,0,0,3,3,3,,,9,11,0,3,1
o007,1,0,0,0,0,,,8,10,0,3,1
o007,1,0,1,1,1,,,9,11,0,4,1
o007,1,0,2,2,2,,,10,12,0,4,1
o007,1,0,3,3,3,,,11,13,0,4,1
o007,1,1,0,0,0,,,8,10,0,3,1
o007,1,1,1,1,1,,,9,11,0,4,1
o007,1,1,2,2,2,,,10,12,0,4,1
o007,1,1,3,3,3,,,11,13,0,4,1
o007,2,0,0,0,0,,,10,12,0,4,1
o007,2,0,1,1,1,,,11,13,0,5,1
o007,2,0,2,2,2,,,12,14,0,5,1
o007,2,0,3,3,3,,,13,15,0,5,1
o007,2,1,0,0,0,,,10,12,0,4,1
o007,2,1,1,1,1,,,11,13,0,5,1
o007,2,1,2,2,2,,,12,14,0,5,1
o007,2,1,3,3,3,,,13,15,0,5,1
o007,2,2,0,0,0,,,10,12,0,4,1
o007,2,2,1,1,1,,,11,13,0,5,1
o007,2,2,2,2,2,,,12,14,0,5,1
o007,2,2,3,3,3,,,13,15,0,5,1
o007,3,0,0,0,0,,,12,14,0,5,1
o007,3,0,1,1,1,,,13,15,0,6,1
o007,3,0,2,2,2,,,14,16,0,6,1
o007,3,0,3,3,3,,,15,17,0,6,1
o007,3,1,0,0,0,,,12,14,0,5,1
o007,3,1,1,1,1,,,13,15,0,6,1
o007,3,1,2,2,2,,,14,16,0,6,1
o007,3,1,3,3,3,,,15,17,0,6,1
o007,3,2,0,0,0,,,12,14,0,5,1
o007,3,2,1,1,1,,,13,15,0,6,1
o007,3,2,2,2,2,,,14,16,0,6,1
o007,3,2,3,3,3,,,15,17,0,6,1
o007,3,3,0,0,0,,,12,14,0,5,1
o007,3,3,1,1,1,,,13,15,0,6,1
o007,3,3,2,2,2,,,14,16,0,6,1
o007,3,3,3,3,3,,,15,17,0,6,1
o008,0,0,0,0,0,,,6,8,0,2,1
o008,0,0,1,1,1,,,7,9,0,3,1
o008,0,0,2,2,2,,,8,10,0,3,1
o008,0,0,3,3,3,,,9,11,0,3,1
o008,1,0,0,0,0,,,8,10,0,3,1
o008,1,0,1,1,1,,,9,11,0,4,1
o008,1,0,2,2,2,,,10,12,0,4,1
o008,1,0,3,3,3,,,11,13,0,4,1
o008,1,1,0,0,0,,,8,10,0,3,1
o008,1,1,1,1,1,,,9,11,0,4,1
o008,1,1,2,2,2,,,10,12,0,4,1
o008,1,1,3,3,3,,,11,13,0,4,1
o008,2,0,0,0,0,,,10,12,0,4,1
o008,2,0,1,1,1,,,11,13,0,5,1
o008,2,0,2,2,2,,,12,14,0,5,1
o008,2,0,3,3,3,,,13,15,0,5,1
o008,2,1,0,0,0,,,10,12,0,4,1
o008,2,1,1,1,1,,,11,13,0,5,1
o008,2,1,2,2,2,,,12,14,0,5,1
o008,2,1,3,3,3,,,13,15,0,5,1
o008,2,2,0,0,0,,,10,12,0,4,1
o008,2,2,1,1,1,,,11,13,0,5,1
o008,2,2,2,2,2,,,12,14,0,5,1
o008,2,2,3,3,3,,,13,15,0,5,1
o008,3,0,0,0,0,,,12,14,0,5,1
o008,3,0,1,1,1,,,13,15,0,6,1
o008,3,0,2,2,2,,,14,16,0,6,1
o008,3,0,3,3,3,,,15,17,0,6,1
o008,3,1,0,0,0,,,12,14,0,5,1
o008,3,1,1,1,1,,,13,15,0,6,1
o008,3,1,2,2,2,,,14,16,0,6,1
o008,3,1,3,3,3,,,15,17,0,6,1
o008,3,2,0,0,0,,,12,14,0,5,1
o008,3,2,1,1,1,,,13,15,0,6,1
o008,3,2,2,2,2,,,14,16,0,6,1
o008,3,2,3,3,3,,,15,17,0,6,1
o008,3,3,0,0,0,,,12,14,0,5,1
o008,3,3,1,1,1,,,13,15,0,6,1
o008,3,3,2,2,2,,,14,16,0,6,1
o008,3,3,3,3,3,,,15,17,0,6,1
o009,0,0,0,0,0,,,6,8,0,2,1
o009,0,0,1,1,1,,,7,9,0,3,1
o009,0,0,2,2,2,,,8,10,0,3,1
o009,0,0,3,3,3,,,9,11,0,3,1
o009,1,0,0,0,0,,,8,10,0,3,1
o009,1,0,1,1,1,,,9,11,0,4,1
o009,1,0,2,2,2,,,10,12,0,4,1
o009,1,0,3,3,3,,,11,13,0,4,1
o009,1,1,0,0,0,,,8,10,0,3,1
o009,1,1,1,1,1,,,9,11,0,4,1
o009,1,1,2,2,2,,,10,12,0,4,1
o009,1,1,3,3,3,,,11,13,0,4,1
o009,2,0,0,0,0,,,10,12,0,4,1
o009,2,0,1,1,1,,,11,13,0,5,1
o009,2,0,2,2,2,,,12,14,0,5,1
o009,2,0,3,3,3,,,13,15,0,5,1
o009,2,1,0,0,0,,,10,12,0,4,1
o009,2,1,1,1,1,,,11,13,0,5,1
o009,2,1,2,2,2,,,12,14,0,5,1
o009,2,1,3,3,3,,,13,15,0,5,1
o009,2,2,0,0,0,,,10,12,0,4,1
o009,2,2,1,1,1,,,11,13,0,5,1
o009,2,2,2,2,2,,,12,14,0,5,1
o009,2,2,3,3,3,,,13,15,0,5,1
o009,3,0,0,0,0,,,12,14,0,5,1
o009,3,0,1,1,1,,,13,15,0,6,1
o009,3,0,2,2,2,,,14,16,0,6,1
o009,3,0,3,3,3,,,15,17,0,6,1
o009,3,1,0,0,0,,,12,14,0,5,1
o009,3,1,1,1,1,,,13,15,0,6,1
o009,3,1,2,2,2,,,14,16,0,6,1
o009,3,1,3,3,3,,,15,17,0,6,1
o009,3,2,0,0,0,,,12,14,0,5,1
o009,3,2,1,1,1,,,13,15,0,6,1
o009,3,2,2,2,2,,,14,16,0,6,1
o009,3,2,3,3,3,,,15,17,0,6,1
o009,3,3,0,0,0,,,12,14,0,5,1
o009,3,3,1,1,1,,,13,15,0,6,1
o009,3,3,2,2,2,,,14,16,0,6,1
o009,3,3,3,3,3,,,15,17,0,6,1
o010,0,0,0,0,0,,,6,8,0,2,1
o010,0,0,1,1,1,,,7,9,0,3,1
o010,0,0,2,2,2,,,8,10,0,3,1
o010,0,0,3,3,3,,,9,11,0,3,1
o010,1,0,0,0,0,,,8,10,0,3,1
o010,1,0,1,1,1,,,9,11,0,4,1
o010,1,0,2,2,2,,,10,12,0,4,1
o010,1,0,3,3,3,,,11,13,0,4,1
o010,1,1,0,0,0,,,8,10,0,3,1
o010,1,1,1,1,1,,,9,11,0,4,1
o010,1,1,2,2,2,,,10,12,0,4,1
o010,1,1,3,3,3,,,11,13,0,4,1
o010,2,0,0,0,0,,,10,12,0,4,1
o010,2,0,1,1,1,,,11,13,0,5,1
o010,2,0,2,2,2,,,12,14,0,5,1
o010,2,0,3,3,3,,,13,15,0,5,1
o010,2,1,0,0,0,,,10,12,0,4,1
o010,2,1,1,1,1,,,11,13,0,5,1
o010,2,1,2,2,2,,,12,14,0,5,1
o010,2,1,3,3,3,,,13,15,0,5,1
o010,2,2,0,0,0,,,10,12,0,4,1
o010,2,2,1,1,1,,,11,13,0,5,1
o010,2,2,2,2,2,,,12,14,0,5,1
o010,2,2,3,3,3,,,13,15,0,5,1
o010,3,0,0,0,0,,,12,14,0,5,1
o010,3,0,1,1,1,,,13,15,0,6,1
o010,3,0,2,2,2,,,14,16,0,6,1
o010,3,0,3,3,3,,,15,17,0,6,1
o010,3,1,0,0,0,,,12,14,0,5,1
o010,3,1,1,1,1,,,13,15,0,6,1
o010,3,1,2,2,2,,,14,16,0,6,1
o010,3,1,3,3,3,,,15,17,0,6,1
o010,3,2,0,0,0,,,12,14,0,5,1
o010,3,2,1,1,1,,,13,15,0,6,1
o010,3,2,2,2,2,,,14,16,0,6,1
o010,3,2,3,3,3,,,15,17,0,6,1
o010,3,3,0,0,0,,,12,14,0,5,1
o010,3,3,1,1,1,,,13,15,0,6,1
o010,3,3,2,2,2,,,14,16,0,6,1
o010,3,3,3,3,3,,,15,17,0,6,1
o011,0,0,0,0,0,,,6,8,0,2,1
o011,0,0,1,1,1,,,7,9,0,3,1
o011,0,0,2,2,2,,,8,10,0,3,1
o011,0,0,3,3,3,,,9,11,0,3,1
o011,1,0,0,0,0,,,8,10,0,3,1
o011,1,0,1,1,1,,,9,11,0,4,1
o011,1,0,2,2,2,,,10,12,0,4,1
o011,1,0,3,3,3,,,11,13,0,4,1
o011,1,1,0,0,0,,,8,10,0,3,1
o011,1,1,1,1,1,,,9,11,0,4,1
o011,1,1,2,2,2,,,10,12,0,4,1
o011,1,1,3,3,3,,,11,13,0,4,1
o011,2,0,0,0,0,,,10,12,0,4,1
o011,2,0,1,1,1,,,11,13,0,5,1
o011,2,0,2,2,2,,,12,14,0,5,1
o011,2,0,3,3,3,,,13,15,0,5,1
o011,2,1,0,0,0,,,10,12,0,4,1
o011,2,1,1,1,1,,,11,13,0,5,1
o011,2,1,2,2,2,,,12,14,0,5,1
o011,2,1,3,3,3,,,13,15,0,5,1
o011,2,2,0,0,0,,,10,12,0,4,1
o011,2,2,1,1,1,,,11,13,0,5,1
o011,2,2,2,2,2,,,12,14,0,5,1
o011,2,2,3,3,3,,,13,15,0,5,1
o011,3,0,0,0,0,,,12,14,0,5,1
o011,3,0,1,1,1,,,13,15,0,6,1
o011,3,0,2,2,2,,,14,16,0,6,1
o011,3,0,3,3,3,,,15,17,0,6,1
o011,3,1,0,0,0,,,12,14,0,5,1
o011,3,1,1,1,1,,,13,15,0,6,1
o011,3,1,2,2,2,,,14,16,0,6,1
o011,3,1,3,3,3,,,15,17,0,6,1
o011,3,2,0,0,0,,,12,14,0,5,1
o011,3,2,1,1,1,,,13,15,0,6,1
o011,3,2,2,2,2,,,14,16,0,6,1
o011,3,2,3,3,3,,,15,17,0,6,1
o011,3,3,0,0,0,,,12,14,0,5,1
o011,3,3,1,1,1,,,13,15,0,6,1
o011,3,3,2,2,2,,,14,16,0,6,1
o011,3,3,3,3,3,,,15,17,0,6,1
o012,0,0,0,0,0,,,6,8,0,2,1
o012,0,0,1,1,1,,,7,9,0,3,1
o012,0,0,2,2,2,,,8,10,0,3,1
o012,0,0,3,3,3,,,9,11,0,3,1
o012,1,0,0,0,0,,,8,10,0,3,1
o012,1,0,1,1,1,,,9,11,0,4,1
o012,1,0,2,2,2,,,10,12,0,4,1
o012,1,0,3,3,3,,,11,13,0,4,1
o012,1,1,0,0,0,,,8,10,0,3,1
o012,1,1,1,1,1,,,9,11,0,4,1
o012,1,1,2,2,2,,,10,12,0,4,1
o012,1,1,3,3,3,,,11,13,0,4,1
o012,2,0,0,0,0,,,10,12,0,4,1
o012,2,0,1,1,1,,,11,13,0,5,1
o012,2,0,2,2,2,,,12,14,0,5,1
o012,2,0,3,3,3,,,13,15,0,5,1
o012,2,1,0,0,0,,,10,12,0,4,1
o012,2,1,1,1,1,,,11,13,0,5,1
o012,2,1,2,2,2,,,12,14,0,5,1
o012,2,1,3,3,3,,,13,15,0,5,1
o012,2,2,0,0,0,,,10,12,0,4,1
o012,2,2,1,1,1,,,11,13,0,5,1
o012,2,2,2,2,2,,,12,14,0,5,1
o012,2,2,3,3,3,,,13,15,0,5,1
o012,3,0,0,0,0,,,12,14,0,5,1
o012,3,0,1,1,1,,,13,15,0,6,1
o012,3,0,2,2,2,,,14,16,0,6,1
o012,3,0,3,3,3,,,15,17,0,6,1
o012,3,1,0,0,0,,,12,14,0,5,1
o012,3,1,1,1,1,,,13,15,0,6,1
o012,3,1,2,2,2,,,14,16,0,6,1
o012,3,1,3,3,3,,,15,17,0,6,1
o012,3,2,0,0,0,,,12,14,0,5,1
o012,3,2,1,1,1,,,13,15,0,6,1
o012,3,2,2,2,2,,,14,16,0,6,1
o012,3,2,3,3,3,,,15,17,0,6,1
o012,3,3,0,0,0,,,12,14,0,5,1
o012,3,3,1,1,1,,,13,15,0,6,1
o012,3,3,2,2,2,,,14,16,0,6,1
o012,3,3,3,3,3,,,15,17,0,6,1
o013,0,0,0,0,0,,,6,8,0,2,1
o013,0,0,1,1,1,,,7,9,0,3,1
o013,0,0,2,2,2,,,8,10,0,3,1
o013,0,0,3,3,3,,,9,11,0,3,1
o013,1,0,0,0,0,,,8,10,0,3,1
o013,1,0,1,1,1,,,9,11,0,4,1
o013,1,0,2,2,2,,,10,12,0,4,1
o013,1,0,3,3,3,,,11,13,0,4,1
o013,1,1,0,0,0,,,8,10,0,3,1
o013,1,1,1,1,1,,,9,11,0,4,1
o013,1,1,2,2,2,,,10,12,0,4,1
o013,1,1,3,3,3,,,11,13,0,4,1
o013,2,0,0,0,0,,,10,12,0,4,1
o013,2,0,1,1,1,,,11,13,0,5,1
o013,2,0,2,2,2,,,12,14,0,5,1
o013,2,0,3,3,3,,,13,15,0,5,1
o013,2,1,0,0,0,,,10,12,0,4,1
o013,2,1,1,1,1,,,11,13,0,5,1
o013,2,1,2,2,2,,,12,14,0,5,1
o013,2,1,3,3,3,,,13,15,0,5,1
o013,2,2,0,0,0,,,10,12,0,4,1
o013,2,2,1,1,1,,,11,13,0,5,1
o013,2,2,2,2,2,,,12,14,0,5,1
o013,2,2,3,3,3,,,13,15,0,5,1
o013,3,0,0,0,0,,,12,14,0,5,1
o013,3,0,1,1,1,,,13,15,0,6,1
o013,3,0,2,2,2,,,14,16,0,6,1
o013,3,0,3,3,3,,,15,17,0,6,1
o013,3,1,0,0,0,,,12,14,0,5,1
o013,3,1,1,1,1,,,13,15,0,6,1
o013,3,1,2,2,2,,,14,16,0,6,1
o013,3,1,3,3,3,,,15,17,0,6,1
o013,3,2,0,0,0,,,12,14,0,5,1
o013,3,2,1,1,1,,,13,15,0,6,1
o013,3,2,2,2,2,,,14,16,0,6,1
o013,3,2,3,3,3,,,15,17,0,6,1
o013,3,3,0,0,0,,,12,14,0,5,1
o013,3,3,1,1,1,,,13,15,0,6,1
o013,3,3,2,2,2,,,14,16,0,6,1
o013,3,3,3,3,3,,,15,17,0,6,1
o014,0,0,0,0,0,,,6,8,0,2,1
o014,0,0,1,1,1,,,7,9,0,3,1
o014,0,0,2,2,2,,,8,10,0,3,1
o014,0,0,3,3,3,,,9,11,0,3,1
o014,1,0,0,0,0,,,8,10,0,3,1
o014,1,0,1,1,1,,,9,11,0,4,1
o014,1,0,2,2,2,,,10,12,0,4,1
o014,1,0,3,3,3,,,11,13,0,4,1
o014,1,1,0,0,0,,,8,10,0,3,1
o014,1,1,1,1,1,,,9,11,0,4,1
o014,1,1,2,2,2,,,10,12,0,4,1
o014,1,1,3,3,3,,,11,13,0,4,1
o014,2,0,0,0,0,,,10,12,0,4,1
o014,2,0,1,1,1,,,11,13,0,5,1
o014,2,0,2,2,2,,,12,14,0,5,1
o014,2,0,3,3,3,,,13,15,0,5,1
o014,2,1,0,0,0,,,10,12,0,4,1
o014,2,1,1,1,1,,,11,13,0,5,1
o014,2,1,2,2,2,,,12,14,0,5,1
o014,2,1,3,3,3,,,13,15,0,5,1
o014,2,2,0,0,0,,,10,12,0,4,1
o014,2,2,1,1,1,,,11,13,0,5,1
o014,2,2,2,2,2,,,12,14,0,5,1
o014,2,2,3,3,3,,,13,15,0,5,1
o014,3,0,0,0,0,,,12,14,0,5,1
o014,3,0,1,1,1,,,13,15,0,6,1
o014,3,0,2,2,2,,,14,16,0,6,1
o014,3,0,3,3,3,,,15,17,0,6,1
o014,3,1,0,0,0,,,12,14,0,5,1
o014,3,1,1,1,1,,,13,15,0,6,1
o014,3,1,2,2,2,,,14,16,0,6,1
o014,3,1,3,3,3,,,15,17,0,6,1
o014,3,2,0,0,0,,,12,14,0,5,1
o014,3,2,1,1,1,,,13,15,0,6,1
o014,3,2,2,2,2,,,14,16,0,6,1
o014,3,2,3,3,3,,,15,17,0,6,1
o014,3,3,0,0,0,,,12,14,0,5,1
o014,3,3,1,1,1,,,13,15,0,6,1
o014,3,3,2,2,2,,,14,16,0,6,1
o014,3,3,3,3,3,,,15,17,0,6,1
o015,0,0,0,0,0,,,6,8,0,2,1
o015,0,0,1,1,1,,,7,9,0,3,1
o015,0,0,2,2,2,,,8,10,0,3,1
o015,0,0,3,3,3,,,9,11,0,3,1
o015,1,0,0,0,0,,,8,10,0,3,1
o015,1,0,1,1,1,,,9,11,0,4,1
o015,1,0,2,2,2,,,10,12,0,4,1
o015,1,0,3,3,3,,,11,13,0,4,1
o015,1,1,0,0,0,,,8,10,0,3,1
o015,1,1,1,1,1,,,9,11,0,4,1
o015,1,1,2,2,2,,,10,12,0,4,1
o015,1,1,3,3,3,,,11,13,0,4,1
o015,2,0,0,0,0,,,10,12,0,4,1
o015,2,0,1,1,1,,,11,13,0,5,1
o015,2,0,2,2,2,,,12,14,0,5,1
o015,2,0,3,3,3,,,13,15,0,5,1
o015,2,1,0,0,0,,,10,12,0,4,1
o015,2,1,1,1,1,,,11,13,0,5,1
o015,2,1,2,2,2,,,12,14,0,5,1
o015,2,1,3,3,3,,,13,15,0,5,1
o015,2,2,0,0,0,,,10,12,0,4,1
o015,2,2,1,1,1,,,11,13,0,5,1
o015,2,2,2,2,2,,,12,14,0,5,1
o015,2,2,3,3,3,,,13,15,0,5,1
o015,3,0,0,0,0,,,12,14,0,5,1
o015,3,0,1,1,1,,,13,15,0,6,1
o015,3,0,2,2,2,,,14,16,0,6,1
o015,3,0,3,3,3,,,15,17,0,6,1
o015,3,1,0,0,0,,,12,14,0,5,1
o015,3,1,1,1,1,,,13,15,0,6,1
o015,3,1,2,2,2,,,14,16,0,6,1
o015,3,1,3,3,3,,,15,17,0,6,1
o015,3,2,0,0,0,,,12,14,0,5,1
o015,3,2,1,1,1,,,13,15,0,6,1
o015,3,2,2,2,2,,,14,16,0,6,1
o015,3,2,3,3,3,,,15,17,0,6,1
o015,3,3,0,0,0,,,12,14,0,5,1
o015,3,3,1,1,1,,,13,15,0,6,1
o015,3,3,2,2,2,,,14,16,0,6,1
o015,3,3,3,3,3,,,15,17,0,6,1
o016,0,0,0,0,1,0,0,6,8,1,10,1
o016,0,0,1,1,1,,,7,9,0,12,1
o016,0,0,2,2,2,,,8,10,0,13,1
o016,0,0,3,3,3,,,9,11,0,14,1
o016,1,0,0,1,2,1,1,8,10,1,13,1
o016,1,0,1,2,2,,,9,11,0,16,1
o016,1,0,2,3,2,,,10,12,0,17,1
o016,1,0,3,4,3,,,11,13,0,18,1
o016,1,1,0,1,1,,,8,10,0,14,1
o016,1,1,1,1,2,1,1,9,11,1,14,1
o016,1,1,2,2,2,,,10,12,0,16,1
o016,1,1,3,3,3,,,11,13,0,17,1
o016,2,0,0,2,3,2,2,10,12,1,16,1
o016,2,0,1,3,3,,,11,13,0,20,1
o016,2,0,2,4,3,,,12,14,0,21,1
o016,2,0,3,5,3,,,13,15,0,22,1
o016,2,1,0,2,2,,,10,12,0,18,1
o016,2,1,1,2,3,2,2,11,13,1,17,1
o016,2,1,2,3,3,,,12,14,0,20,1
o016,2,1,3,4,3,,,13,15,0,21,1
o016,2,2,0,2,1,,,10,12,0,17,1
o016,2,2,1,2,2,,,11,13,0,18,1
o016,2,2,2,2,3,2,2,12,14,1,18,1
o016,2,2,3,3,3,,,13,15,0,20,1
o016,3,0,0,3,4,3,3,12,14,1,19,1
o016,3,0,1,4,4,,,13,15,0,24,1
o016,3,0,2,5,4,,,14,16,0,25,1
o016,3,0,3,6,4,,,15,17,0,26,1
o016,3,1,0,3,3,,,12,14,0,22,1
o016,3,1,1,3,4,3,3,13,15,1,20,1
o016,3,1,2,4,4,,,14,16,0,24,1
o016,3,1,3,5,4,,,15,17,0,25,1
o016,3,2,0,3,2,,,12,14,0,21,1
o016,3,2,1,3,3,,,13,15,0,22,1
o016,3,2,2,3,4,3,3,14,16,1,21,1
o016,3,2,3,4,4,,,15,17,0,24,1
o016,3,3,0,3,1,,,12,14,0,20,1
o016,3,3,1,3,2,,,13,15,0,21,1
o016,3,3,2,3,3,,,14,16,0,22,1
o016,3,3,3,3,4,3,3,15,17,1,22,1
o017,0,0,0,0,1,0,0,6,8,1,10,1
o017,0,0,1,1,1,,,7,9,0,12,1
o017,0,0,2,2,2,,,8,10,0,13,1
o017,0,0,3,3,3,,,9,11,0,14,1
o017,1,0,0,1,2,1,1,8,10,1,13,1
o017,1,0,1,2,2,,,9,11,0,16,1
o017,1,0,2,3,2,,,10,12,0,17,1
o017,1,0,3,4,3,,,11,13,0,18,1
o017,1,1,0,1,1,,,8,10,0,14,1
o017,1,1,1,1,2,1,1,9,11,1,14,1
o017,1,1,2,2,2,,,10,12,0,16,1
o017,1,1,3,3,3,,,11,13,0,17,1
o017,2,0,0,2,3,2,2,10,12,1,16,1
o017,2,0,1,3,3,,,11,13,0,20,1
o017,2,0,2,4,3,,,12,14,0,21,1
o017,2,0,3,5,3,,,13,15,0,22,1
o017,2,1,0,2,2,,,10,12,0,18,1
o017,2,1,1,2,3,2,2,11,13,1,17,1
o017,2,1,2,3,3,,,12,14,0,20,1
o017,2,1,3,4,3,,,13,15,0,21,1
o017,2,2,0,2,1,,,10,12,0,17,1
o017,2,2,1,2,2,,,11,13,0,18,1
o017,2,2,2,2,3,2,2,12,14,1,18,1
o017,2,2,3,3,3,,,13,15,0,20,1
o017,3,0,0,3,4,3,3,12,14,1,19,1
o017,3,0,1,4,4,,,13,15,0,24,1
o017,3,0,2,5,4,,,14,16,0,25,1
o017,3,0,3,6,4,,,15,17,0,26,1
o017,3,1,0,3,3,,,12,14,0,22,1
o017,3,1,1,3,4,3,3,13,15,1,20,1
o017,3,1,2,4,4,,,14,16,0,24,1
o017,3,1,3,5,4,,,15,17,0,25,1
o017,3,2,0,3,2,,,12,14,0,21,1
o017,3,2,1,3,3,,,13,15,0,22,1
o017,3,2,2,3,4,3,3,14,16,1,21,1
o017,3,2,3,4,4,,,15,17,0,24,1
o017,3,3,0,3,1,,,12,14,0,20,1
o017,3,3,1,3,2,,,13,15,0,21,1
o017,3,3,2,3,3,,,14,16,0,22,1
o017,3,3,3,3,4,3,3,15,17,1,22,1
o018,0,0,0,0,1,0,0,6,8,1,10,1
o018,0,0,1,1,1,,,7,9,0,12,1
o018,0,0,2,2,2,,,8,10,0,13,1
o018,0,0,3,3,3,,,9,11,0,14,1
o018,1,0,0,1,2,1,1,8,10,1,13,1
o018,1,0,1,2,2,,,9,11,0,16,1
o018,1,0,2,3,2,,,10,12,0,17,1
o018,1,0,3,4,3,,,11,13,0,18,1
o018,1,1,0,1,1,,,8,10,0,14,1
o018,1,1,1,1,2,1,1,9,11,1,14,1
o018,1,1,2,2,2,,,10,12,0,16,1
o018,1,1,3,3,3,,,11,13,0,17,1
o018,2,0,0,2,3,2,2,10,12,1,16,1
o018,2,0,1,3,3,,,11,13,0,20,1
o018,2,0,2,4,3,,,12,14,0,21,1
o018,2,0,3,5,3,,,13,15,0,22,1
o018,2,1,0,2,2,,,10,12,0,18,1
o018,2,1,1,2,3,2,2,11,13,1,17,1
o018,2,1,2,3,3,,,12,14,0,20,1
o018,2,1,3,4,3,,,13,15,0,21,1
o018,2,2,0,2,1,,,10,12,0,17,1
o018,2,2,1,2,2,,,11,13,0,18,1
o018,2,2,2,2,3,2,2,12,14,1,18,1
o018,2,2,3,3,3,,,13,15,0,20,1
o018,3,0,0,3,4,3,3,12,14,1,19,1
o018,3,0,1,4,4,,,13,15,0,24,1
o018,3,0,2,5,4,,,14,16,0,25,1
o018,3,0,3,6,4,,,15,17,0,26,1
o018,3,1,0,3,3,,,12,14,0,22,1
o018,3,1,1,3,4,3,3,13,15,1,20,1
o018,3,1,2,4,4,,,14,16,0,24,1
o018,3,1,3,5,4,,,15,17,0,25,1
o018,3,2,0,3,2,,,12,14,0,21,1
o018,3,2,1,3,3,,,13,15,0,22,1
o018,3,2,2,3,4,3,3,14,16,1,21,1
o018,3,2,3,4,4,,,15,17,0,24,1
o018,3,3,0,3,1,,,12,14,0,20,1
o018,3,3,1,3,2,,,13,15,0,21,1
o018,3,3,2,3,3,,,14,16,0,22,1
o018,3,3,3,3,4,3,3,15,17,1,22,1
o019,0,0,0,0,1,0,0,6,8,1,10,1
o019,0,0,1,1,1,,,7,9,0,12,1
o019,0,0,2,2,2,,,8,10,0,13,1
o019,0,0,3,3,3,,,9,11,0,14,1
o019,1,0,0,1,2,1,1,8,10,1,13,1
o019,1,0,1,2,2,,,9,11,0,16,1
o019,1,0,2,3,2,,,10,12,0,17,1
o019,1,0,3,4,3,,,11,13,0,18,1
o019,1,1,0,1,1,,,8,10,0,14,1
o019,1,1,1,1,2,1,1,9,11,1,14,1
o019,1,1,2,2,2,,,10,12,0,16,1
o019,1,1,3,3,3,,,11,13,0,17,1
o019,2,0,0,2,3,2,2,10,12,1,16,1
o019,2,0,1,3,3,,,11,13,0,20,1
o019,2,0,2,4,3,,,12,14,0,21,1
o019,2,0,3,5,3,,,13,15,0,22,1
o019,2,1,0,2,2,,,10,12,0,18,1
o019,2,1,1,2,3,2,2,11,13,1,17,1
o019,2,1,2,3,3,,,12,14,0,20,1
o019,2,1,3,4,3,,,13,15,0,21,1
o019,2,2,0,2,1,,,10,12,0,17,1
o019,2,2,1,2,2,,,11,13,0,18,1
o019,2,2,2,2,3,2,2,12,14,1,18,1
o019,2,2,3,3,3,,,13,15,0,20,1
o019,3,0,0,3,4,3,3,12,14,1,19,1
o019,3,0,1,4,4,,,13,15,0,24,1
o019,3,0,2,5,4,,,14,16,0,25,1
o019,3,0,3,6,4,,,15,17,0,26,1
o019,3,1,0,3,3,,,12,14,0,22,1
o019,3,1,1,3,4,3,3,13,15,1,20,1
o019,3,1,2,4,4,,,14,16,0,24,1
o019,3,1,3,5,4,,,15,17,0,25,1
o019,3,2,0,3,2,,,12,14,0,21,1
o019,3,2,1,3,3,,,13,15,0,22,1
o019,3,2,2,3,4,3,3,14,16,1,21,1
o019,3,2,3,4,4,,,15,17,0,24,1
o019,3,3,0,3,1,,,12,14,0,20,1
o019,3,3,1,3,2,,,13,15,0,21,1
o019,3,3,2,3,3,,,14,16,0,22,1
o019,3,3,3,3,4,3,3,15,17,1,22,1
o020,0,0,0,0,1,0,0,6,8,1,10,1
o020,0,0,1,1,1,,,7,9,0,12,1
o020,0,0,2,2,2,,,8,10,0,13,1
o020,0,0,3,3,3,,,9,11,0,14,1
o020,1,0,0,1,2,1,1,8,10,1,13,1
o020,1,0,1,2,2,,,9,11,0,16,1
o020,1,0,2,3,2,,,10,12,0,17,1
o020,1,0,3,4,3,,,11,13,0,18,1
o020,1,1,0,1,1,,,8,10,0,14,1
o020,1,1,1,1,2,1,1,9,11,1,14,1
o020,1,1,2,2,2,,,10,12,0,16,1
o020,1,1,3,3,3,,,11,13,0,17,1
o020,2,0,0,2,3,2,2,10,12,1,16,1
o020,2,0,1,3,3,,,11,13,0,20,1
o020,2,0,2,4,3,,,12,14,0,21,1
o020,2,0,3,5,3,,,13,15,0,22,1
o020,2,1,0,2,2,,,10,12,0,18,1
o020,2,1,1,2,3,2,2,11,13,1,17,1
o020,2,1,2,3,3,,,12,14,0,20,1
o020,2,1,3,4,3,,,13,15,0,21,1
o020,2,2,0,2,1,,,10,12,0,17,1
o020,2,2,1,2,2,,,11,13,0,18,1
o020,2,2,2,2,3,2,2,12,14,1,18,1
o020,2,2,3,3,3,,,13,15,0,20,1
o020,3,0,0,3,4,3,3,12,14,1,19,1
o020,3,0,1,4,4,,,13,15,0,24,1
o020,3,0,2,5,4,,,14,16,0,25,1
o020,3,0,3,6,4,,,15,17,0,26,1
o020,3,1,0,3,3,,,12,14,0,22,1
o020,3,1,1,3,4,3,3,13,15,1,20,1
o020,3,1,2,4,4,,,14,16,0,24,1
o020,3,1,3,5,4,,,15,17,0,25,1
o020,3,2,0,3,2,,,12,14,0,21,1
o020,3,2,1,3,3,,,13,15,0,22,1
o020,3,2,2,3,4,3,3,14,16,1,21,1
o020,3,2,3,4,4,,,15,17,0,24,1
o020,3,3,0,3,1,,,12,14,0,20,1
o020,3,3,1,3,2,,,13,15,0,21,1
o020,3,3,2,3,3,,,14,16,0,22,1
o020,3,3,3,3,4,3,3,15,17,1,22,1
o021,0,0,0,0,1,0,0,6,8,1,10,1
o021,0,0,1,1,1,,,7,9,0,12,1
o021,0,0,2,2,2,,,8,10,0,13,1
o021,0,0,3,3,3,,,9,11,0,14,1
o021,1,0,0,1,2,1,1,8,10,1,13,1
o021,1,0,1,2,2,,,9,11,0,16,1
o021,1,0,2,3,2,,,10,12,0,17,1
o021,1,0,3,4,3,,,11,13,0,18,1
o021,1,1,0,1,1,,,8,10,0,14,1
o021,1,1,1,1,2,1,1,9,11,1,14,1
o021,1,1,2,2,2,,,10,12,0,16,1
o021,1,1,3,3,3,,,11,13,0,17,1
o021,2,0,0,2,3,2,2,10,12,1,16,1
o021,2,0,1,3,3,,,11,13,0,20,1
o021,2,0,2,4,3,,,12,14,0,21,1
o021,2,0,3,5,3,,,13,15,0,22,1
o021,2,1,0,2,2,,,10,12,0,18,1
o021,2,1,1,2,3,2,2,11,13,1,17,1
o021,2,1,2,3,3,,,12,14,0,20,1
o021,2,1,3,4,3,,,13,15,0,21,1
o021,2,2,0,2,1,,,10,12,0,17,1
o021,2,2,1,2,2,,,11,13,0,18,1
o021,2,2,2,2,3,2,2,12,14,1,18,1
o021,2,2,3,3,3,,,13,15,0,20,1
o021,3,0,0,3,4,3,3,12,14,1,19,1
o021,3,0,1,4,4,,,13,15,0,24,1
o021,3,0,2,5,4,,,14,16,0,25,1
o021,3,0,3,6,4,,,15,17,0,26,1
o021,3,1,0,3,3,,,12,14,0,22,1
o021,3,1,1,3,4,3,3,13,15,1,20,1
o021,3,1,2,4,4,,,14,16,0,24,1
o021,3,1,3,5,4,,,15,17,0,25,1
o021,3,2,0,3,2,,,12,14,0,21,1
o021,3,2,1,3,3,,,13,15,0,22,1
o021,3,2,2,3,4,3,3,14,16,1,21,1
o021,3,2,3,4,4,,,15,17,0,24,1
o021,3,3,0,3,1,,,12,14,0,20,1
o021,3,3,1,3,2,,,13,15,0,21,1
o021,3,3,2,3,3,,,14,16,0,22,1
o021,3,3,3,3,4,3,3,15,17,1,22,1
o022,0,0,0,0,1,0,0,6,8,1,10,1
o022,0,0,1,1,1,,,7,9,0,12,1
o022,0,0,2,2,2,,,8,10,0,13,1
o022,0,0,3,3,3,,,9,11,0,14,1
o022,1,0,0,1,2,1,1,8,10,1,13,1
o022,1,0,1,2,2,,,9,11,0,16,1
o022,1,0,2,3,2,,,10,12,0,17,1
o022,1,0,3,4,3,,,11,13,0,18,1
o022,1,1,0,1,1,,,8,10,0,14,1
o022,1,1,1,1,2,1,1,9,11,1,14,1
o022,1,1,2,2,2,,,10,12,0,16,1
o022,1,1,3,3,3,,,11,13,0,17,1
o022,2,0,0,2,3,2,2,10,12,1,16,1
o022,2,0,1,3,3,,,11,13,0,20,1
o022,2,0,2,4,3,,,12,14,0,21,1
o022,2,0,3,5,3,,,13,15,0,22,1
o022,2,1,0,2,2,,,10,12,0,18,1
o022,2,1,1,2,3,2,2,11,13,1,17,1
o022,2,1,2,3,3,,,12,14,0,20,1
o022,2,1,3,4,3,,,13,15,0,21,1
o022,2,2,0,2,1,,,10,12,0,17,1
o022,2,2,1,2,2,,,11,13,0,18,1
o022,2,2,2,2,3,2,2,12,14,1,18,1
o022,2,2,3,3,3,,,13,15,0,20,1
o022,3,0,0,3,4,3,3,12,14,1,19,1
o022,3,0,1,4,4,,,13,15,0,24,1
o022,3,0,2,5,4,,,14,16,0,25,1
o022,3,0,3,6,4,,,15,17,0,26,1
o022,3,1,0,3,3,,,12,14,0,22,1
o022,3,1,1,3,4,3,3,13,15,1,20,1
o022,3,1,2,4,4,,,14,16,0,24,1
o022,3,1,3,5,4,,,15,17,0,25,1
o022,3,2,0,3,2,,,12,14,0,21,1
o022,3,2,1,3,3,,,13,15,0,22,1
o022,3,2,2,3,4,3,3,14,16,1,21,1
o022,3,2,3,4,4,,,15,17,0,24,1
o022,3,3,0,3,1,,,12,14,0,20,1
o022,3,3,1,3,2,,,13,15,0,21,1
o022,3,3,2,3,3,,,14,16,0,22,1
o022,3,3,3,3,4,3,3,15,17,1,22,1
o023,0,0,0,0,1,0,0,6,8,1,10,1
o023,0,0,1,1,1,,,7,9,0,12,1
o023,0,0,2,2,2,,,8,10,0,13,1
o023,0,0,3,3,3,,,9,11,0,14,1
o023,1,0,0,1,2,1,1,8,10,1,13,1
o023,1,0,1,2,2,,,9,11,0,16,1
o023,1,0,2,3,2,,,10,12,0,17,1
o023,1,0,3,4,3,,,11,13,0,18,1
o023,1,1,0,1,1,,,8,10,0,14,1
o023,1,1,1,1,2,1,1,9,11,1,14,1
o023,1,1,2,2,2,,,10,12,0,16,1
o023,1,1,3,3,3,,,11,13,0,17,1
o023,2,0,0,2,3,2,2,10,12,1,16,1
o023,2,0,1,3,3,,,11,13,0,20,1
o023,2,0,2,4,3,,,12,14,0,21,1
o023,2,0,3,5,3,,,13,15,0,22,1
o023,2,1,0,2,2,,,10,12,0,18,1
o023,2,1,1,2,3,2,2,11,13,1,17,1
o023,2,1,2,3,3,,,12,14,0,20,1
o023,2,1,3,4,3,,,13,15,0,21,1
o023,2,2,0,2,1,,,10,12,0,17,1
o023,2,2,1,2,2,,,11,13,0,18,1
o023,2,2,2,2,3,2,2,12,14,1,18,1
o023,2,2,3,3,3,,,13,15,0,20,1
o023,3,0,0,3,4,3,3,12,14,1,19,1
o023,3,0,1,4,4,,,13,15,0,24,1
o023,3,0,2,5,4,,,14,16,0,25,1
o023,3,0,3,6,4,,,15,17,0,26,1
o023,3,1,0,3,3,,,12,14,0,22,1
o023,3,1,1,3,4,3,3,13,15,1,20,1
o023,3,1,2,4,4,,,14,16,0,24,1
o023,3,1,3,5,4,,,15,17,0,25,1
o023,3,2,0,3,2,,,12,14,0,21,1
o023,3,2,1,3,3,,,13,15,0,22,1
o023,3,2,2,3,4,3,3,14,16,1,21,1
o023,3,2,3,4,4,,,15,17,0,24,1
o023,3,3,0,3,1,,,12,14,0,20,1
o023,3,3,1,3,2,,,13,15,0,21,1
o023,3,3,2,3,3,,,14,16,0,22,1
o023,3,3,3,3,4,3,3,15,17,1,22,1
o024,0,0,0,0,1,0,0,6,8,1,10,1
o024,0,0,1,1,1,,,7,9,0,12,1
o024,0,0,2,2,2,,,8,10,0,13,1
o024,0,0,3,3,3,,,9,11,0,14,1
o024,1,0,0,1,2,1,1,8,10,1,13,1
o024,1,0,1,2,2,,,9,11,0,16,1
o024,1,0,2,3,2,,,10,12,0,17,1
o024,1,0,3,4,3,,,11,13,0,18,1
o024,1,1,0,1,1,,,8,10,0,14,1
o024,1,1,1,1,2,1,1,9,11,1,14,1
o024,1,1,2,2,2,,,10,12,0,16,1
o024,1,1,3,3,3,,,11,13,0,17,1
o024,2,0,0,2,3,2,2,10,12,1,16,1
o024,2,0,1,3,3,,,11,13,0,20,1
o024,2,0,2,4,3,,,12,14,0,21,1
o024,2,0,3,5,3,,,13,15,0,22,1
o024,2,1,0,2,2,,,10,12,0,18,1
o024,2,1,1,2,3,2,2,11,13,1,17,1
o024,2,1,2,3,3,,,12,14,0,20,1
o024,2,1,3,4,3,,,13,15,0,21,1
o024,2,2,0,2,1,,,10,12,0,17,1
o024,2,2,1,2,2,,,11,13,0,18,1
o024,2,2,2,2,3,2,2,12,14,1,18,1
o024,2,2,3,3,3,,,13,15,0,20,1
o024,3,0,0,3,4,3,3,12,14,1,19,1
o024,3,0,1,4,4,,,13,15,0,24,1
o024,3,0,2,5,4,,,14,16,0,25,1
o024,3,0,3,6,4,,,15,17,0,26,1
o024,3,1,0,3,3,,,12,14,0,22,1
o024,3,1,1,3,4,3,3,13,15,1,20,1
o024,3,1,2,4,4,,,14,16,0,24,1
o024,3,1,3,5,4,,,15,17,0,25,1
o024,3,2,0,3,2,,,12,14,0,21,1
o024,3,2,1,3,3,,,13,15,0,22,1
o024,3,2,2,3,4,3,3,14,16,1,21,1
o024,3,2,3,4,4,,,15,17,0,24,1
o024,3,3,0,3,1,,,12,14,0,20,1
o024,3,3,1,3,2,,,13,15,0,21,1
o024,3,3,2,3,3,,,14,16,0,22,1
o024,3,3,3,3,4,3,3,15,17,1,22,1
o025,0,0,0,0,1,0,0,6,8,1,10,1
o025,0,0,1,1,1,,,7,9,0,12,1
o025,0,0,2,2,2,,,8,10,0,13,1
o025,0,0,3,3,3,,,9,11,0,14,1
o025,1,0,0,1,2,1,1,8,10,1,13,1
o025,1,0,1,2,2,,,9,11,0,16,1
o025,1,0,2,3,2,,,10,12,0,17,1
o025,1,0,3,4,3,,,11,13,0,18,1
o025,1,1,0,1,1,,,8,10,0,14,1
o025,1,1,1,1,2,1,1,9,11,1,14,1
o025,1,1,2,2,2,,,10,12,0,16,1
o025,1,1,3,3,3,,,11,13,0,17,1
o025,2,0,0,2,3,2,2,10,12,1,16,1
o025,2,0,1,3,3,,,11,13,0,20,1
o025,2,0,2,4,3,,,12,14,0,21,1
o025,2,0,3,5,3,,,13,15,0,22,1
o025,2,1,0,2,2,,,10,12,0,18,1
o025,2,1,1,2,3,2,2,11,13,1,17,1
o025,2,1,2,3,3,,,12,14,0,20,1
o025,2,1,3,4,3,,,13,15,0,21,1
o025,2,2,0,2,1,,,10,12,0,17,1
o025,2,2,1,2,2,,,11,13,0,18,1
o025,2,2,2,2,3,2,2,12,14,1,18,1
o025,2,2,3,3,3,,,13,15,0,20,1
o025,3,0,0,3,4,3,3,12,14,1,19,1
o025,3,0,1,4,4,,,13,15,0,24,1
o025,3,0,2,5,4,,,14,16,0,25,1
o025,3,0,3,6,4,,,15,17,0,26,1
o025,3,1,0,3,3,,,12,14,0,22,1
o025,3,1,1,3,4,3,3,13,15,1,20,1
o025,3,1,2,4,4,,,14,16,0,24,1
o025,3,1,3,5,4,,,15,17,0,25,1
o025,3,2,0,3,2,,,12,14,0,21,1
o025,3,2,1,3,3,,,13,15,0,22,1
o025,3,2,2,3,4,3,3,14,16,1,21,1
o025,3,2,3,4,4,,,15,17,0,24,1
o025,3,3,0,3,1,,,12,14,0,20,1
o025,3,3,1,3,2,,,13,15,0,21,1
o025,3,3,2,3,3,,,14,16,0,22,1
o025,3,3,3,3,4,3,3,15,17,1,22,1
o026,0,0,0,0,1,0,0,6,8,1,10,1
o026,0,0,1,1,1,,,7,9,0,12,1
o026,0,0,2,2,2,,,8,10,0,13,1
o026,0,0,3,3,3,,,9,11,0,14,1
o026,1,0,0,1,2,1,1,8,10,1,13,1
o026,1,0,1,2,2,,,9,11,0,16,1
o026,1,0,2,3,2,,,10,12,0,17,1
o026,1,0,3,4,3,,,11,13,0,18,1
o026,1,1,0,1,1,,,8,10,0,14,1
o026,1,1,1,1,2,1,1,9,11,1,14,1
o026,1,1,2,2,2,,,10,12,0,16,1
o026,1,1,3,3,3,,,11,13,0,17,1
o026,2,0,0,2,3,2,2,10,12,1,16,1
o026,2,0,1,3,3,,,11,13,0,20,1
o026,2,0,2,4,3,,,12,14,0,21,1
o026,2,0,3,5,3,,,13,15,0,22,1
o026,2,1,0,2,2,,,10,12,0,18,1
o026,2,1,1,2,3,2,2,11,13,1,17,1
o026,2,1,2,3,3,,,12,14,0,20,1
o026,2,1,3,4,3,,,13,15,0,21,1
o026,2,2,0,2,1,,,10,12,0,17,1
o026,2,2,1,2,2,,,11,13,0,18,1
o026,2,2,2,2,3,2,2,12,14,1,18,1
o026,2,2,3,3,3,,,13,15,0,20,1
o026,3,0,0,3,4,3,3,12,14,1,19,1
o026,3,0,1,4,4,,,13,15,0,24,1
o026,3,0,2,5,4,,,14,16,0,25,1
o026,3,0,3,6,4,,,15,17,0,26,1
o026,3,1,0,3,3,,,12,14,0,22,1
o026,3,1,1,3,4,3,3,13,15,1,20,1
o026,3,1,2,4,4,,,14,16,0,24,1
o026,3,1,3,5,4,,,15,17,0,25,1
o026,3,2,0,3,2,,,12,14,0,21,1
o026,3,2,1,3,3,,,13,15,0,22,1
o026,3,2,2,3,4,3,3,14,16,1,21,1
o026,3,2,3,4,4,,,15,17,0,24,1
o026,3,3,0,3,1,,,12,14,0,20,1
o026,3,3,1,3,2,,,13,15,0,21,1
o026,3,3,2,3,3,,,14,16,0,22,1
o026,3,3,3,3,4,3,3,15,17,1,22,1
o027,0,0,0,0,1,0,0,6,8,1,10,1
o027,0,0,1,1,1,,,7,9,0,12,1
o027,0,0,2,2,2,,,8,10,0,13,1
o027,0,0,3,3,3,,,9,11,0,14,1
o027,1,0,0,1,2,1,1,8,10,1,13,1
o027,1,0,1,2,2,,,9,11,0,16,1
o027,1,0,2,3,2,,,10,12,0,17,1
o027,1,0,3,4,3,,,11,13,0,18,1
o027,1,1,0,1,1,,,8,10,0,14,1
o027,1,1,1,1,2,1,1,9,11,1,14,1
o027,1,1,2,2,2,,,10,12,0,16,1
o027,1,1,3,3,3,,,11,13,0,17,1
o027,2,0,0,2,3,2,2,10,12,1,16,1
o027,2,0,1,3,3,,,11,13,0,20,1
o027,2,0,2,4,3,,,12,14,0,21,1
o027,2,0,3,5,3,,,13,15,0,22,1
o027,2,1,0,2,2,,,10,12,0,18,1
o027,2,1,1,2,3,2,2,11,13,1,17,1
o027,2,1,2,3,3,,,12,14,0,20,1
o027,2,1,3,4,3,,,13,15,0,21,1
o027,2,2,0,2,1,,,10,12,0,17,1
o027,2,2,1,2,2,,,11,13,0,18,1
o027,2,2,2,2,3,2,2,12,14,1,18,1
o027,2,2,3,3,3,,,13,15,0,20,1
o027,3,0,0,3,4,3,3,12,14,1,19,1
o027,3,0,1,4,4,,,13,15,0,24,1
o027,3,0,2,5,4,,,14,16,0,25,1
o027,3,0,3,6,4,,,15,17,0,26,1
o027,3,1,0,3,3,,,12,14,0,22,1
o027,3,1,1,3,4,3,3,13,15,1,20,1
o027,3,1,2,4,4,,,14,16,0,24,1
o027,3,1,3,5,4,,,15,17,0,25,1
o027,3,2,0,3,2,,,12,14,0,21,1
o027,3,2,1,3,3,,,13,15,0,22,1
o027,3,2,2,3,4,3,3,14,16,1,21,1
o027,3,2,3,4,4,,,15,17,0,24,1
o027,3,3,0,3,1,,,12,14,0,20,1
o027,3,3,1,3,2,,,13,15,0,21,1
o027,3,3,2,3,3,,,14,16,0,22,1
o027,3,3,3,3,4,3,3,15,17,1,22,1
o028,0,0,0,0,1,0,0,6,8,1,10,1
o028,0,0,1,1,1,,,7,9,0,12,1
o028,0,0,2,2,2,,,8,10,0,13,1
o028,0,0,3,3,3,,,9,11,0,14,1
o028,1,0,0,1,2,1,1,8,10,1,13,1
o028,1,0,1,2,2,,,9,11,0,16,1
o028,1,0,2,3,2,,,10,12,0,17,1
o028,1,0,3,4,3,,,11,13,0,18,1
o028,1,1,0,1,1,,,8,10,0,14,1
o028,1,1,1,1,2,1,1,9,11,1,14,1
o028,1,1,2,2,2,,,10,12,0,16,1
o028,1,1,3,3,3,,,11,13,0,17,1
o028,2,0,0,2,3,2,2,10,12,1,16,1
o028,2,0,1,3,3,,,11,13,0,20,1
o028,2,0,2,4,3,,,12,14,0,21,1
o028,2,0,3,5,3,,,13,15,0,22,1
o028,2,1,0,2,2,,,10,12,0,18,1
o028,2,1,1,2,3,2,2,11,13,1,17,1
o028,2,1,2,3,3,,,12,14,0,20,1
o028,2,1,3,4,3,,,13,15,0,21,1
o028,2,2,0,2,1,,,10,12,0,17,1
o028,2,2,1,2,2,,,11,13,0,18,1
o028,2,2,2,2,3,2,2,12,14,1,18,1
o028,2,2,3,3,3,,,13,15,0,20,1
o028,3,0,0,3,4,3,3,12,14,1,19,1
o028,3,0,1,4,4,,,13,15,0,24,1
o028,3,0,2,5,4,,,14,16,0,25,1
o028,3,0,3,6,4,,,15,17,0,26,1
o028,3,1,0,3,3,,,12,14,0,22,1
o028,3,1,1,3,4,3,3,13,15,1,20,1
o028,3,1,2,4,4,,,14,16,0,24,1
o028,3,1,3,5,4,,,15,17,0,25,1
o028,3,2,0,3,2,,,12,14,0,21,1
o028,3,2,1,3,3,,,13,15,0,22,1
o028,3,2,2,3,4,3,3,14,16,1,21,1
o028,3,2,3,4,4,,,15,17,0,24,1
o028,3,3,0,3,1,,,12,14,0,20,1
o028,3,3,1,3,2,,,13,15,0,21,1
o028,3,3,2,3,3,,,14,16,0,22,1
o028,3,3,3,3,4,3,3,15,17,1,22,1
o029,0,0,0,0,1,0,0,6,8,1,10,1
o029,0,0,1,1,1,,,7,9,0,12,1
o029,0,0,2,2,2,,,8,10,0,13,1
o029,0,0,3,3,3,,,9,11,0,14,1
o029,1,0,0,1,2,1,1,8,10,1,13,1
o029,1,0,1,2,2,,,9,11,0,16,1
o029,1,0,2,3,2,,,10,12,0,17,1
o029,1,0,3,4,3,,,11,13,0,18,1
o029,1,1,0,1,1,,,8,10,0,14,1
o029,1,1,1,1,2,1,1,9,11,1,14,1
o029,1,1,2,2,2,,,10,12,0,16,1
o029,1,1,3,3,3,,,11,13,0,17,1
o029,2,0,0,2,3,2,2,10,12,1,16,1
o029,2,0,1,3,3,,,11,13,0,20,1
o029,2,0,2,4,3,,,12,14,0,21,1
o029,2,0,3,5,3,,,13,15,0,22,1
o029,2,1,0,2,2,,,10,12,0,18,1
o029,2,1,1,2,3,2,2,11,13,1,17,1
o029,2,1,2,3,3,,,12,14,0,20,1
o029,2,1,3,4,3,,,13,15,0,21,1
o029,2,2,0,2,1,,,10,12,0,17,1
o029,2,2,1,2,2,,,11,13,0,18,1
o029,2,2,2,2,3,2,2,12,14,1,18,1
o029,2,2,3,3,3,,,13,15,0,20,1
o029,3,0,0,3,4,3,3,12,14,1,19,1
o029,3,0,1,4,4,,,13,15,0,24,1
o029,3,0,2,5,4,,,14,16,0,25,1
o029,3,0,3,6,4,,,15,17,0,26,1
o029,3,1,0,3,3,,,12,14,0,22,1
o029,3,1,1,3,4,3,3,13,15,1,20,1
o029,3,1,2,4,4,,,14,16,0,24,1
o029,3,1,3,5,4,,,15,17,0,25,1
o029,3,2,0,3,2,,,12,14,0,21,1
o029,3,2,1,3,3,,,13,15,0,22,1
o029,3,2,2,3,4,3,3,14,16,1,21,1
o029,3,2,3,4,4,,,15,17,0,24,1
o029,3,3,0,3,1,,,12,14,0,20,1
o029,3,3,1,3,2,,,13,15,0,21,1
o029,3,3,2,3,3,,,14,16,0,22,1
o029,3,3,3,3,4,3,3,15,17,1,22,1
o030,0,0,0,0,1,0,0,6,8,1,10,1
o030,0,0,1,1,1,,,7,9,0,12,1
o030,0,0,2,2,2,,,8,10,0,13,1
o030,0,0,3,3,3,,,9,11,0,14,1
o030,1,0,0,1,2,1,1,8,10,1,13,1
o030,1,0,1,2,2,,,9,11,0,16,1
o030,1,0,2,3,2,,,10,12,0,17,1
o030,1,0,3,4,3,,,11,13,0,18,1
o030,1,1,0,1,1,,,8,10,0,14,1
o030,1,1,1,1,2,1,1,9,11,1,14,1
o030,1,1,2,2,2,,,10,12,0,16,1
o030,1,1,3,3,3,,,11,13,0,17,1
o030,2,0,0,2,3,2,2,10,12,1,16,1
o030,2,0,1,3,3,,,11,13,0,20,1
o030,2,0,2,4,3,,,12,14,0,21,1
o030,2,0,3,5,3,,,13,15,0,22,1
o030,2,1,0,2,2,,,10,12,0,18,1
o030,2,1,1,2,3,2,2,11,13,1,17,1
o030,2,1,2,3,3,,,12,14,0,20,1
o030,2,1,3,4,3,,,13,15,0,21,1
o030,2,2,0,2,1,,,10,12,0,17,1
o030,2,2,1,2,2,,,11,13,0,18,1
o030,2,2,2,2,3,2,2,12,14,1,18,1
o030,2,2,3,3,3,,,13,15,0,20,1
o030,3,0,0,3,4,3,3,12,14,1,19,1
o030,3,0,1,4,4,,,13,15,0,24,1
o030,3,0,2,5,4,,,14,16,0,25,1
o030,3,0,3,6,4,,,15,17,0,26,1
o030,3,1,0,3,3,,,12,14,0,22,1
o030,3,1,1,3,4,3,3,13,15,1,20,1
o030,3,1,2,4,4,,,14,16,0,24,1
o030,3,1,3,5,4,,,15,17,0,25,1
o030,3,2,0,3,2,,,12,14,0,21,1
o030,3,2,1,3,3,,,13,15,0,22,1
o030,3,2,2,3,4,3,3,14,16,1,21,1
o030,3,2,3,4,4,,,15,17,0,24,1
o030,3,3,0,3,1,,,12,14,0,20,1
o030,3,3,1,3,2,,,13,15,0,21,1
o030,3,3,2,3,3,,,14,16,0,22,1
o030,3,3,3,3,4,3,3,15,17,1,22,1
o031,0,0,0,0,1,0,0,6,8,1,10,1
o031,0,0,1,1,1,,,7,9,0,12,1
o031,0,0,2,2,2,,,8,10,0,13,1
o031,0,0,3,3,3,,,9,11,0,14,1
o031,1,0,0,1,2,1,1,8,10,1,13,1
o031,1,0,1,2,2,,,9,11,0,16,1
o031,1,0,2,3,2,,,10,12,0,17,1
o031,1,0,3,4,3,,,11,13,0,18,1
o031,1,1,0,1,1,,,8,10,0,14,1
o031,1,1,1,1,2,1,1,9,11,1,14,1
o031,1,1,2,2,2,,,10,12,0,16,1
o031,1,1,3,3,3,,,11,13,0,17,1
o031,2,0,0,2,3,2,2,10,12,1,16,1
o031,2,0,1,3,3,,,11,13,0,20,1
o031,2,0,2,4,3,,,12,14,0,21,1
o031,2,0,3,5,3,,,13,15,0,22,1
o031,2,1,0,2,2,,,10,12,0,18,1
o031,2,1,1,2,3,2,2,11,13,1,17,1
o031,2,1,2,3,3,,,12,14,0,20,1
o031,2,1,3,4,3,,,13,15,0,21,1
o031,2,2,0,2,1,,,10,12,0,17,1
o031,2,2,1,2,2,,,11,13,0,18,1
o031,2,2,2,2,3,2,2,12,14,1,18,1
o031,2,2,3,3,3,,,13,15,0,20,1
o031,3,0,0,3,4,3,3,12,14,1,19,1
o031,3,0,1,4,4,,,13,15,0,24,1
o031,3,0,2,5,4,,,14,16,0,25,1
o031,3,0,3,6,4,,,15,17,0,26,1
o031,3,1,0,3,3,,,12,14,0,22,1
o031,3,1,1,3,4,3,3,13,15,1,20,1
o031,3,1,2,4,4,,,14,16,0,24,1
o031,3,1,3,5,4,,,15,17,0,25,1
o031,3,2,0,3,2,,,12,14,0,21,1
o031,3,2,1,3,3,,,13,15,0,22,1
o031,3,2,2,3,4,3,3,14,16,1,21,1
o031,3,2,3,4,4,,,15,17,0,24,1
o031,3,3,0,3,1,,,12,14,0,20,1
o031,3,3,1,3,2,,,13,15,0,21,1
o031,3,3,2,3,3,,,14,16,0,22,1
o031,3,3,3,3,4,3,3,15,17,1,22,1
o032,0,0,0,0,0,,,6,8,0,3,1
o032,0,0,1,1,1,,,7,9,0,4,1
o032,0,0,2,2,2,,,8,10,0,4,1
o032,0,0,3,3,3,,,9,11,0,4,1
o032,1,0,0,0,0,,,8,10,0,4,1
o032,1,0,1,1,1,,,9,11,0,5,1
o032,1,0,2,2,2,,,10,12,0,5,1
o032,1,0,3,3,3,,,11,13,0,5,1
o032,1,1,0,0,0,,,8,10,0,5,1
o032,1,1,1,1,1,,,9,11,0,5,1
o032,1,1,2,2,2,,,10,12,0,5,1
o032,1,1,3,3,3,,,11,13,0,5,1
o032,2,0,0,0,0,,,10,12,0,5,1
o032,2,0,1,1,1,,,11,13,0,6,1
o032,2,0,2,2,2,,,12,14,0,6,1
o032,2,0,3,3,3,,,13,15,0,6,1
o032,2,1,0,0,0,,,10,12,0,7,1
o032,2,1,1,1,1,,,11,13,0,7,1
o032,2,1,2,2,2,,,12,14,0,7,1
o032,2,1,3,3,3,,,13,15,0,7,1
o032,2,2,0,0,0,,,10,12,0,5,1
o032,2,2,1,1,1,,,11,13,0,6,1
o032,2,2,2,2,2,,,12,14,0,6,1
o032,2,2,3,3,3,,,13,15,0,6,1
o032,3,0,0,0,0,,,12,14,0,6,1
o032,3,0,1,1,1,,,13,15,0,7,1
o032,3,0,2,2,2,,,14,16,0,7,1
o032,3,0,3,3,3,,,15,17,0,7,1
o032,3,1,0,0,0,,,12,14,0,9,1
o032,3,1,1,1,1,,,13,15,0,9,1
o032,3,1,2,2,2,,,14,16,0,9,1
o032,3,1,3,3,3,,,15,17,0,9,1
o032,3,2,0,0,0,,,12,14,0,6,1
o032,3,2,1,1,1,,,13,15,0,7,1
o032,3,2,2,2,2,,,14,16,0,7,1
o032,3,2,3,3,3,,,15,17,0,7,1
o032,3,3,0,0,0,,,12,14,0,7,1
o032,3,3,1,1,1,,,13,15,0,7,1
o032,3,3,2,2,2,,,14,16,0,7,1
o032,3,3,3,3,3,,,15,17,0,7,1
o033,0,0,0,0,0,,,6,8,0,5,1
o033,0,0,1,1,1,,,7,9,0,5,1
o033,0,0,2,2,2,,,8,10,0,5,1
o033,0,0,3,3,3,,,9,11,0,5,1
o033,1,0,0,0,1,0,0,8,10,1,5,1
o033,1,0,1,1,1,,,9,11,0,6,1
o033,1,0,2,2,2,,,10,12,0,6,1
o033,1,0,3,3,3,,,11,13,0,6,1
o033,1,1,0,0,0,,,8,10,0,7,1
o033,1,1,1,1,1,,,9,11,0,6,1
o033,1,1,2,2,2,,,10,12,0,6,1
o033,1,1,3,3,3,,,11,13,0,6,1
o033,2,0,0,1,1,,,10,12,0,7,1
o033,2,0,1,1,1,,,11,13,0,7,1
o033,2,0,2,2,2,,,12,14,0,7,1
o033,2,0,3,3,3,,,13,15,0,7,1
o033,2,1,0,1,1,,,10,12,0,9,1
o033,2,1,1,1,1,,,11,13,0,8,1
o033,2,1,2,2,2,,,12,14,0,8,1
o033,2,1,3,3,3,,,13,15,0,8,1
o033,2,2,0,1,0,,,10,12,0,10,1
o033,2,2,1,1,1,,,11,13,0,6,1
o033,2,2,2,2,2,,,12,14,0,7,1
o033,2,2,3,3,3,,,13,15,0,7,1
o033,3,0,0,1,1,,,12,14,0,8,1
o033,3,0,1,1,1,,,13,15,0,8,1
o033,3,0,2,2,2,,,14,16,0,8,1
o033,3,0,3,3,3,,,15,17,0,8,1
o033,3,1,0,1,1,,,12,14,0,11,1
o033,3,1,1,1,1,,,13,15,0,10,1
o033,3,1,2,2,2,,,14,16,0,10,1
o033,3,1,3,3,3,,,15,17,0,10,1
o033,3,2,0,1,1,,,12,14,0,10,1
o033,3,2,1,1,1,,,13,15,0,7,1
o033,3,2,2,2,2,,,14,16,0,8,1
o033,3,2,3,3,3,,,15,17,0,8,1
o033,3,3,0,1,0,,,12,14,0,11,1
o033,3,3,1,1,1,,,13,15,0,8,1
o033,3,3,2,2,2,,,14,16,0,8,1
o033,3,3,3,3,3,,,15,17,0,8,1
o034,0,0,0,0,0,,,6,8,0,3,1
o034,0,0,1,1,1,,,7,9,0,4,1
o034,0,0,2,2,2,,,8,10,0,4,1
o034,0,0,3,3,3,,,9,11,0,4,1
o034,1,0,0,0,0,,,8,10,0,4,1
o034,1,0,1,1,1,,,9,11,0,5,1
o034,1,0,2,2,2,,,10,12,0,5,1
o034,1,0,3,3,3,,,11,13,0,5,1
o034,1,1,0,0,0,,,8,10,0,5,1
o034,1,1,1,1,1,,,9,11,0,5,1
o034,1,1,2,2,2,,,10,12,0,5,1
o034,1,1,3,3,3,,,11,13,0,5,1
o034,2,0,0,0,0,,,10,12,0,5,1
o034,2,0,1,1,1,,,11,13,0,6,1
o034,2,0,2,2,2,,,12,14,0,6,1
o034,2,0,3,3,3,,,13,15,0,6,1
o034,2,1,0,0,0,,,10,12,0,6,1
o034,2,1,1,1,1,,,11,13,0,6,1
o034,2,1,2,2,2,,,12,14,0,6,1
o034,2,1,3,3,3,,,13,15,0,6,1
o034,2,2,0,0,0,,,10,12,0,6,1
o034,2,2,1,1,1,,,11,13,0,6,1
o034,2,2,2,2,2,,,12,14,0,6,1
o034,2,2,3,3,3,,,13,15,0,6,1
o034,3,0,0,0,0,,,12,14,0,6,1
o034,3,0,1,1,1,,,13,15,0,7,1
o034,3,0,2,2,2,,,14,16,0,7,1
o034,3,0,3,3,3,,,15,17,0,7,1
o034,3,1,0,0,0,,,12,14,0,7,1
o034,3,1,1,1,1,,,13,15,0,7,1
o034,3,1,2,2,2,,,14,16,0,7,1
o034,3,1,3,3,3,,,15,17,0,7,1
o034,3,2,0,0,0,,,12,14,0,7,1
o034,3,2,1,1,1,,,13,15,0,7,1
o034,3,2,2,2,2,,,14,16,0,7,1
o034,3,2,3,3,3,,,15,17,0,7,1
o034,3,3,0,0,0,,,12,14,0,7,1
o034,3,3,1,1,1,,,13,15,0,7,1
o034,3,3,2,2,2,,,14,16,0,7,1
o034,3,3,3,3,3,,,15,17,0,7,1
o035,0,0,0,0,0,,,6,8,0,12,1
o035,0,0,1,1,1,,,7,9,0,14,1
o035,0,0,2,2,2,,,8,10,0,15,1
o035,0,0,3,3,3,,,9,11,0,16,1
o035,1,0,0,0,1,0,0,8,10,1,15,1
o035,1,0,1,1,1,,,9,11,0,17,1
o035,1,0,2,2,2,,,10,12,0,18,1
o035,1,0,3,3,3,,,11,13,0,19,1
o035,1,1,0,0,0,,,8,10,0,16,1
o035,1,1,1,1,1,,,9,11,0,17,1
o035,1,1,2,2,2,,,10,12,0,18,1
o035,1,1,3,3,3,,,11,13,0,19,1
o035,2,0,0,1,2,1,1,10,12,1,18,1
o035,2,0,1,1,2,1,1,11,13,1,20,1
o035,2,0,2,2,2,,,12,14,0,21,1
o035,2,0,3,3,3,,,13,15,0,22,1
o035,2,1,0,1,1,,,10,12,0,20,1
o035,2,1,1,1,1,,,11,13,0,21,1
o035,2,1,2,2,2,,,12,14,0,22,1
o035,2,1,3,3,3,,,13,15,0,23,1
o035,2,2,0,1,0,,,10,12,0,19,1
o035,2,2,1,1,1,,,11,13,0,20,1
o035,2,2,2,2,2,,,12,14,0,21,1
o035,2,2,3,3,3,,,13,15,0,22,1
o035,3,0,0,2,3,2,2,12,14,1,21,1
o035,3,0,1,2,3,2,2,13,15,1,23,1
o035,3,0,2,2,3,2,2,14,16,1,24,1
o035,3,0,3,3,3,,,15,17,0,25,1
o035,3,1,0,2,2,,,12,14,0,24,1
o035,3,1,1,2,2,,,13,15,0,25,1
o035,3,1,2,2,2,,,14,16,0,26,1
o035,3,1,3,3,3,,,15,17,0,27,1
o035,3,2,0,2,1,,,12,14,0,23,1
o035,3,2,1,2,1,,,13,15,0,24,1
o035,3,2,2,2,2,,,14,16,0,25,1
o035,3,2,3,3,3,,,15,17,0,26,1
o035,3,3,0,2,0,,,12,14,0,22,1
o035,3,3,1,2,1,,,13,15,0,23,1
o035,3,3,2,2,2,,,14,16,0,24,1
o035,3,3,3,3,3,,,15,17,0,25,1
o036,0,0,0,0,0,,,6,8,0,5,1
o036,0,0,1,1,1,,,7,9,0,5,1
o036,0,0,2,2,2,,,8,10,0,5,1
o036,0,0,3,3,3,,,9,11,0,5,1
o036,1,0,0,1,0,,,8,10,0,8,1
o036,1,0,1,1,1,,,9,11,0,6,1
o036,1,0,2,2,2,,,10,12,0,7,1
o036,1,0,3,3,3,,,11,13,0,7,1
o036,1,1,0,1,0,,,8,10,0,9,1
o036,1,1,1,1,1,,,9,11,0,7,1
o036,1,1,2,2,2,,,10,12,0,7,1
o036,1,1,3,3,3,,,11,13,0,7,1
o036,2,0,0,1,0,,,10,12,0,10,1
o036,2,0,1,1,1,,,11,13,0,7,1
o036,2,0,2,2,2,,,12,14,0,8,1
o036,2,0,3,3,3,,,13,15,0,8,1
o036,2,1,0,1,0,,,10,12,0,12,1
o036,2,1,1,1,1,,,11,13,0,9,1
o036,2,1,2,2,2,,,12,14,0,9,1
o036,2,1,3,3,3,,,13,15,0,9,1
o036,2,2,0,1,0,,,10,12,0,10,1
o036,2,2,1,1,1,,,11,13,0,8,1
o036,2,2,2,2,2,,,12,14,0,8,1
o036,2,2,3,3,3,,,13,15,0,8,1
o036,3,0,0,1,0,,,12,14,0,12,1
o036,3,0,1,1,1,,,13,15,0,8,1
o036,3,0,2,2,2,,,14,16,0,9,1
o036,3,0,3,3,3,,,15,17,0,9,1
o036,3,1,0,1,0,,,12,14,0,15,1
o036,3,1,1,1,1,,,13,15,0,11,1
o036,3,1,2,2,2,,,14,16,0,11,1
o036,3,1,3,3,3,,,15,17,0,11,1
o036,3,2,0,1,0,,,12,14,0,12,1
o036,3,2,1,1,1,,,13,15,0,9,1
o036,3,2,2,2,2,,,14,16,0,9,1
o036,3,2,3,3,3,,,15,17,0,9,1
o036,3,3,0,1,0,,,12,14,0,13,1
o036,3,3,1,1,1,,,13,15,0,9,1
o036,3,3,2,2,2,,,14,16,0,9,1
o036,3,3,3,3,3,,,15,17,0,9,1
o037,0,0,0,0,1,0,0,6,8,1,4,1
o037,0,0,1,1,1,,,7,9,0,5,1
o037,0,0,2,2,2,,,8,10,0,5,1
o037,0,0,3,3,3,,,9,11,0,5,1
o037,1,0,0,1,1,,,8,10,0,6,1
o037,1,0,1,1,1,,,9,11,0,6,1
o037,1,0,2,2,2,,,10,12,0,7,1
o037,1,0,3,3,3,,,11,13,0,7,1
o037,1,1,0,1,1,,,8,10,0,8,1
o037,1,1,1,1,1,,,9,11,0,7,1
o037,1,1,2,2,2,,,10,12,0,7,1
o037,1,1,3,3,3,,,11,13,0,7,1
o037,2,0,0,1,1,,,10,12,0,7,1
o037,2,0,1,1,1,,,11,13,0,7,1
o037,2,0,2,2,2,,,12,14,0,8,1
o037,2,0,3,3,3,,,13,15,0,8,1
o037,2,1,0,1,1,,,10,12,0,9,1
o037,2,1,1,1,1,,,11,13,0,9,1
o037,2,1,2,2,2,,,12,14,0,9,1
o037,2,1,3,3,3,,,13,15,0,9,1
o037,2,2,0,1,1,,,10,12,0,9,1
o037,2,2,1,1,1,,,11,13,0,7,1
o037,2,2,2,2,2,,,12,14,0,8,1
o037,2,2,3,3,3,,,13,15,0,8,1
o037,3,0,0,1,1,,,12,14,0,8,1
o037,3,0,1,1,1,,,13,15,0,8,1
o037,3,0,2,2,2,,,14,16,0,9,1
o037,3,0,3,3,3,,,15,17,0,9,1
o037,3,1,0,1,1,,,12,14,0,11,1
o037,3,1,1,1,1,,,13,15,0,11,1
o037,3,1,2,2,2,,,14,16,0,11,1
o037,3,1,3,3,3,,,15,17,0,11,1
o037,3,2,0,1,1,,,12,14,0,10,1
o037,3,2,1,1,1,,,13,15,0,8,1
o037,3,2,2,2,2,,,14,16,0,9,1
o037,3,2,3,3,3,,,15,17,0,9,1
o037,3,3,0,1,1,,,12,14,0,10,1
o037,3,3,1,1,1,,,13,15,0,9,1
o037,3,3,2,2,2,,,14,16,0,9,1
o037,3,3,3,3,3,,,15,17,0,9,1
o038,0,0,0,0,0,,,6,8,0,4,1
o038,0,0,1,1,1,,,7,9,0,5,1
o038,0,0,2,2,2,,,8,10,0,5,1
o038,0,0,3,3,3,,,9,11,0,5,1
o038,1,0,0,1,0,,,8,10,0,7,1
o038,1,0,1,1,1,,,9,11,0,6,1
o038,1,0,2,2,2,,,10,12,0,7,1
o038,1,0,3,3,3,,,11,13,0,7,1
o038,1,1,0,1,0,,,8,10,0,8,1
o038,1,1,1,1,1,,,9,11,0,7,1
o038,1,1,2,2,2,,,10,12,0,7,1
o038,1,1,3,3,3,,,11,13,0,7,1
o038,2,0,0,1,0,,,10,12,0,9,1
o038,2,0,1,1,1,,,11,13,0,7,1
o038,2,0,2,2,2,,,12,14,0,8,1
o038,2,0,3,3,3,,,13,15,0,8,1
o038,2,1,0,1,0,,,10,12,0,10,1
o038,2,1,1,1,1,,,11,13,0,8,1
o038,2,1,2,2,2,,,12,14,0,8,1
o038,2,1,3,3,3,,,13,15,0,8,1
o038,2,2,0,1,0,,,10,12,0,10,1
o038,2,2,1,1,1,,,11,13,0,8,1
o038,2,2,2,2,2,,,12,14,0,8,1
o038,2,2,3,3,3,,,13,15,0,8,1
o038,3,0,0,1,0,,,12,14,0,11,1
o038,3,0,1,1,1,,,13,15,0,8,1
o038,3,0,2,2,2,,,14,16,0,9,1
o038,3,0,3,3,3,,,15,17,0,9,1
o038,3,1,0,1,0,,,12,14,0,12,1
o038,3,1,1,1,1,,,13,15,0,9,1
o038,3,1,2,2,2,,,14,16,0,9,1
o038,3,1,3,3,3,,,15,17,0,9,1
o038,3,2,0,1,0,,,12,14,0,12,1
o038,3,2,1,1,1,,,13,15,0,9,1
o038,3,2,2,2,2,,,14,16,0,9,1
o038,3,2,3,3,3,,,15,17,0,9,1
o038,3,3,0,1,0,,,12,14,0,12,1
o038,3,3,1,1,1,,,13,15,0,9,1
o038,3,3,2,2,2,,,14,16,0,9,1
o038,3,3,3,3,3,,,15,17,0,9,1
o039,0,0,0,0,1,0,0,6,8,1,19,1
o039,0,0,1,1,1,,,7,9,0,22,1
o039,0,0,2,2,2,,,8,10,0,24,1
o039,0,0,3,3,3,,,9,11,0,26,1
o039,1,0,0,1,2,1,1,8,10,1,25,1
o039,1,0,1,1,2,1,1,9,11,1,27,1
o039,1,0,2,2,2,,,10,12,0,30,1
o039,1,0,3,3,3,,,11,13,0,32,1
o039,1,1,0,1,1,,,8,10,0,26,1
o039,1,1,1,1,1,,,9,11,0,28,1
o039,1,1,2,2,2,,,10,12,0,30,1
o039,1,1,3,3,3,,,11,13,0,32,1
o039,2,0,0,2,3,2,2,10,12,1,31,1
o039,2,0,1,2,3,2,2,11,13,1,33,1
o039,2,0,2,2,3,2,2,12,14,1,35,1
o039,2,0,3,3,3,,,13,15,0,38,1
o039,2,1,0,2,2,,,10,12,0,33,1
o039,2,1,1,2,2,,,11,13,0,35,1
o039,2,1,2,2,2,,,12,14,0,37,1
o039,2,1,3,3,3,,,13,15,0,39,1
o039,2,2,0,2,1,,,10,12,0,32,1
o039,2,2,1,2,1,,,11,13,0,34,1
o039,2,2,2,2,2,,,12,14,0,36,1
o039,2,2,3,3,3,,,13,15,0,38,1
o039,3,0,0,3,4,3,3,12,14,1,37,1
o039,3,0,1,3,4,3,3,13,15,1,39,1
o039,3,0,2,3,4,3,3,14,16,1,41,1
o039,3,0,3,3,4,3,3,15,17,1,43,1
o039,3,1,0,3,3,,,12,14,0,40,1
o039,3,1,1,3,3,,,13,15,0,42,1
o039,3,1,2,3,3,,,14,16,0,44,1
o039,3,1,3,3,3,,,15,17,0,46,1
o039,3,2,0,3,2,,,12,14,0,39,1
o039,3,2,1,3,2,,,13,15,0,41,1
o039,3,2,2,3,2,,,14,16,0,43,1
o039,3,2,3,3,3,,,15,17,0,45,1
o039,3,3,0,3,1,,,12,14,0,38,1
o039,3,3,1,3,1,,,13,15,0,40,1
o039,3,3,2,3,2,,,14,16,0,42,1
o039,3,3,3,3,3,,,15,17,0,44,1
o040,0,0,0,0,0,,,6,8,0,3,1
o040,0,0,1,1,1,,,7,9,0,4,1
o040,0,0,2,2,2,,,8,10,0,4,1
o040,0,0,3,3,3,,,9,11,0,4,1
o040,1,0,0,0,0,,,8,10,0,6,1
o040,1,0,1,1,1,,,9,11,0,7,1
o040,1,0,2,2,2,,,10,12,0,7,1
o040,1,0,3,3,3,,,11,13,0,7,1
o040,1,1,0,0,0,,,8,10,0,6,1
o040,1,1,1,1,1,,,9,11,0,7,1
o040,1,1,2,2,2,,,10,12,0,7,1
o040,1,1,3,3,3,,,11,13,0,7,1
o040,2,0,0,0,0,,,10,12,0,8,1
o040,2,0,1,1,1,,,11,13,0,9,1
o040,2,0,2,2,2,,,12,14,0,9,1
o040,2,0,3,3,3,,,13,15,0,9,1
o040,2,1,0,0,0,,,10,12,0,8,1
o040,2,1,1,1,1,,,11,13,0,9,1
o040,2,1,2,2,2,,,12,14,0,9,1
o040,2,1,3,3,3,,,13,15,0,9,1
o040,2,2,0,0,0,,,10,12,0,8,1
o040,2,2,1,1,1,,,11,13,0,9,1
o040,2,2,2,2,2,,,12,14,0,9,1
o040,2,2,3,3,3,,,13,15,0,9,1
o040,3,0,0,0,0,,,12,14,0,10,1
o040,3,0,1,1,1,,,13,15,0,11,1
o040,3,0,2,2,2,,,14,16,0,11,1
o040,3,0,3,3,3,,,15,17,0,11,1
o040,3,1,0,0,0,,,12,14,0,10,1
o040,3,1,1,1,1,,,13,15,0,11,1
o040,3,1,2,2,2,,,14,16,0,11,1
o040,3,1,3,3,3,,,15,17,0,11,1
o040,3,2,0,0,0,,,12,14,0,10,1
o040,3,2,1,1,1,,,13,15,0,11,1
o040,3,2,2,2,2,,,14,16,0,11,1
o040,3,2,3,3,3,,,15,17,0,11,1
o040,3,3,0,0,0,,,12,14,0,10,1
o040,3,3,1,1,1,,,13,15,0,11,1
o040,3,3,2,2,2,,,14,16,0,11,1
o040,3,3,3,3,3,,,15,17,0,11,1
o041,0,0,0,0,0,,,6,8,0,4,1
o041,0,0,1,1,1,,,7,9,0,5,1
o041,0,0,2,2,2,,,8,10,0,5,1
o041,0,0,3,3,3,,,9,11,0,5,1
o041,1,0,0,1,1,,,8,10,0,9,1
o041,1,0,1,1,1,,,9,11,0,8,1
o041,1,0,2,2,2,,,10,12,0,8,1
o041,1,0,3,3,3,,,11,13,0,8,1
o041,1,1,0,1,0,,,8,10,0,11,1
o041,1,1,1,1,1,,,9,11,0,7,1
o041,1,1,2,2,2,,,10,12,0,8,1
o041,1,1,3,3,3,,,11,13,0,8,1
o041,2,0,0,1,1,,,10,12,0,11,1
o041,2,0,1,1,1,,,11,13,0,10,1
o041,2,0,2,2,2,,,12,14,0,10,1
o041,2,0,3,3,3,,,13,15,0,10,1
o041,2,1,0,1,1,,,10,12,0,13,1
o041,2,1,1,1,1,,,11,13,0,9,1
o041,2,1,2,2,2,,,12,14,0,10,1
o041,2,1,3,3,3,,,13,15,0,10,1
o041,2,2,0,1,0,,,10,12,0,13,1
o041,2,2,1,1,1,,,11,13,0,9,1
o041,2,2,2,2,2,,,12,14,0,10,1
o041,2,2,3,3,3,,,13,15,0,10,1
o041,3,0,0,1,1,,,12,14,0,13,1
o041,3,0,1,1,1,,,13,15,0,12,1
o041,3,0,2,2,2,,,14,16,0,12,1
o041,3,0,3,3,3,,,15,17,0,12,1
o041,3,1,0,1,1,,,12,14,0,15,1
o041,3,1,1,1,1,,,13,15,0,11,1
o041,3,1,2,2,2,,,14,16,0,12,1
o041,3,1,3,3,3,,,15,17,0,12,1
o041,3,2,0,1,1,,,12,14,0,15,1
o041,3,2,1,1,1,,,13,15,0,11,1
o041,3,2,2,2,2,,,14,16,0,12,1
o041,3,2,3,3,3,,,15,17,0,12,1
o041,3,3,0,1,0,,,12,14,0,15,1
o041,3,3,1,1,1,,,13,15,0,11,1
o041,3,3,2,2,2,,,14,16,0,12,1
o041,3,3,3,3,3,,,15,17,0,12,1
o042,0,0,0,0,0,,,6,8,0,2,1
o042,0,0,1,1,1,,,7,9,0,3,1
o042,0,0,2,2,2,,,8,10,0,3,1
o042,0,0,3,3,3,,,9,11,0,3,1
o042,1,0,0,0,0,,,8,10,0,4,1
o042,1,0,1,1,1,,,9,11,0,5,1
o042,1,0,2,2,2,,,10,12,0,5,1
o042,1,0,3,3,3,,,11,13,0,5,1
o042,1,1,0,0,0,,,8,10,0,5,1
o042,1,1,1,1,1,,,9,11,0,5,1
o042,1,1,2,2,2,,,10,12,0,5,1
o042,1,1,3,3,3,,,11,13,0,5,1
o042,2,0,0,0,0,,,10,12,0,5,1
o042,2,0,1,1,1,,,11,13,0,6,1
o042,2,0,2,2,2,,,12,14,0,6,1
o042,2,0,3,3,3,,,13,15,0,6,1
o042,2,1,0,0,0,,,10,12,0,6,1
o042,2,1,1,1,1,,,11,13,0,6,1
o042,2,1,2,2,2,,,12,14,0,6,1
o042,2,1,3,3,3,,,13,15,0,6,1
o042,2,2,0,0,0,,,10,12,0,6,1
o042,2,2,1,1,1,,,11,13,0,6,1
o042,2,2,2,2,2,,,12,14,0,6,1
o042,2,2,3,3,3,,,13,15,0,6,1
o042,3,0,0,0,0,,,12,14,0,6,1
o042,3,0,1,1,1,,,13,15,0,7,1
o042,3,0,2,2,2,,,14,16,0,7,1
o042,3,0,3,3,3,,,15,17,0,7,1
o042,3,1,0,0,0,,,12,14,0,7,1
o042,3,1,1,1,1,,,13,15,0,7,1
o042,3,1,2,2,2,,,14,16,0,7,1
o042,3,1,3,3,3,,,15,17,0,7,1
o042,3,2,0,0,0,,,12,14,0,7,1
o042,3,2,1,1,1,,,13,15,0,7,1
o042,3,2,2,2,2,,,14,16,0,7,1
o042,3,2,3,3,3,,,15,17,0,7,1
o042,3,3,0,0,0,,,12,14,0,7,1
o042,3,3,1,1,1,,,13,15,0,7,1
o042,3,3,2,2,2,,,14,16,0,7,1
o042,3,3,3,3,3,,,15,17,0,7,1
o043,0,0,0,0,0,,,6,8,0,10,1
o043,0,0,1,1,1,,,7,9,0,12,1
o043,0,0,2,2,2,,,8,10,0,13,1
o043,0,0,3,3,3,,,9,11,0,14,1
o043,1,0,0,1,1,,,8,10,0,15,1
o043,1,0,1,1,1,,,9,11,0,17,1
o043,1,0,2,2,2,,,10,12,0,18,1
o043,1,0,3,3,3,,,11,13,0,19,1
o043,1,1,0,1,0,,,8,10,0,16,1
o043,1,1,1,1,1,,,9,11,0,17,1
o043,1,1,2,2,2,,,10,12,0,18,1
o043,1,1,3,3,3,,,11,13,0,19,1
o043,2,0,0,2,2,,,10,12,0,19,1
o043,2,0,1,2,2,,,11,13,0,21,1
o043,2,0,2,2,2,,,12,14,0,22,1
o043,2,0,3,3,3,,,13,15,0,23,1
o043,2,1,0,2,1,,,10,12,0,21,1
o043,2,1,1,2,1,,,11,13,0,22,1
o043,2,1,2,2,2,,,12,14,0,23,1
o043,2,1,3,3,3,,,13,15,0,24,1
o043,2,2,0,2,0,,,10,12,0,20,1
o043,2,2,1,2,1,,,11,13,0,21,1
o043,2,2,2,2,2,,,12,14,0,22,1
o043,2,2,3,3,3,,,13,15,0,23,1
o043,3,0,0,3,3,,,12,14,0,23,1
o043,3,0,1,3,3,,,13,15,0,25,1
o043,3,0,2,3,3,,,14,16,0,26,1
o043,3,0,3,3,3,,,15,17,0,27,1
o043,3,1,0,3,2,,,12,14,0,26,1
o043,3,1,1,3,2,,,13,15,0,27,1
o043,3,1,2,3,2,,,14,16,0,28,1
o043,3,1,3,3,3,,,15,17,0,29,1
o043,3,2,0,3,1,,,12,14,0,25,1
o043,3,2,1,3,1,,,13,15,0,26,1
o043,3,2,2,3,2,,,14,16,0,27,1
o043,3,2,3,3,3,,,15,17,0,28,1
o043,3,3,0,3,0,,,12,14,0,24,1
o043,3,3,1,3,1,,,13,15,0,25,1
o043,3,3,2,3,2,,,14,16,0,26,1
o043,3,3,3,3,3,,,15,17,0,27,1
o044,0,0,0,0,0,,,6,8,0,12,1
o044,0,0,1,1,1,,,7,9,0,14,1
o044,0,0,2,2,2,,,8,10,0,15,1
o044,0,0,3,3,3,,,9,11,0,16,1
o044,1,0,0,infinity,0,,,8,10,0,29,1
o044,1,0,1,infinity,1,,,9,11,0,32,1
o044,1,0,2,infinity,2,,,10,12,0,34,1
o044,1,0,3,infinity,3,,,11,13,0,36,1
o044,1,1,0,infinity,0,,,8,10,0,29,1
o044,1,1,1,infinity,1,,,9,11,0,32,1
o044,1,1,2,infinity,2,,,10,12,0,34,1
o044,1,1,3,infinity,3,,,11,13,0,36,1
o044,2,0,0,infinity,0,,,10,12,0,37,1
o044,2,0,1,infinity,1,,,11,13,0,40,1
o044,2,0,2,infinity,2,,,12,14,0,42,1
o044,2,0,3,infinity,3,,,13,15,0,44,1
o044,2,1,0,infinity,0,,,10,12,0,37,1
o044,2,1,1,infinity,1,,,11,13,0,40,1
o044,2,1,2,infinity,2,,,12,14,0,42,1
o044,2,1,3,infinity,3,,,13,15,0,44,1
o044,2,2,0,infinity,0,,,10,12,0,37,1
o044,2,2,1,infinity,1,,,11,13,0,40,1
o044,2,2,2,infinity,2,,,12,14,0,42,1
o044,2,2,3,infinity,3,,,13,15,0,44,1
o044,3,0,0,infinity,0,,,12,14,0,45,1
o044,3,0,1,infinity,1,,,13,15,0,48,1
o044,3,0,2,infinity,2,,,14,16,0,50,1
o044,3,0,3,infinity,3,,,15,17,0,52,1
o044,3,1,0,infinity,0,,,12,14,0,45,1
o044,3,1,1,infinity,1,,,13,15,0,48,1
o044,3,1,2,infinity,2,,,14,16,0,50,1
o044,3,1,3,infinity,3,,,15,17,0,52,1
o044,3,2,0,infinity,0,,,12,14,0,45,1
o044,3,2,1,infinity,1,,,13,15,0,48,1
o044,3,2,2,infinity,2,,,14,16,0,50,1
o044,3,2,3,infinity,3,,,15,17,0,52,1
o044,3,3,0,infinity,0,,,12,14,0,45,1
o044,3,3,1,infinity,1,,,13,15,0,48,1
o044,3,3,2,infinity,2,,,14,16,0,50,1
o044,3,3,3,infinity,3,,,15,17,0,52,1
o045,0,0,0,0,1,0,0,6,8,1,19,1
o045,0,0,1,1,1,,,7,9,0,22,1
o045,0,0,2,2,2,,,8,10,0,24,1
o045,0,0,3,3,3,,,9,11,0,26,1
o045,1,0,0,infinity,1,,,8,10,0,45,1
o045,1,0,1,infinity,1,,,9,11,0,50,1
o045,1,0,2,infinity,2,,,10,12,0,54,1
o045,1,0,3,infinity,3,,,11,13,0,58,1
o045,1,1,0,infinity,1,,,8,10,0,46,1
o045,1,1,1,infinity,1,,,9,11,0,50,1
o045,1,1,2,infinity,2,,,10,12,0,53,1
o045,1,1,3,infinity,3,,,11,13,0,57,1
o045,2,0,0,infinity,1,,,10,12,0,57,1
o045,2,0,1,infinity,1,,,11,13,0,62,1
o045,2,0,2,infinity,2,,,12,14,0,66,1
o045,2,0,3,infinity,3,,,13,15,0,70,1
o045,2,1,0,infinity,1,,,10,12,0,58,1
o045,2,1,1,infinity,1,,,11,13,0,62,1
o045,2,1,2,infinity,2,,,12,14,0,65,1
o045,2,1,3,infinity,3,,,13,15,0,69,1
o045,2,2,0,infinity,1,,,10,12,0,58,1
o045,2,2,1,infinity,1,,,11,13,0,61,1
o045,2,2,2,infinity,2,,,12,14,0,66,1
o045,2,2,3,infinity,3,,,13,15,0,70,1
o045,3,0,0,infinity,1,,,12,14,0,69,1
o045,3,0,1,infinity,1,,,13,15,0,74,1
o045,3,0,2,infinity,2,,,14,16,0,78,1
o045,3,0,3,infinity,3,,,15,17,0,82,1
o045,3,1,0,infinity,1,,,12,14,0,70,1
o045,3,1,1,infinity,1,,,13,15,0,74,1
o045,3,1,2,infinity,2,,,14,16,0,77,1
o045,3,1,3,infinity,3,,,15,17,0,81,1
o045,3,2,0,infinity,1,,,12,14,0,70,1
o045,3,2,1,infinity,1,,,13,15,0,73,1
o045,3,2,2,infinity,2,,,14,16,0,78,1
o045,3,2,3,infinity,3,,,15,17,0,82,1
o045,3,3,0,infinity,1,,,12,14,0,70,1
o045,3,3,1,infinity,1,,,13,15,0,73,1
o045,3,3,2,infinity,2,,,14,16,0,78,1
o045,3,3,3,infinity,3,,,15,17,0,82,1
o046,0,0,0,0,0,,,6,8,0,10,1
o046,0,0,1,1,1,,,7,9,0,12,1
o046,0,0,2,2,2,,,8,10,0,13,1
o046,0,0,3,3,3,,,9,11,0,14,1
o046,1,0,0,infinity,0,,,8,10,0,24,1
o046,1,0,1,infinity,1,,,9,11,0,27,1
o046,1,0,2,infinity,2,,,10,12,0,29,1
o046,1,0,3,infinity,3,,,11,13,0,31,1
o046,1,1,0,infinity,0,,,8,10,0,25,1
o046,1,1,1,infinity,1,,,9,11,0,27,1
o046,1,1,2,infinity,2,,,10,12,0,29,1
o046,1,1,3,infinity,3,,,11,13,0,31,1
o046,2,0,0,infinity,0,,,10,12,0,30,1
o046,2,0,1,infinity,1,,,11,13,0,33,1
o046,2,0,2,infinity,2,,,12,14,0,35,1
o046,2,0,3,infinity,3,,,13,15,0,37,1
o046,2,1,0,infinity,0,,,10,12,0,31,1
o046,2,1,1,infinity,1,,,11,13,0,33,1
o046,2,1,2,infinity,2,,,12,14,0,35,1
o046,2,1,3,infinity,3,,,13,15,0,37,1
o046,2,2,0,infinity,0,,,10,12,0,31,1
o046,2,2,1,infinity,1,,,11,13,0,33,1
o046,2,2,2,infinity,2,,,12,14,0,35,1
o046,2,2,3,infinity,3,,,13,15,0,37,1
o046,3,0,0,infinity,0,,,12,14,0,36,1
o046,3,0,1,infinity,1,,,13,15,0,39,1
o046,3,0,2,infinity,2,,,14,16,0,41,1
o046,3,0,3,infinity,3,,,15,17,0,43,1
o046,3,1,0,infinity,0,,,12,14,0,37,1
o046,3,1,1,infinity,1,,,13,15,0,39,1
o046,3,1,2,infinity,2,,,14,16,0,41,1
o046,3,1,3,infinity,3,,,15,17,0,43,1
o046,3,2,0,infinity,0,,,12,14,0,37,1
o046,3,2,1,infinity,1,,,13,15,0,39,1
o046,3,2,2,infinity,2,,,14,16,0,41,1
o046,3,2,3,infinity,3,,,15,17,0,43,1
o046,3,3,0,infinity,0,,,12,14,0,37,1
o046,3,3,1,infinity,1,,,13,15,0,39,1
o046,3,3,2,infinity,2,,,14,16,0,41,1
o046,3,3,3,infinity,3,,,15,17,0,43,1
o047,0,0,0,0,infinity,0,infinity,6,8,8,10,1
o047,0,0,1,1,infinity,1,infinity,7,9,8,12,1
o047,0,0,2,2,infinity,2,infinity,8,10,8,13,1
o047,0,0,3,3,infinity,3,infinity,9,11,8,14,1
o047,1,0,0,infinity,infinity,,,8,10,0,31,1
o047,1,0,1,infinity,infinity,,,9,11,0,35,1
o047,1,0,2,infinity,infinity,,,10,12,0,38,1
o047,1,0,3,infinity,infinity,,,11,13,0,41,1
o047,1,1,0,infinity,infinity,,,8,10,0,33,1
o047,1,1,1,infinity,infinity,,,9,11,0,36,1
o047,1,1,2,infinity,infinity,,,10,12,0,39,1
o047,1,1,3,infinity,infinity,,,11,13,0,42,1
o047,2,0,0,infinity,infinity,,,10,12,0,47,1
o047,2,0,1,infinity,infinity,,,11,13,0,52,1
o047,2,0,2,infinity,infinity,,,12,14,0,56,1
o047,2,0,3,infinity,infinity,,,13,15,0,60,1
o047,2,1,0,infinity,infinity,,,10,12,0,50,1
o047,2,1,1,infinity,infinity,,,11,13,0,54,1
o047,2,1,2,infinity,infinity,,,12,14,0,58,1
o047,2,1,3,infinity,infinity,,,13,15,0,62,1
o047,2,2,0,infinity,infinity,,,10,12,0,50,1
o047,2,2,1,infinity,infinity,,,11,13,0,54,1
o047,2,2,2,infinity,infinity,,,12,14,0,58,1
o047,2,2,3,infinity,infinity,,,13,15,0,62,1
o047,3,0,0,infinity,infinity,,,12,14,0,66,1
o047,3,0,1,infinity,infinity,,,13,15,0,72,1
o047,3,0,2,infinity,infinity,,,14,16,0,77,1
o047,3,0,3,infinity,infinity,,,15,17,0,82,1
o047,3,1,0,infinity,infinity,,,12,14,0,70,1
o047,3,1,1,infinity,infinity,,,13,15,0,75,1
o047,3,1,2,infinity,infinity,,,14,16,0,80,1
o047,3,1,3,infinity,infinity,,,15,17,0,85,1
o047,3,2,0,infinity,infinity,,,12,14,0,70,1
o047,3,2,1,infinity,infinity,,,13,15,0,75,1
o047,3,2,2,infinity,infinity,,,14,16,0,80,1
o047,3,2,3,infinity,infinity,,,15,17,0,85,1
o047,3,3,0,infinity,infinity,,,12,14,0,70,1
o047,3,3,1,infinity,infinity,,,13,15,0,75,1
o047,3,3,2,infinity,infinity,,,14,16,0,80,1
o047,3,3,3,infinity,infinity,,,15,17,0,85,1
o048,0,0,0,0,1,0,0,6,8,1,3,1
o048,0,0,1,1,1,,,7,9,0,6,1
o048,0,0,2,2,2,,,8,10,0,6,1
o048,0,0,3,3,3,,,9,11,0,6,1
o048,1,0,0,1,1,,,8,10,0,5,1
o048,1,0,1,2,1,,,9,11,0,9,1
o048,1,0,2,3,2,,,10,12,0,9,1
o048,1,0,3,4,3,,,11,13,0,9,1
o048,1,1,0,1,1,,,8,10,0,6,1
o048,1,1,1,1,1,,,9,11,0,7,1
o048,1,1,2,2,2,,,10,12,0,7,1
o048,1,1,3,3,3,,,11,13,0,7,1
o048,2,0,0,1,1,,,10,12,0,6,1
o048,2,0,1,2,1,,,11,13,0,11,1
o048,2,0,2,3,2,,,12,14,0,11,1
o048,2,0,3,4,3,,,13,15,0,11,1
o048,2,1,0,1,1,,,10,12,0,8,1
o048,2,1,1,2,1,,,11,13,0,12,1
o048,2,1,2,3,2,,,12,14,0,12,1
o048,2,1,3,4,3,,,13,15,0,12,1
o048,2,2,0,1,1,,,10,12,0,7,1
o048,2,2,1,1,1,,,11,13,0,8,1
o048,2,2,2,2,2,,,12,14,0,8,1
o048,2,2,3,3,3,,,13,15,0,8,1
o048,3,0,0,1,1,,,12,14,0,7,1
o048,3,0,1,2,1,,,13,15,0,13,1
o048,3,0,2,3,2,,,14,16,0,13,1
o048,3,0,3,4,3,,,15,17,0,13,1
o048,3,1,0,1,1,,,12,14,0,10,1
o048,3,1,1,2,1,,,13,15,0,15,1
o048,3,1,2,3,2,,,14,16,0,15,1
o048,3,1,3,4,3,,,15,17,0,15,1
o048,3,2,0,1,1,,,12,14,0,8,1
o048,3,2,1,2,1,,,13,15,0,13,1
o048,3,2,2,3,2,,,14,16,0,13,1
o048,3,2,3,4,3,,,15,17,0,13,1
o048,3,3,0,1,1,,,12,14,0,8,1
o048,3,3,1,1,1,,,13,15,0,9,1
o048,3,3,2,2,2,,,14,16,0,9,1
o048,3,3,3,3,3,,,15,17,0,9,1
o049,0,0,0,0,1,0,0,6,8,1,11,1
o049,0,0,1,1,1,,,7,9,0,20,1
o049,0,0,2,2,2,,,8,10,0,14,1
o049,0,0,3,3,3,,,9,11,0,22,1
o049,1,0,0,1,2,1,1,8,10,1,14,1
o049,1,0,1,2,2,,,9,11,0,25,1
o049,1,0,2,3,2,,,10,12,0,18,1
o049,1,0,3,4,3,,,11,13,0,27,1
o049,1,1,0,1,1,,,8,10,0,15,1
o049,1,1,1,1,2,1,1,9,11,1,25,1
o049,1,1,2,2,2,,,10,12,0,17,1
o049,1,1,3,3,3,,,11,13,0,27,1
o049,2,0,0,2,3,2,2,10,12,1,17,1
o049,2,0,1,3,3,,,11,13,0,30,1
o049,2,0,2,4,3,,,12,14,0,22,1
o049,2,0,3,5,3,,,13,15,0,32,1
o049,2,1,0,2,2,,,10,12,0,19,1
o049,2,1,1,2,3,2,2,11,13,1,30,1
o049,2,1,2,3,3,,,12,14,0,21,1
o049,2,1,3,4,3,,,13,15,0,32,1
o049,2,2,0,2,1,,,10,12,0,18,1
o049,2,2,1,2,2,,,11,13,0,30,1
o049,2,2,2,2,3,2,2,12,14,1,19,1
o049,2,2,3,3,3,,,13,15,0,32,1
o049,3,0,0,3,4,3,3,12,14,1,20,1
o049,3,0,1,4,4,,,13,15,0,35,1
o049,3,0,2,5,4,,,14,16,0,26,1
o049,3,0,3,6,4,,,15,17,0,37,1
o049,3,1,0,3,3,,,12,14,0,23,1
o049,3,1,1,3,4,3,3,13,15,1,35,1
o049,3,1,2,4,4,,,14,16,0,25,1
o049,3,1,3,5,4,,,15,17,0,37,1
o049,3,2,0,3,2,,,12,14,0,22,1
o049,3,2,1,3,3,,,13,15,0,35,1
o049,3,2,2,3,4,3,3,14,16,1,22,1
o049,3,2,3,4,4,,,15,17,0,37,1
o049,3,3,0,3,1,,,12,14,0,21,1
o049,3,3,1,3,2,,,13,15,0,35,1
o049,3,3,2,3,3,,,14,16,0,23,1
o049,3,3,3,3,4,3,3,15,17,1,37,1
o050,0,0,0,0,1,0,0,6,8,1,4,1
o050,0,0,1,1,1,,,7,9,0,7,1
o050,0,0,2,2,2,,,8,10,0,7,1
o050,0,0,3,3,3,,,9,11,0,7,1
o050,1,0,0,1,1,,,8,10,0,5,1
o050,1,0,1,2,1,,,9,11,0,10,1
o050,1,0,2,3,2,,,10,12,0,10,1
o050,1,0,3,4,3,,,11,13,0,10,1
o050,1,1,0,1,1,,,8,10,0,6,1
o050,1,1,1,1,1,,,9,11,0,8,1
o050,1,1,2,2,2,,,10,12,0,8,1
o050,1,1,3,3,3,,,11,13,0,8,1
o050,2,0,0,1,1,,,10,12,0,6,1
o050,2,0,1,2,1,,,11,13,0,12,1
o050,2,0,2,3,2,,,12,14,0,12,1
o050,2,0,3,4,3,,,13,15,0,12,1
o050,2,1,0,1,1,,,10,12,0,8,1
o050,2,1,1,2,1,,,11,13,0,12,1
o050,2,1,2,3,2,,,12,14,0,12,1
o050,2,1,3,4,3,,,13,15,0,12,1
o050,2,2,0,1,1,,,10,12,0,7,1
o050,2,2,1,1,1,,,11,13,0,9,1
o050,2,2,2,2,2,,,12,14,0,9,1
o050,2,2,3,3,3,,,13,15,0,9,1
o050,3,0,0,1,1,,,12,14,0,7,1
o050,3,0,1,2,1,,,13,15,0,14,1
o050,3,0,2,3,2,,,14,16,0,14,1
o050,3,0,3,4,3,,,15,17,0,14,1
o050,3,1,0,1,1,,,12,14,0,9,1
o050,3,1,1,2,1,,,13,15,0,14,1
o050,3,1,2,3,2,,,14,16,0,14,1
o050,3,1,3,4,3,,,15,17,0,14,1
o050,3,2,0,1,1,,,12,14,0,9,1
o050,3,2,1,2,1,,,13,15,0,14,1
o050,3,2,2,3,2,,,14,16,0,14,1
o050,3,2,3,4,3,,,15,17,0,14,1
o050,3,3,0,1,1,,,12,14,0,8,1
o050,3,3,1,1,1,,,13,15,0,10,1
o050,3,3,2,2,2,,,14,16,0,10,1
o050,3,3,3,3,3,,,15,17,0,10,1
o051,0,0,0,0,1,0,0,6,8,1,11,1
o051,0,0,1,1,1,,,7,9,0,13,1
o051,0,0,2,2,2,,,8,10,0,14,1
o051,0,0,3,3,3,,,9,11,0,15,1
o051,1,0,0,1,2,1,1,8,10,1,14,1
o051,1,0,1,2,2,,,9,11,0,17,1
o051,1,0,2,3,2,,,10,12,0,18,1
o051,1,0,3,4,3,,,11,13,0,19,1
o051,1,1,0,1,1,,,8,10,0,15,1
o051,1,1,1,1,2,1,1,9,11,1,16,1
o051,1,1,2,2,2,,,10,12,0,17,1
o051,1,1,3,3,3,,,11,13,0,18,1
o051,2,0,0,2,3,2,2,10,12,1,17,1
o051,2,0,1,3,3,,,11,13,0,21,1
o051,2,0,2,4,3,,,12,14,0,22,1
o051,2,0,3,5,3,,,13,15,0,23,1
o051,2,1,0,2,2,,,10,12,0,19,1
o051,2,1,1,2,3,2,2,11,13,1,19,1
o051,2,1,2,3,3,,,12,14,0,21,1
o051,2,1,3,4,3,,,13,15,0,22,1
o051,2,2,0,2,1,,,10,12,0,18,1
o051,2,2,1,2,2,,,11,13,0,19,1
o051,2,2,2,2,3,2,2,12,14,1,20,1
o051,2,2,3,3,3,,,13,15,0,21,1
o051,3,0,0,3,4,3,3,12,14,1,20,1
o051,3,0,1,4,4,,,13,15,0,25,1
o051,3,0,2,5,4,,,14,16,0,26,1
o051,3,0,3,6,4,,,15,17,0,27,1
o051,3,1,0,3,3,,,12,14,0,23,1
o051,3,1,1,3,4,3,3,13,15,1,22,1
o051,3,1,2,4,4,,,14,16,0,25,1
o051,3,1,3,5,4,,,15,17,0,26,1
o051,3,2,0,3,2,,,12,14,0,22,1
o051,3,2,1,3,3,,,13,15,0,23,1
o051,3,2,2,3,4,3,3,14,16,1,23,1
o051,3,2,3,4,4,,,15,17,0,25,1
o051,3,3,0,3,1,,,12,14,0,21,1
o051,3,3,1,3,2,,,13,15,0,22,1
o051,3,3,2,3,3,,,14,16,0,23,1
o051,3,3,3,3,4,3,3,15,17,1,24,1
o052,0,0,0,0,1,0,0,6,8,1,11,1
o052,0,0,1,1,1,,,7,9,0,20,1
o052,0,0,2,2,2,,,8,10,0,14,1
o052,0,0,3,3,3,,,9,11,0,22,1
o052,1,0,0,infinity,1,,,8,10,0,24,1
o052,1,0,1,infinity,1,,,9,11,0,36,1
o052,1,0,2,infinity,2,,,10,12,0,28,1
o052,1,0,3,infinity,3,,,11,13,0,40,1
o052,1,1,0,infinity,1,,,8,10,0,25,1
o052,1,1,1,infinity,1,,,9,11,0,36,1
o052,1,1,2,infinity,2,,,10,12,0,29,1
o052,1,1,3,infinity,3,,,11,13,0,40,1
o052,2,0,0,infinity,1,,,10,12,0,30,1
o052,2,0,1,infinity,1,,,11,13,0,44,1
o052,2,0,2,infinity,2,,,12,14,0,34,1
o052,2,0,3,infinity,3,,,13,15,0,48,1
o052,2,1,0,infinity,1,,,10,12,0,32,1
o052,2,1,1,infinity,1,,,11,13,0,44,1
o052,2,1,2,infinity,2,,,12,14,0,36,1
o052,2,1,3,infinity,3,,,13,15,0,48,1
o052,2,2,0,infinity,1,,,10,12,0,30,1
o052,2,2,1,infinity,1,,,11,13,0,44,1
o052,2,2,2,infinity,2,,,12,14,0,35,1
o052,2,2,3,infinity,3,,,13,15,0,48,1
o052,3,0,0,infinity,1,,,12,14,0,36,1
o052,3,0,1,infinity,1,,,13,15,0,52,1
o052,3,0,2,infinity,2,,,14,16,0,40,1
o052,3,0,3,infinity,3,,,15,17,0,56,1
o052,3,1,0,infinity,1,,,12,14,0,39,1
o052,3,1,1,infinity,1,,,13,15,0,53,1
o052,3,1,2,infinity,2,,,14,16,0,43,1
o052,3,1,3,infinity,3,,,15,17,0,57,1
o052,3,2,0,infinity,1,,,12,14,0,36,1
o052,3,2,1,infinity,1,,,13,15,0,52,1
o052,3,2,2,infinity,2,,,14,16,0,42,1
o052,3,2,3,infinity,3,,,15,17,0,56,1
o052,3,3,0,infinity,1,,,12,14,0,37,1
o052,3,3,1,infinity,1,,,13,15,0,52,1
o052,3,3,2,infinity,2,,,14,16,0,41,1
o052,3,3,3,infinity,3,,,15,17,0,56,1
o053,0,0,0,0,2,0,1,6,8,2,11,1
o053,0,0,1,1,2,1,1,7,9,1,20,1
o053,0,0,2,2,2,,,8,10,0,14,1
o053,0,0,3,3,3,,,9,11,0,22,1
o053,1,0,0,infinity,2,,,8,10,0,24,1
o053,1,0,1,infinity,2,,,9,11,0,44,1
o053,1,0,2,infinity,2,,,10,12,0,28,1
o053,1,0,3,infinity,3,,,11,13,0,48,1
o053,1,1,0,infinity,2,,,8,10,0,25,1
o053,1,1,1,infinity,2,,,9,11,0,36,1
o053,1,1,2,infinity,2,,,10,12,0,29,1
o053,1,1,3,infinity,3,,,11,13,0,40,1
o053,2,0,0,infinity,4,,,10,12,0,34,1
o053,2,0,1,infinity,4,,,11,13,0,63,1
o053,2,0,2,infinity,4,,,12,14,0,39,1
o053,2,0,3,infinity,4,,,13,15,0,68,1
o053,2,1,0,infinity,2,,,10,12,0,36,1
o053,2,1,1,infinity,3,,,11,13,0,63,1
o053,2,1,2,infinity,4,,,12,14,0,41,1
o053,2,1,3,infinity,4,,,13,15,0,68,1
o053,2,2,0,infinity,2,,,10,12,0,35,1
o053,2,2,1,infinity,3,,,11,13,0,49,1
o053,2,2,2,infinity,4,,,12,14,0,39,1
o053,2,2,3,infinity,4,,,13,15,0,54,1
o053,3,0,0,infinity,4,,,12,14,0,46,1
o053,3,0,1,infinity,4,,,13,15,0,85,1
o053,3,0,2,infinity,4,,,14,16,0,52,1
o053,3,0,3,infinity,4,,,15,17,0,91,1
o053,3,1,0,infinity,4,,,12,14,0,49,1
o053,3,1,1,infinity,4,,,13,15,0,85,1
o053,3,1,2,infinity,4,,,14,16,0,55,1
o053,3,1,3,infinity,4,,,15,17,0,91,1
o053,3,2,0,infinity,2,,,12,14,0,48,1
o053,3,2,1,infinity,3,,,13,15,0,85,1
o053,3,2,2,infinity,4,,,14,16,0,52,1
o053,3,2,3,infinity,4,,,15,17,0,91,1
o053,3,3,0,infinity,2,,,12,14,0,47,1
o053,3,3,1,infinity,3,,,13,15,0,63,1
o053,3,3,2,infinity,4,,,14,16,0,53,1
o053,3,3,3,infinity,4,,,15,17,0,69,1
o054,0,0,0,0,1,0,0,6,8,1,19,1
o054,0,0,1,1,1,,,7,9,0,22,1
o054,0,0,2,2,2,,,8,10,0,24,1
o054,0,0,3,3,3,,,9,11,0,26,1
o054,1,0,0,infinity,1,,,8,10,0,34,1
o054,1,0,1,infinity,1,,,9,11,0,47,1
o054,1,0,2,infinity,2,,,10,12,0,40,1
o054,1,0,3,infinity,3,,,11,13,0,53,1
o054,1,1,0,infinity,1,,,8,10,0,35,1
o054,1,1,1,infinity,1,,,9,11,0,38,1
o054,1,1,2,infinity,2,,,10,12,0,41,1
o054,1,1,3,infinity,3,,,11,13,0,44,1
o054,2,0,0,infinity,1,,,10,12,0,53,1
o054,2,0,1,infinity,1,,,11,13,0,57,1
o054,2,0,2,infinity,2,,,12,14,0,61,1
o054,2,0,3,infinity,3,,,13,15,0,65,1
o054,2,1,0,infinity,1,,,10,12,0,55,1
o054,2,1,1,infinity,1,,,11,13,0,59,1
o054,2,1,2,infinity,2,,,12,14,0,63,1
o054,2,1,3,infinity,3,,,13,15,0,67,1
o054,2,2,0,infinity,1,,,10,12,0,54,1
o054,2,2,1,infinity,1,,,11,13,0,58,1
o054,2,2,2,infinity,2,,,12,14,0,62,1
o054,2,2,3,infinity,3,,,13,15,0,66,1
o054,3,0,0,infinity,1,,,12,14,0,63,1
o054,3,0,1,infinity,1,,,13,15,0,67,1
o054,3,0,2,infinity,2,,,14,16,0,71,1
o054,3,0,3,infinity,3,,,15,17,0,75,1
o054,3,1,0,infinity,1,,,12,14,0,65,1
o054,3,1,1,infinity,1,,,13,15,0,69,1
o054,3,1,2,infinity,2,,,14,16,0,73,1
o054,3,1,3,infinity,3,,,15,17,0,77,1
o054,3,2,0,infinity,1,,,12,14,0,65,1
o054,3,2,1,infinity,1,,,13,15,0,69,1
o054,3,2,2,infinity,2,,,14,16,0,73,1
o054,3,2,3,infinity,3,,,15,17,0,77,1
o054,3,3,0,infinity,1,,,12,14,0,64,1
o054,3,3,1,infinity,1,,,13,15,0,68,1
o054,3,3,2,infinity,2,,,14,16,0,72,1
o054,3,3,3,infinity,3,,,15,17,0,76,1
o055,0,0,0,0,2,0,1,6,8,2,17,1
o055,0,0,1,1,2,1,1,7,9,1,20,1
o055,0,0,2,2,2,,,8,10,0,22,1
o055,0,0,3,3,3,,,9,11,0,24,1
o055,1,0,0,infinity,3,,,8,10,0,32,1
o055,1,0,1,infinity,3,,,9,11,0,45,1
o055,1,0,2,infinity,3,,,10,12,0,38,1
o055,1,0,3,infinity,3,,,11,13,0,51,1
o055,1,1,0,infinity,2,,,8,10,0,33,1
o055,1,1,1,infinity,3,,,9,11,0,36,1
o055,1,1,2,infinity,3,,,10,12,0,39,1
o055,1,1,3,infinity,3,,,11,13,0,42,1
o055,2,0,0,infinity,4,,,10,12,0,57,1
o055,2,0,1,infinity,4,,,11,13,0,65,1
o055,2,0,2,infinity,4,,,12,14,0,67,1
o055,2,0,3,infinity,4,,,13,15,0,72,1
o055,2,1,0,infinity,3,,,10,12,0,59,1
o055,2,1,1,infinity,4,,,11,13,0,63,1
o055,2,1,2,infinity,4,,,12,14,0,69,1
o055,2,1,3,infinity,4,,,13,15,0,73,1
o055,2,2,0,infinity,2,,,10,12,0,58,1
o055,2,2,1,infinity,3,,,11,13,0,63,1
o055,2,2,2,infinity,4,,,12,14,0,68,1
o055,2,2,3,infinity,4,,,13,15,0,73,1
o055,3,0,0,infinity,5,,,12,14,0,78,1
o055,3,0,1,infinity,5,,,13,15,0,88,1
o055,3,0,2,infinity,5,,,14,16,0,90,1
o055,3,0,3,infinity,5,,,15,17,0,96,1
o055,3,1,0,infinity,4,,,12,14,0,81,1
o055,3,1,1,infinity,5,,,13,15,0,85,1
o055,3,1,2,infinity,5,,,14,16,0,93,1
o055,3,1,3,infinity,5,,,15,17,0,97,1
o055,3,2,0,infinity,3,,,12,14,0,80,1
o055,3,2,1,infinity,4,,,13,15,0,86,1
o055,3,2,2,infinity,5,,,14,16,0,91,1
o055,3,2,3,infinity,5,,,15,17,0,98,1
o055,3,3,0,infinity,2,,,12,14,0,79,1
o055,3,3,1,infinity,3,,,13,15,0,85,1
o055,3,3,2,infinity,4,,,14,16,0,91,1
o055,3,3,3,infinity,5,,,15,17,0,97,1
o056,0,0,0,0,1,0,0,6,8,1,4,1
o056,0,0,1,1,1,,,7,9,0,7,1
o056,0,0,2,2,2,,,8,10,0,7,1
o056,0,0,3,3,3,,,9,11,0,7,1
o056,1,0,0,1,1,,,8,10,0,7,1
o056,1,0,1,2,1,,,9,11,0,14,1
o056,1,0,2,3,2,,,10,12,0,14,1
o056,1,0,3,4,3,,,11,13,0,14,1
o056,1,1,0,1,1,,,8,10,0,8,1
o056,1,1,1,1,1,,,9,11,0,10,1
o056,1,1,2,2,2,,,10,12,0,10,1
o056,1,1,3,3,3,,,11,13,0,10,1
o056,2,0,0,1,1,,,10,12,0,9,1
o056,2,0,1,2,1,,,11,13,0,18,1
o056,2,0,2,3,2,,,12,14,0,18,1
o056,2,0,3,4,3,,,13,15,0,18,1
o056,2,1,0,1,1,,,10,12,0,10,1
o056,2,1,1,2,1,,,11,13,0,18,1
o056,2,1,2,3,2,,,12,14,0,18,1
o056,2,1,3,4,3,,,13,15,0,18,1
o056,2,2,0,1,1,,,10,12,0,10,1
o056,2,2,1,1,1,,,11,13,0,12,1
o056,2,2,2,2,2,,,12,14,0,12,1
o056,2,2,3,3,3,,,13,15,0,12,1
o056,3,0,0,1,1,,,12,14,0,11,1
o056,3,0,1,2,1,,,13,15,0,22,1
o056,3,0,2,3,2,,,14,16,0,22,1
o056,3,0,3,4,3,,,15,17,0,22,1
o056,3,1,0,1,1,,,12,14,0,12,1
o056,3,1,1,2,1,,,13,15,0,22,1
o056,3,1,2,3,2,,,14,16,0,22,1
o056,3,1,3,4,3,,,15,17,0,22,1
o056,3,2,0,1,1,,,12,14,0,12,1
o056,3,2,1,2,1,,,13,15,0,22,1
o056,3,2,2,3,2,,,14,16,0,22,1
o056,3,2,3,4,3,,,15,17,0,22,1
o056,3,3,0,1,1,,,12,14,0,12,1
o056,3,3,1,1,1,,,13,15,0,14,1
o056,3,3,2,2,2,,,14,16,0,14,1
o056,3,3,3,3,3,,,15,17,0,14,1
o057,0,0,0,0,1,0,0,6,8,1,19,1
o057,0,0,1,1,1,,,7,9,0,22,1
o057,0,0,2,2,2,,,8,10,0,24,1
o057,0,0,3,3,3,,,9,11,0,26,1
o057,1,0,0,1,2,1,1,8,10,1,26,1
o057,1,0,1,2,2,,,9,11,0,30,1
o057,1,0,2,3,2,,,10,12,0,32,1
o057,1,0,3,4,3,,,11,13,0,34,1
o057,1,1,0,1,1,,,8,10,0,27,1
o057,1,1,1,1,2,1,1,9,11,1,28,1
o057,1,1,2,2,2,,,10,12,0,31,1
o057,1,1,3,3,3,,,11,13,0,33,1
o057,2,0,0,2,3,2,2,10,12,1,32,1
o057,2,0,1,3,3,,,11,13,0,37,1
o057,2,0,2,4,3,,,12,14,0,39,1
o057,2,0,3,5,3,,,13,15,0,41,1
o057,2,1,0,2,2,,,10,12,0,34,1
o057,2,1,1,2,3,2,2,11,13,1,34,1
o057,2,1,2,3,3,,,12,14,0,38,1
o057,2,1,3,4,3,,,13,15,0,40,1
o057,2,2,0,2,1,,,10,12,0,33,1
o057,2,2,1,2,2,,,11,13,0,35,1
o057,2,2,2,2,3,2,2,12,14,1,36,1
o057,2,2,3,3,3,,,13,15,0,39,1
o057,3,0,0,3,4,3,3,12,14,1,38,1
o057,3,0,1,4,4,,,13,15,0,44,1
o057,3,0,2,5,4,,,14,16,0,46,1
o057,3,0,3,6,4,,,15,17,0,48,1
o057,3,1,0,3,3,,,12,14,0,41,1
o057,3,1,1,3,4,3,3,13,15,1,40,1
o057,3,1,2,4,4,,,14,16,0,45,1
o057,3,1,3,5,4,,,15,17,0,47,1
o057,3,2,0,3,2,,,12,14,0,40,1
o057,3,2,1,3,3,,,13,15,0,42,1
o057,3,2,2,3,4,3,3,14,16,1,42,1
o057,3,2,3,4,4,,,15,17,0,46,1
o057,3,3,0,3,1,,,12,14,0,39,1
o057,3,3,1,3,2,,,13,15,0,41,1
o057,3,3,2,3,3,,,14,16,0,43,1
o057,3,3,3,3,4,3,3,15,17,1,44,1
o058,0,0,0,0,1,0,0,6,8,1,3,1
o058,0,0,1,1,1,,,7,9,0,5,1
o058,0,0,2,2,2,,,8,10,0,5,1
o058,0,0,3,3,3,,,9,11,0,5,1
o058,1,0,0,1,1,,,8,10,0,5,1
o058,1,0,1,2,1,,,9,11,0,9,1
o058,1,0,2,3,2,,,10,12,0,9,1
o058,1,0,3,4,3,,,11,13,0,9,1
o058,1,1,0,1,1,,,8,10,0,7,1
o058,1,1,1,1,1,,,9,11,0,7,1
o058,1,1,2,2,2,,,10,12,0,7,1
o058,1,1,3,3,3,,,11,13,0,7,1
o058,2,0,0,1,1,,,10,12,0,6,1
o058,2,0,1,2,1,,,11,13,0,11,1
o058,2,0,2,3,2,,,12,14,0,11,1
o058,2,0,3,4,3,,,13,15,0,11,1
o058,2,1,0,1,1,,,10,12,0,8,1
o058,2,1,1,2,1,,,11,13,0,11,1
o058,2,1,2,3,2,,,12,14,0,11,1
o058,2,1,3,4,3,,,13,15,0,11,1
o058,2,2,0,1,1,,,10,12,0,8,1
o058,2,2,1,1,1,,,11,13,0,8,1
o058,2,2,2,2,2,,,12,14,0,8,1
o058,2,2,3,3,3,,,13,15,0,8,1
o058,3,0,0,1,1,,,12,14,0,7,1
o058,3,0,1,2,1,,,13,15,0,13,1
o058,3,0,2,3,2,,,14,16,0,13,1
o058,3,0,3,4,3,,,15,17,0,13,1
o058,3,1,0,1,1,,,12,14,0,9,1
o058,3,1,1,2,1,,,13,15,0,13,1
o058,3,1,2,3,2,,,14,16,0,13,1
o058,3,1,3,4,3,,,15,17,0,13,1
o058,3,2,0,1,1,,,12,14,0,9,1
o058,3,2,1,2,1,,,13,15,0,13,1
o058,3,2,2,3,2,,,14,16,0,13,1
o058,3,2,3,4,3,,,15,17,0,13,1
o058,3,3,0,1,1,,,12,14,0,9,1
o058,3,3,1,1,1,,,13,15,0,9,1
o058,3,3,2,2,2,,,14,16,0,9,1
o058,3,3,3,3,3,,,15,17,0,9,1
o059,0,0,0,0,1,0,0,6,8,1,10,1
o059,0,0,1,1,1,,,7,9,0,12,1
o059,0,0,2,2,2,,,8,10,0,13,1
o059,0,0,3,3,3,,,9,11,0,14,1
o059,1,0,0,1,2,1,1,8,10,1,14,1
o059,1,0,1,2,2,,,9,11,0,17,1
o059,1,0,2,3,2,,,10,12,0,18,1
o059,1,0,3,4,3,,,11,13,0,19,1
o059,1,1,0,1,1,,,8,10,0,15,1
o059,1,1,1,1,2,1,1,9,11,1,16,1
o059,1,1,2,2,2,,,10,12,0,17,1
o059,1,1,3,3,3,,,11,13,0,18,1
o059,2,0,0,2,3,2,2,10,12,1,17,1
o059,2,0,1,3,3,,,11,13,0,21,1
o059,2,0,2,4,3,,,12,14,0,22,1
o059,2,0,3,5,3,,,13,15,0,23,1
o059,2,1,0,2,2,,,10,12,0,19,1
o059,2,1,1,2,3,2,2,11,13,1,19,1
o059,2,1,2,3,3,,,12,14,0,21,1
o059,2,1,3,4,3,,,13,15,0,22,1
o059,2,2,0,2,1,,,10,12,0,18,1
o059,2,2,1,2,2,,,11,13,0,19,1
o059,2,2,2,2,3,2,2,12,14,1,20,1
o059,2,2,3,3,3,,,13,15,0,21,1
o059,3,0,0,3,4,3,3,12,14,1,20,1
o059,3,0,1,4,4,,,13,15,0,25,1
o059,3,0,2,5,4,,,14,16,0,26,1
o059,3,0,3,6,4,,,15,17,0,27,1
o059,3,1,0,3,3,,,12,14,0,23,1
o059,3,1,1,3,4,3,3,13,15,1,22,1
o059,3,1,2,4,4,,,14,16,0,25,1
o059,3,1,3,5,4,,,15,17,0,26,1
o059,3,2,0,3,2,,,12,14,0,22,1
o059,3,2,1,3,3,,,13,15,0,23,1
o059,3,2,2,3,4,3,3,14,16,1,23,1
o059,3,2,3,4,4,,,15,17,0,25,1
o059,3,3,0,3,1,,,12,14,0,21,1
o059,3,3,1,3,2,,,13,15,0,22,1
o059,3,3,2,3,3,,,14,16,0,23,1
o059,3,3,3,3,4,3,3,15,17,1,24,1
o060,0,0,0,0,1,0,0,6,8,1,11,1
o060,0,0,1,1,1,,,7,9,0,13,1
o060,0,0,2,2,2,,,8,10,0,14,1
o060,0,0,3,3,3,,,9,11,0,15,1
o060,1,0,0,infinity,1,,,8,10,0,27,1
o060,1,0,1,infinity,1,,,9,11,0,31,1
o060,1,0,2,infinity,2,,,10,12,0,33,1
o060,1,0,3,infinity,3,,,11,13,0,35,1
o060,1,1,0,infinity,1,,,8,10,0,27,1
o060,1,1,1,infinity,1,,,9,11,0,30,1
o060,1,1,2,infinity,2,,,10,12,0,32,1
o060,1,1,3,infinity,3,,,11,13,0,34,1
o060,2,0,0,infinity,1,,,10,12,0,35,1
o060,2,0,1,infinity,1,,,11,13,0,39,1
o060,2,0,2,infinity,2,,,12,14,0,41,1
o060,2,0,3,infinity,3,,,13,15,0,43,1
o060,2,1,0,infinity,1,,,10,12,0,35,1
o060,2,1,1,infinity,1,,,11,13,0,39,1
o060,2,1,2,infinity,2,,,12,14,0,41,1
o060,2,1,3,infinity,3,,,13,15,0,43,1
o060,2,2,0,infinity,1,,,10,12,0,35,1
o060,2,2,1,infinity,1,,,11,13,0,38,1
o060,2,2,2,infinity,2,,,12,14,0,40,1
o060,2,2,3,infinity,3,,,13,15,0,42,1
o060,3,0,0,infinity,1,,,12,14,0,43,1
o060,3,0,1,infinity,1,,,13,15,0,47,1
o060,3,0,2,infinity,2,,,14,16,0,49,1
o060,3,0,3,infinity,3,,,15,17,0,51,1
o060,3,1,0,infinity,1,,,12,14,0,43,1
o060,3,1,1,infinity,1,,,13,15,0,47,1
o060,3,1,2,infinity,2,,,14,16,0,49,1
o060,3,1,3,infinity,3,,,15,17,0,51,1
o060,3,2,0,infinity,1,,,12,14,0,43,1
o060,3,2,1,infinity,1,,,13,15,0,47,1
o060,3,2,2,infinity,2,,,14,16,0,49,1
o060,3,2,3,infinity,3,,,15,17,0,51,1
o060,3,3,0,infinity,1,,,12,14,0,43,1
o060,3,3,1,infinity,1,,,13,15,0,46,1
o060,3,3,2,infinity,2,,,14,16,0,48,1
o060,3,3,3,infinity,3,,,15,17,0,50,1
o061,0,0,0,0,2,0,1,6,8,2,17,1
o061,0,0,1,1,2,1,1,7,9,1,20,1
o061,0,0,2,2,2,,,8,10,0,22,1
o061,0,0,3,3,3,,,9,11,0,24,1
o061,1,0,0,infinity,2,,,8,10,0,41,1
o061,1,0,1,infinity,2,,,9,11,0,47,1
o061,1,0,2,infinity,2,,,10,12,0,51,1
o061,1,0,3,infinity,3,,,11,13,0,55,1
o061,1,1,0,infinity,2,,,8,10,0,42,1
o061,1,1,1,infinity,2,,,9,11,0,46,1
o061,1,1,2,infinity,2,,,10,12,0,50,1
o061,1,1,3,infinity,3,,,11,13,0,53,1
o061,2,0,0,infinity,4,,,10,12,0,60,1
o061,2,0,1,infinity,4,,,11,13,0,68,1
o061,2,0,2,infinity,4,,,12,14,0,73,1
o061,2,0,3,infinity,4,,,13,15,0,78,1
o061,2,1,0,infinity,2,,,10,12,0,62,1
o061,2,1,1,infinity,3,,,11,13,0,67,1
o061,2,1,2,infinity,4,,,12,14,0,72,1
o061,2,1,3,infinity,4,,,13,15,0,75,1
o061,2,2,0,infinity,2,,,10,12,0,61,1
o061,2,2,1,infinity,3,,,11,13,0,66,1
o061,2,2,2,infinity,4,,,12,14,0,70,1
o061,2,2,3,infinity,4,,,13,15,0,76,1
o061,3,0,0,infinity,4,,,12,14,0,82,1
o061,3,0,1,infinity,4,,,13,15,0,92,1
o061,3,0,2,infinity,4,,,14,16,0,98,1
o061,3,0,3,infinity,4,,,15,17,0,104,1
o061,3,1,0,infinity,4,,,12,14,0,85,1
o061,3,1,1,infinity,4,,,13,15,0,91,1
o061,3,1,2,infinity,4,,,14,16,0,97,1
o061,3,1,3,infinity,4,,,15,17,0,100,1
o061,3,2,0,infinity,2,,,12,14,0,84,1
o061,3,2,1,infinity,3,,,13,15,0,90,1
o061,3,2,2,infinity,4,,,14,16,0,94,1
o061,3,2,3,infinity,4,,,15,17,0,102,1
o061,3,3,0,infinity,2,,,12,14,0,83,1
o061,3,3,1,infinity,3,,,13,15,0,89,1
o061,3,3,2,infinity,4,,,14,16,0,95,1
o061,3,3,3,infinity,4,,,15,17,0,101,1
o062,0,0,0,0,1,0,0,6,8,1,10,1
o062,0,0,1,1,1,,,7,9,0,12,1
o062,0,0,2,2,2,,,8,10,0,13,1
o062,0,0,3,3,3,,,9,11,0,14,1
o062,1,0,0,infinity,1,,,8,10,0,25,1
o062,1,0,1,infinity,1,,,9,11,0,29,1
o062,1,0,2,infinity,2,,,10,12,0,31,1
o062,1,0,3,infinity,3,,,11,13,0,33,1
o062,1,1,0,infinity,1,,,8,10,0,26,1
o062,1,1,1,infinity,1,,,9,11,0,28,1
o062,1,1,2,infinity,2,,,10,12,0,30,1
o062,1,1,3,infinity,3,,,11,13,0,32,1
o062,2,0,0,infinity,1,,,10,12,0,31,1
o062,2,0,1,infinity,1,,,11,13,0,35,1
o062,2,0,2,infinity,2,,,12,14,0,37,1
o062,2,0,3,infinity,3,,,13,15,0,39,1
o062,2,1,0,infinity,1,,,10,12,0,33,1
o062,2,1,1,infinity,1,,,11,13,0,35,1
o062,2,1,2,infinity,2,,,12,14,0,37,1
o062,2,1,3,infinity,3,,,13,15,0,39,1
o062,2,2,0,infinity,1,,,10,12,0,32,1
o062,2,2,1,infinity,1,,,11,13,0,34,1
o062,2,2,2,infinity,2,,,12,14,0,36,1
o062,2,2,3,infinity,3,,,13,15,0,38,1
o062,3,0,0,infinity,1,,,12,14,0,37,1
o062,3,0,1,infinity,1,,,13,15,0,41,1
o062,3,0,2,infinity,2,,,14,16,0,43,1
o062,3,0,3,infinity,3,,,15,17,0,45,1
o062,3,1,0,infinity,1,,,12,14,0,39,1
o062,3,1,1,infinity,1,,,13,15,0,41,1
o062,3,1,2,infinity,2,,,14,16,0,43,1
o062,3,1,3,infinity,3,,,15,17,0,45,1
o062,3,2,0,infinity,1,,,12,14,0,39,1
o062,3,2,1,infinity,1,,,13,15,0,41,1
o062,3,2,2,infinity,2,,,14,16,0,43,1
o062,3,2,3,infinity,3,,,15,17,0,45,1
o062,3,3,0,infinity,1,,,12,14,0,38,1
o062,3,3,1,infinity,1,,,13,15,0,40,1
o062,3,3,2,infinity,2,,,14,16,0,42,1
o062,3,3,3,infinity,3,,,15,17,0,44,1
o063,0,0,0,0,infinity,0,infinity,6,8,8,9,1
o063,0,0,1,1,infinity,1,infinity,7,9,8,11,1
o063,0,0,2,2,infinity,2,infinity,8,10,8,12,1
o063,0,0,3,3,infinity,3,infinity,9,11,8,13,1
o063,1,0,0,infinity,infinity,,,8,10,0,28,1
o063,1,0,1,infinity,infinity,,,9,11,0,33,1
o063,1,0,2,infinity,infinity,,,10,12,0,35,1
o063,1,0,3,infinity,infinity,,,11,13,0,38,1
o063,1,1,0,infinity,infinity,,,8,10,0,30,1
o063,1,1,1,infinity,infinity,,,9,11,0,32,1
o063,1,1,2,infinity,infinity,,,10,12,0,35,1
o063,1,1,3,infinity,infinity,,,11,13,0,38,1
o063,2,0,0,infinity,infinity,,,10,12,0,43,1
o063,2,0,1,infinity,infinity,,,11,13,0,50,1
o063,2,0,2,infinity,infinity,,,12,14,0,52,1
o063,2,0,3,infinity,infinity,,,13,15,0,56,1
o063,2,1,0,infinity,infinity,,,10,12,0,46,1
o063,2,1,1,infinity,infinity,,,11,13,0,48,1
o063,2,1,2,infinity,infinity,,,12,14,0,53,1
o063,2,1,3,infinity,infinity,,,13,15,0,56,1
o063,2,2,0,infinity,infinity,,,10,12,0,46,1
o063,2,2,1,infinity,infinity,,,11,13,0,49,1
o063,2,2,2,infinity,infinity,,,12,14,0,52,1
o063,2,2,3,infinity,infinity,,,13,15,0,56,1
o063,3,0,0,infinity,infinity,,,12,14,0,61,1
o063,3,0,1,infinity,infinity,,,13,15,0,70,1
o063,3,0,2,infinity,infinity,,,14,16,0,72,1
o063,3,0,3,infinity,infinity,,,15,17,0,77,1
o063,3,1,0,infinity,infinity,,,12,14,0,65,1
o063,3,1,1,infinity,infinity,,,13,15,0,67,1
o063,3,1,2,infinity,infinity,,,14,16,0,74,1
o063,3,1,3,infinity,infinity,,,15,17,0,77,1
o063,3,2,0,infinity,infinity,,,12,14,0,65,1
o063,3,2,1,infinity,infinity,,,13,15,0,69,1
o063,3,2,2,infinity,infinity,,,14,16,0,72,1
o063,3,2,3,infinity,infinity,,,15,17,0,78,1
o063,3,3,0,infinity,infinity,,,12,14,0,65,1
o063,3,3,1,infinity,infinity,,,13,15,0,69,1
o063,3,3,2,infinity,infinity,,,14,16,0,73,1
o063,3,3,3,infinity,infinity,,,15,17,0,77,1
o064,0,0,0,infinity,0,,,6,8,0,18,1
o064,0,0,1,infinity,1,,,7,9,0,19,1
o064,0,0,2,infinity,2,,,8,10,0,20,1
o064,0,0,3,infinity,3,,,9,11,0,21,1
o064,1,0,0,infinity,0,,,8,10,0,24,1
o064,1,0,1,infinity,1,,,9,11,0,25,1
o064,1,0,2,infinity,2,,,10,12,0,27,1
o064,1,0,3,infinity,3,,,11,13,0,29,1
o064,1,1,0,infinity,0,,,8,10,0,23,1
o064,1,1,1,infinity,1,,,9,11,0,26,1
o064,1,1,2,infinity,2,,,10,12,0,28,1
o064,1,1,3,infinity,3,,,11,13,0,30,1
o064,2,0,0,infinity,0,,,10,12,0,30,1
o064,2,0,1,infinity,1,,,11,13,0,31,1
o064,2,0,2,infinity,2,,,12,14,0,33,1
o064,2,0,3,infinity,3,,,13,15,0,35,1
o064,2,1,0,infinity,0,,,10,12,0,29,1
o064,2,1,1,infinity,1,,,11,13,0,32,1
o064,2,1,2,infinity,2,,,12,14,0,34,1
o064,2,1,3,infinity,3,,,13,15,0,36,1
o064,2,2,0,infinity,0,,,10,12,0,29,1
o064,2,2,1,infinity,1,,,11,13,0,32,1
o064,2,2,2,infinity,2,,,12,14,0,34,1
o064,2,2,3,infinity,3,,,13,15,0,36,1
o064,3,0,0,infinity,0,,,12,14,0,36,1
o064,3,0,1,infinity,1,,,13,15,0,37,1
o064,3,0,2,infinity,2,,,14,16,0,39,1
o064,3,0,3,infinity,3,,,15,17,0,41,1
o064,3,1,0,infinity,0,,,12,14,0,35,1
o064,3,1,1,infinity,1,,,13,15,0,38,1
o064,3,1,2,infinity,2,,,14,16,0,40,1
o064,3,1,3,infinity,3,,,15,17,0,42,1
o064,3,2,0,infinity,0,,,12,14,0,35,1
o064,3,2,1,infinity,1,,,13,15,0,38,1
o064,3,2,2,infinity,2,,,14,16,0,40,1
o064,3,2,3,infinity,3,,,15,17,0,42,1
o064,3,3,0,infinity,0,,,12,14,0,35,1
o064,3,3,1,infinity,1,,,13,15,0,38,1
o064,3,3,2,infinity,2,,,14,16,0,40,1
o064,3,3,3,infinity,3,,,15,17,0,42,1
o065,0,0,0,infinity,0,,,6,8,0,18,1
o065,0,0,1,infinity,1,,,7,9,0,19,1
o065,0,0,2,infinity,2,,,8,10,0,20,1
o065,0,0,3,infinity,3,,,9,11,0,21,1
o065,1,0,0,infinity,0,,,8,10,0,24,1
o065,1,0,1,infinity,1,,,9,11,0,25,1
o065,1,0,2,infinity,2,,,10,12,0,27,1
o065,1,0,3,infinity,3,,,11,13,0,29,1
o065,1,1,0,infinity,0,,,8,10,0,23,1
o065,1,1,1,infinity,1,,,9,11,0,26,1
o065,1,1,2,infinity,2,,,10,12,0,28,1
o065,1,1,3,infinity,3,,,11,13,0,30,1
o065,2,0,0,infinity,0,,,10,12,0,30,1
o065,2,0,1,infinity,1,,,11,13,0,31,1
o065,2,0,2,infinity,2,,,12,14,0,33,1
o065,2,0,3,infinity,3,,,13,15,0,35,1
o065,2,1,0,infinity,0,,,10,12,0,29,1
o065,2,1,1,infinity,1,,,11,13,0,32,1
o065,2,1,2,infinity,2,,,12,14,0,34,1
o065,2,1,3,infinity,3,,,13,15,0,36,1
o065,2,2,0,infinity,0,,,10,12,0,29,1
o065,2,2,1,infinity,1,,,11,13,0,32,1
o065,2,2,2,infinity,2,,,12,14,0,34,1
o065,2,2,3,infinity,3,,,13,15,0,36,1
o065,3,0,0,infinity,0,,,12,14,0,36,1
o065,3,0,1,infinity,1,,,13,15,0,37,1
o065,3,0,2,infinity,2,,,14,16,0,39,1
o065,3,0,3,infinity,3,,,15,17,0,41,1
o065,3,1,0,infinity,0,,,12,14,0,35,1
o065,3,1,1,infinity,1,,,13,15,0,38,1
o065,3,1,2,infinity,2,,,14,16,0,40,1
o065,3,1,3,infinity,3,,,15,17,0,42,1
o065,3,2,0,infinity,0,,,12,14,0,35,1
o065,3,2,1,infinity,1,,,13,15,0,38,1
o065,3,2,2,infinity,2,,,14,16,0,40,1
o065,3,2,3,infinity,3,,,15,17,0,42,1
o065,3,3,0,infinity,0,,,12,14,0,35,1
o065,3,3,1,infinity,1,,,13,15,0,38,1
o065,3,3,2,infinity,2,,,14,16,0,40,1
o065,3,3,3,infinity,3,,,15,17,0,42,1
o066,0,0,0,infinity,0,,,6,8,0,18,1
o066,0,0,1,infinity,1,,,7,9,0,19,1
o066,0,0,2,infinity,2,,,8,10,0,20,1
o066,0,0,3,infinity,3,,,9,11,0,21,1
o066,1,0,0,infinity,0,,,8,10,0,24,1
o066,1,0,1,infinity,1,,,9,11,0,25,1
o066,1,0,2,infinity,2,,,10,12,0,27,1
o066,1,0,3,infinity,3,,,11,13,0,29,1
o066,1,1,0,infinity,0,,,8,10,0,23,1
o066,1,1,1,infinity,1,,,9,11,0,26,1
o066,1,1,2,infinity,2,,,10,12,0,28,1
o066,1,1,3,infinity,3,,,11,13,0,30,1
o066,2,0,0,infinity,0,,,10,12,0,30,1
o066,2,0,1,infinity,1,,,11,13,0,31,1
o066,2,0,2,infinity,2,,,12,14,0,33,1
o066,2,0,3,infinity,3,,,13,15,0,35,1
o066,2,1,0,infinity,0,,,10,12,0,29,1
o066,2,1,1,infinity,1,,,11,13,0,32,1
o066,2,1,2,infinity,2,,,12,14,0,34,1
o066,2,1,3,infinity,3,,,13,15,0,36,1
o066,2,2,0,infinity,0,,,10,12,0,29,1
o066,2,2,1,infinity,1,,,11,13,0,32,1
o066,2,2,2,infinity,2,,,12,14,0,34,1
o066,2,2,3,infinity,3,,,13,15,0,36,1
o066,3,0,0,infinity,0,,,12,14,0,36,1
o066,3,0,1,infinity,1,,,13,15,0,37,1
o066,3,0,2,infinity,2,,,14,16,0,39,1
o066,3,0,3,infinity,3,,,15,17,0,41,1
o066,3,1,0,infinity,0,,,12,14,0,35,1
o066,3,1,1,infinity,1,,,13,15,0,38,1
o066,3,1,2,infinity,2,,,14,16,0,40,1
o066,3,1,3,infinity,3,,,15,17,0,42,1
o066,3,2,0,infinity,0,,,12,14,0,35,1
o066,3,2,1,infinity,1,,,13,15,0,38,1
o066,3,2,2,infinity,2,,,14,16,0,40,1
o066,3,2,3,infinity,3,,,15,17,0,42,1
o066,3,3,0,infinity,0,,,12,14,0,35,1
o066,3,3,1,infinity,1,,,13,15,0,38,1
o066,3,3,2,infinity,2,,,14,16,0,40,1
o066,3,3,3,infinity,3,,,15,17,0,42,1
o067,0,0,0,infinity,0,,,6,8,0,18,1
o067,0,0,1,infinity,1,,,7,9,0,19,1
o067,0,0,2,infinity,2,,,8,10,0,20,1
o067,0,0,3,infinity,3,,,9,11,0,21,1
o067,1,0,0,infinity,0,,,8,10,0,24,1
o067,1,0,1,infinity,1,,,9,11,0,25,1
o067,1,0,2,infinity,2,,,10,12,0,27,1
o067,1,0,3,infinity,3,,,11,13,0,29,1
o067,1,1,0,infinity,0,,,8,10,0,23,1
o067,1,1,1,infinity,1,,,9,11,0,26,1
o067,1,1,2,infinity,2,,,10,12,0,28,1
o067,1,1,3,infinity,3,,,11,13,0,30,1
o067,2,0,0,infinity,0,,,10,12,0,30,1
o067,2,0,1,infinity,1,,,11,13,0,31,1
o067,2,0,2,infinity,2,,,12,14,0,33,1
o067,2,0,3,infinity,3,,,13,15,0,35,1
o067,2,1,0,infinity,0,,,10,12,0,29,1
o067,2,1,1,infinity,1,,,11,13,0,32,1
o067,2,1,2,infinity,2,,,12,14,0,34,1
o067,2,1,3,infinity,3,,,13,15,0,36,1
o067,2,2,0,infinity,0,,,10,12,0,29,1
o067,2,2,1,infinity,1,,,11,13,0,32,1
o067,2,2,2,infinity,2,,,12,14,0,34,1
o067,2,2,3,infinity,3,,,13,15,0,36,1
o067,3,0,0,infinity,0,,,12,14,0,36,1
o067,3,0,1,infinity,1,,,13,15,0,37,1
o067,3,0,2,infinity,2,,,14,16,0,39,1
o067,3,0,3,infinity,3,,,15,17,0,41,1
o067,3,1,0,infinity,0,,,12,14,0,35,1
o067,3,1,1,infinity,1,,,13,15,0,38,1
o067,3,1,2,infinity,2,,,14,16,0,40,1
o067,3,1,3,infinity,3,,,15,17,0,42,1
o067,3,2,0,infinity,0,,,12,14,0,35,1
o067,3,2,1,infinity,1,,,13,15,0,38,1
o067,3,2,2,infinity,2,,,14,16,0,40,1
o067,3,2,3,infinity,3,,,15,17,0,42,1
o067,3,3,0,infinity,0,,,12,14,0,35,1
o067,3,3,1,infinity,1,,,13,15,0,38,1
o067,3,3,2,infinity,2,,,14,16,0,40,1
o067,3,3,3,infinity,3,,,15,17,0,42,1
o068,0,0,0,infinity,0,,,6,8,0,18,1
o068,0,0,1,infinity,1,,,7,9,0,19,1
o068,0,0,2,infinity,2,,,8,10,0,20,1
o068,0,0,3,infinity,3,,,9,11,0,21,1
o068,1,0,0,infinity,0,,,8,10,0,24,1
o068,1,0,1,infinity,1,,,9,11,0,25,1
o068,1,0,2,infinity,2,,,10,12,0,27,1
o068,1,0,3,infinity,3,,,11,13,0,29,1
o068,1,1,0,infinity,0,,,8,10,0,23,1
o068,1,1,1,infinity,1,,,9,11,0,26,1
o068,1,1,2,infinity,2,,,10,12,0,28,1
o068,1,1,3,infinity,3,,,11,13,0,30,1
o068,2,0,0,infinity,0,,,10,12,0,30,1
o068,2,0,1,infinity,1,,,11,13,0,31,1
o068,2,0,2,infinity,2,,,12,14,0,33,1
o068,2,0,3,infinity,3,,,13,15,0,35,1
o068,2,1,0,infinity,0,,,10,12,0,29,1
o068,2,1,1,infinity,1,,,11,13,0,32,1
o068,2,1,2,infinity,2,,,12,14,0,34,1
o068,2,1,3,infinity,3,,,13,15,0,36,1
o068,2,2,0,infinity,0,,,10,12,0,29,1
o068,2,2,1,infinity,1,,,11,13,0,32,1
o068,2,2,2,infinity,2,,,12,14,0,34,1
o068,2,2,3,infinity,3,,,13,15,0,36,1
o068,3,0,0,infinity,0,,,12,14,0,36,1
o068,3,0,1,infinity,1,,,13,15,0,37,1
o068,3,0,2,infinity,2,,,14,16,0,39,1
o068,3,0,3,infinity,3,,,15,17,0,41,1
o068,3,1,0,infinity,0,,,12,14,0,35,1
o068,3,1,1,infinity,1,,,13,15,0,38,1
o068,3,1,2,infinity,2,,,14,16,0,40,1
o068,3,1,3,infinity,3,,,15,17,0,42,1
o068,3,2,0,infinity,0,,,12,14,0,35,1
o068,3,2,1,infinity,1,,,13,15,0,38,1
o068,3,2,2,infinity,2,,,14,16,0,40,1
o068,3,2,3,infinity,3,,,15,17,0,42,1
o068,3,3,0,infinity,0,,,12,14,0,35,1
o068,3,3,1,infinity,1,,,13,15,0,38,1
o068,3,3,2,infinity,2,,,14,16,0,40,1
o068,3,3,3,infinity,3,,,15,17,0,42,1
o069,0,0,0,infinity,0,,,6,8,0,18,1
o069,0,0,1,infinity,1,,,7,9,0,19,1
o069,0,0,2,infinity,2,,,8,10,0,20,1
o069,0,0,3,infinity,3,,,9,11,0,21,1
o069,1,0,0,infinity,0,,,8,10,0,24,1
o069,1,0,1,infinity,1,,,9,11,0,25,1
o069,1,0,2,infinity,2,,,10,12,0,27,1
o069,1,0,3,infinity,3,,,11,13,0,29,1
o069,1,1,0,infinity,0,,,8,10,0,23,1
o069,1,1,1,infinity,1,,,9,11,0,26,1
o069,1,1,2,infinity,2,,,10,12,0,28,1
o069,1,1,3,infinity,3,,,11,13,0,30,1
o069,2,0,0,infinity,0,,,10,12,0,30,1
o069,2,0,1,infinity,1,,,11,13,0,31,1
o069,2,0,2,infinity,2,,,12,14,0,33,1
o069,2,0,3,infinity,3,,,13,15,0,35,1
o069,2,1,0,infinity,0,,,10,12,0,29,1
o069,2,1,1,infinity,1,,,11,13,0,32,1
o069,2,1,2,infinity,2,,,12,14,0,34,1
o069,2,1,3,infinity,3,,,13,15,0,36,1
o069,2,2,0,infinity,0,,,10,12,0,29,1
o069,2,2,1,infinity,1,,,11,13,0,32,1
o069,2,2,2,infinity,2,,,12,14,0,34,1
o069,2,2,3,infinity,3,,,13,15,0,36,1
o069,3,0,0,infinity,0,,,12,14,0,36,1
o069,3,0,1,infinity,1,,,13,15,0,37,1
o069,3,0,2,infinity,2,,,14,16,0,39,1
o069,3,0,3,infinity,3,,,15,17,0,41,1
o069,3,1,0,infinity,0,,,12,14,0,35,1
o069,3,1,1,infinity,1,,,13,15,0,38,1
o069,3,1,2,infinity,2,,,14,16,0,40,1
o069,3,1,3,infinity,3,,,15,17,0,42,1
o069,3,2,0,infinity,0,,,12,14,0,35,1
o069,3,2,1,infinity,1,,,13,15,0,38,1
o069,3,2,2,infinity,2,,,14,16,0,40,1
o069,3,2,3,infinity,3,,,15,17,0,42,1
o069,3,3,0,infinity,0,,,12,14,0,35,1
o069,3,3,1,infinity,1,,,13,15,0,38,1
o069,3,3,2,infinity,2,,,14,16,0,40,1
o069,3,3,3,infinity,3,,,15,17,0,42,1
o070,0,0,0,infinity,0,,,6,8,0,18,1
o070,0,0,1,infinity,1,,,7,9,0,19,1
o070,0,0,2,infinity,2,,,8,10,0,20,1
o070,0,0,3,infinity,3,,,9,11,0,21,1
o070,1,0,0,infinity,0,,,8,10,0,24,1
o070,1,0,1,infinity,1,,,9,11,0,25,1
o070,1,0,2,infinity,2,,,10,12,0,27,1
o070,1,0,3,infinity,3,,,11,13,0,29,1
o070,1,1,0,infinity,0,,,8,10,0,23,1
o070,1,1,1,infinity,1,,,9,11,0,26,1
o070,1,1,2,infinity,2,,,10,12,0,28,1
o070,1,1,3,infinity,3,,,11,13,0,30,1
o070,2,0,0,infinity,0,,,10,12,0,30,1
o070,2,0,1,infinity,1,,,11,13,0,31,1
o070,2,0,2,infinity,2,,,12,14,0,33,1
o070,2,0,3,infinity,3,,,13,15,0,35,1
o070,2,1,0,infinity,0,,,10,12,0,29,1
o070,2,1,1,infinity,1,,,11,13,0,32,1
o070,2,1,2,infinity,2,,,12,14,0,34,1
o070,2,1,3,infinity,3,,,13,15,0,36,1
o070,2,2,0,infinity,0,,,10,12,0,29,1
o070,2,2,1,infinity,1,,,11,13,0,32,1
o070,2,2,2,infinity,2,,,12,14,0,34,1
o070,2,2,3,infinity,3,,,13,15,0,36,1
o070,3,0,0,infinity,0,,,12,14,0,36,1
o070,3,0,1,infinity,1,,,13,15,0,37,1
o070,3,0,2,infinity,2,,,14,16,0,39,1
o070,3,0,3,infinity,3,,,15,17,0,41,1
o070,3,1,0,infinity,0,,,12,14,0,35,1
o070,3,1,1,infinity,1,,,13,15,0,38,1
o070,3,1,2,infinity,2,,,14,16,0,40,1
o070,3,1,3,infinity,3,,,15,17,0,42,1
o070,3,2,0,infinity,0,,,12,14,0,35,1
o070,3,2,1,infinity,1,,,13,15,0,38,1
o070,3,2,2,infinity,2,,,14,16,0,40,1
o070,3,2,3,infinity,3,,,15,17,0,42,1
o070,3,3,0,infinity,0,,,12,14,0,35,1
o070,3,3,1,infinity,1,,,13,15,0,38,1
o070,3,3,2,infinity,2,,,14,16,0,40,1
o070,3,3,3,infinity,3,,,15,17,0,42,1
o071,0,0,0,infinity,0,,,6,8,0,18,1
o071,0,0,1,infinity,1,,,7,9,0,19,1
o071,0,0,2,infinity,2,,,8,10,0,20,1
o071,0,0,3,infinity,3,,,9,11,0,21,1
o071,1,0,0,infinity,0,,,8,10,0,24,1
o071,1,0,1,infinity,1,,,9,11,0,25,1
o071,1,0,2,infinity,2,,,10,12,0,27,1
o071,1,0,3,infinity,3,,,11,13,0,29,1
o071,1,1,0,infinity,0,,,8,10,0,23,1
o071,1,1,1,infinity,1,,,9,11,0,26,1
o071,1,1,2,infinity,2,,,10,12,0,28,1
o071,1,1,3,infinity,3,,,11,13,0,30,1
o071,2,0,0,infinity,0,,,10,12,0,30,1
o071,2,0,1,infinity,1,,,11,13,0,31,1
o071,2,0,2,infinity,2,,,12,14,0,33,1
o071,2,0,3,infinity,3,,,13,15,0,35,1
o071,2,1,0,infinity,0,,,10,12,0,29,1
o071,2,1,1,infinity,1,,,11,13,0,32,1
o071,2,1,2,infinity,2,,,12,14,0,34,1
o071,2,1,3,infinity,3,,,13,15,0,36,1
o071,2,2,0,infinity,0,,,10,12,0,29,1
o071,2,2,1,infinity,1,,,11,13,0,32,1
o071,2,2,2,infinity,2,,,12,14,0,34,1
o071,2,2,3,infinity,3,,,13,15,0,36,1
o071,3,0,0,infinity,0,,,12,14,0,36,1
o071,3,0,1,infinity,1,,,13,15,0,37,1
o071,3,0,2,infinity,2,,,14,16,0,39,1
o071,3,0,3,infinity,3,,,15,17,0,41,1
o071,3,1,0,infinity,0,,,12,14,0,35,1
o071,3,1,1,infinity,1,,,13,15,0,38,1
o071,3,1,2,infinity,2,,,14,16,0,40,1
o071,3,1,3,infinity,3,,,15,17,0,42,1
o071,3,2,0,infinity,0,,,12,14,0,35,1
o071,3,2,1,infinity,1,,,13,15,0,38,1
o071,3,2,2,infinity,2,,,14,16,0,40,1
o071,3,2,3,infinity,3,,,15,17,0,42,1
o071,3,3,0,infinity,0,,,12,14,0,35,1
o071,3,3,1,infinity,1,,,13,15,0,38,1
o071,3,3,2,infinity,2,,,14,16,0,40,1
o071,3,3,3,infinity,3,,,15,17,0,42,1
o072,0,0,0,infinity,0,,,6,8,0,18,1
o072,0,0,1,infinity,1,,,7,9,0,19,1
o072,0,0,2,infinity,2,,,8,10,0,20,1
o072,0,0,3,infinity,3,,,9,11,0,21,1
o072,1,0,0,infinity,0,,,8,10,0,24,1
o072,1,0,1,infinity,1,,,9,11,0,25,1
o072,1,0,2,infinity,2,,,10,12,0,27,1
o072,1,0,3,infinity,3,,,11,13,0,29,1
o072,1,1,0,infinity,0,,,8,10,0,23,1
o072,1,1,1,infinity,1,,,9,11,0,26,1
o072,1,1,2,infinity,2,,,10,12,0,28,1
o072,1,1,3,infinity,3,,,11,13,0,30,1
o072,2,0,0,infinity,0,,,10,12,0,30,1
o072,2,0,1,infinity,1,,,11,13,0,31,1
o072,2,0,2,infinity,2,,,12,14,0,33,1
o072,2,0,3,infinity,3,,,13,15,0,35,1
o072,2,1,0,infinity,0,,,10,12,0,29,1
o072,2,1,1,infinity,1,,,11,13,0,32,1
o072,2,1,2,infinity,2,,,12,14,0,34,1
o072,2,1,3,infinity,3,,,13,15,0,36,1
o072,2,2,0,infinity,0,,,10,12,0,29,1
o072,2,2,1,infinity,1,,,11,13,0,32,1
o072,2,2,2,infinity,2,,,12,14,0,34,1
o072,2,2,3,infinity,3,,,13,15,0,36,1
o072,3,0,0,infinity,0,,,12,14,0,36,1
o072,3,0,1,infinity,1,,,13,15,0,37,1
o072,3,0,2,infinity,2,,,14,16,0,39,1
o072,3,0,3,infinity,3,,,15,17,0,41,1
o072,3,1,0,infinity,0,,,12,14,0,35,1
o072,3,1,1,infinity,1,,,13,15,0,38,1
o072,3,1,2,infinity,2,,,14,16,0,40,1
o072,3,1,3,infinity,3,,,15,17,0,42,1
o072,3,2,0,infinity,0,,,12,14,0,35,1
o072,3,2,1,infinity,1,,,13,15,0,38,1
o072,3,2,2,infinity,2,,,14,16,0,40,1
o072,3,2,3,infinity,3,,,15,17,0,42,1
o072,3,3,0,infinity,0,,,12,14,0,35,1
o072,3,3,1,infinity,1,,,13,15,0,38,1
o072,3,3,2,infinity,2,,,14,16,0,40,1
o072,3,3,3,infinity,3,,,15,17,0,42,1
o073,0,0,0,infinity,0,,,6,8,0,18,1
o073,0,0,1,infinity,1,,,7,9,0,19,1
o073,0,0,2,infinity,2,,,8,10,0,20,1
o073,0,0,3,infinity,3,,,9,11,0,21,1
o073,1,0,0,infinity,0,,,8,10,0,24,1
o073,1,0,1,infinity,1,,,9,11,0,25,1
o073,1,0,2,infinity,2,,,10,12,0,27,1
o073,1,0,3,infinity,3,,,11,13,0,29,1
o073,1,1,0,infinity,0,,,8,10,0,23,1
o073,1,1,1,infinity,1,,,9,11,0,26,1
o073,1,1,2,infinity,2,,,10,12,0,28,1
o073,1,1,3,infinity,3,,,11,13,0,30,1
o073,2,0,0,infinity,0,,,10,12,0,30,1
o073,2,0,1,infinity,1,,,11,13,0,31,1
o073,2,0,2,infinity,2,,,12,14,0,33,1
o073,2,0,3,infinity,3,,,13,15,0,35,1
o073,2,1,0,infinity,0,,,10,12,0,29,1
o073,2,1,1,infinity,1,,,11,13,0,32,1
o073,2,1,2,infinity,2,,,12,14,0,34,1
o073,2,1,3,infinity,3,,,13,15,0,36,1
o073,2,2,0,infinity,0,,,10,12,0,29,1
o073,2,2,1,infinity,1,,,11,13,0,32,1
o073,2,2,2,infinity,2,,,12,14,0,34,1
o073,2,2,3,infinity,3,,,13,15,0,36,1
o073,3,0,0,infinity,0,,,12,14,0,36,1
o073,3,0,1,infinity,1,,,13,15,0,37,1
o073,3,0,2,infinity,2,,,14,16,0,39,1
o073,3,0,3,infinity,3,,,15,17,0,41,1
o073,3,1,0,infinity,0,,,12,14,0,35,1
o073,3,1,1,infinity,1,,,13,15,0,38,1
o073,3,1,2,infinity,2,,,14,16,0,40,1
o073,3,1,3,infinity,3,,,15,17,0,42,1
o073,3,2,0,infinity,0,,,12,14,0,35,1
o073,3,2,1,infinity,1,,,13,15,0,38,1
o073,3,2,2,infinity,2,,,14,16,0,40,1
o073,3,2,3,infinity,3,,,15,17,0,42,1
o073,3,3,0,infinity,0,,,12,14,0,35,1
o073,3,3,1,infinity,1,,,13,15,0,38,1
o073,3,3,2,infinity,2,,,14,16,0,40,1
o073,3,3,3,infinity,3,,,15,17,0,42,1
o074,0,0,0,infinity,0,,,6,8,0,18,1
o074,0,0,1,infinity,1,,,7,9,0,19,1
o074,0,0,2,infinity,2,,,8,10,0,20,1
o074,0,0,3,infinity,3,,,9,11,0,21,1
o074,1,0,0,infinity,0,,,8,10,0,24,1
o074,1,0,1,infinity,1,,,9,11,0,25,1
o074,1,0,2,infinity,2,,,10,12,0,27,1
o074,1,0,3,infinity,3,,,11,13,0,29,1
o074,1,1,0,infinity,0,,,8,10,0,23,1
o074,1,1,1,infinity,1,,,9,11,0,26,1
o074,1,1,2,infinity,2,,,10,12,0,28,1
o074,1,1,3,infinity,3,,,11,13,0,30,1
o074,2,0,0,infinity,0,,,10,12,0,30,1
o074,2,0,1,infinity,1,,,11,13,0,31,1
o074,2,0,2,infinity,2,,,12,14,0,33,1
o074,2,0,3,infinity,3,,,13,15,0,35,1
o074,2,1,0,infinity,0,,,10,12,0,29,1
o074,2,1,1,infinity,1,,,11,13,0,32,1
o074,2,1,2,infinity,2,,,12,14,0,34,1
o074,2,1,3,infinity,3,,,13,15,0,36,1
o074,2,2,0,infinity,0,,,10,12,0,29,1
o074,2,2,1,infinity,1,,,11,13,0,32,1
o074,2,2,2,infinity,2,,,12,14,0,34,1
o074,2,2,3,infinity,3,,,13,15,0,36,1
o074,3,0,0,infinity,0,,,12,14,0,36,1
o074,3,0,1,infinity,1,,,13,15,0,37,1
o074,3,0,2,infinity,2,,,14,16,0,39,1
o074,3,0,3,infinity,3,,,15,17,0,41,1
o074,3,1,0,infinity,0,,,12,14,0,35,1
o074,3,1,1,infinity,1,,,13,15,0,38,1
o074,3,1,2,infinity,2,,,14,16,0,40,1
o074,3,1,3,infinity,3,,,15,17,0,42,1
o074,3,2,0,infinity,0,,,12,14,0,35,1
o074,3,2,1,infinity,1,,,13,15,0,38,1
o074,3,2,2,infinity,2,,,14,16,0,40,1
o074,3,2,3,infinity,3,,,15,17,0,42,1
o074,3,3,0,infinity,0,,,12,14,0,35,1
o074,3,3,1,infinity,1,,,13,15,0,38,1
o074,3,3,2,infinity,2,,,14,16,0,40,1
o074,3,3,3,infinity,3,,,15,17,0,42,1
o075,0,0,0,infinity,0,,,6,8,0,18,1
o075,0,0,1,infinity,1,,,7,9,0,19,1
o075,0,0,2,infinity,2,,,8,10,0,20,1
o075,0,0,3,infinity,3,,,9,11,0,21,1
o075,1,0,0,infinity,0,,,8,10,0,24,1
o075,1,0,1,infinity,1,,,9,11,0,25,1
o075,1,0,2,infinity,2,,,10,12,0,27,1
o075,1,0,3,infinity,3,,,11,13,0,29,1
o075,1,1,0,infinity,0,,,8,10,0,23,1
o075,1,1,1,infinity,1,,,9,11,0,26,1
o075,1,1,2,infinity,2,,,10,12,0,28,1
o075,1,1,3,infinity,3,,,11,13,0,30,1
o075,2,0,0,infinity,0,,,10,12,0,30,1
o075,2,0,1,infinity,1,,,11,13,0,31,1
o075,2,0,2,infinity,2,,,12,14,0,33,1
o075,2,0,3,infinity,3,,,13,15,0,35,1
o075,2,1,0,infinity,0,,,10,12,0,29,1
o075,2,1,1,infinity,1,,,11,13,0,32,1
o075,2,1,2,infinity,2,,,12,14,0,34,1
o075,2,1,3,infinity,3,,,13,15,0,36,1
o075,2,2,0,infinity,0,,,10,12,0,29,1
o075,2,2,1,infinity,1,,,11,13,0,32,1
o075,2,2,2,infinity,2,,,12,14,0,34,1
o075,2,2,3,infinity,3,,,13,15,0,36,1
o075,3,0,0,infinity,0,,,12,14,0,36,1
o075,3,0,1,infinity,1,,,13,15,0,37,1
o075,3,0,2,infinity,2,,,14,16,0,39,1
o075,3,0,3,infinity,3,,,15,17,0,41,1
o075,3,1,0,infinity,0,,,12,14,0,35,1
o075,3,1,1,infinity,1,,,13,15,0,38,1
o075,3,1,2,infinity,2,,,14,16,0,40,1
o075,3,1,3,infinity,3,,,15,17,0,42,1
o075,3,2,0,infinity,0,,,12,14,0,35,1
o075,3,2,1,infinity,1,,,13,15,0,38,1
o075,3,2,2,infinity,2,,,14,16,0,40,1
o075,3,2,3,infinity,3,,,15,17,0,42,1
o075,3,3,0,infinity,0,,,12,14,0,35,1
o075,3,3,1,infinity,1,,,13,15,0,38,1
o075,3,3,2,infinity,2,,,14,16,0,40,1
o075,3,3,3,infinity,3,,,15,17,0,42,1
o076,0,0,0,infinity,0,,,6,8,0,18,1
o076,0,0,1,infinity,1,,,7,9,0,19,1
o076,0,0,2,infinity,2,,,8,10,0,20,1
o076,0,0,3,infinity,3,,,9,11,0,21,1
o076,1,0,0,infinity,0,,,8,10,0,24,1
o076,1,0,1,infinity,1,,,9,11,0,25,1
o076,1,0,2,infinity,2,,,10,12,0,27,1
o076,1,0,3,infinity,3,,,11,13,0,29,1
o076,1,1,0,infinity,0,,,8,10,0,23,1
o076,1,1,1,infinity,1,,,9,11,0,26,1
o076,1,1,2,infinity,2,,,10,12,0,28,1
o076,1,1,3,infinity,3,,,11,13,0,30,1
o076,2,0,0,infinity,0,,,10,12,0,30,1
o076,2,0,1,infinity,1,,,11,13,0,31,1
o076,2,0,2,infinity,2,,,12,14,0,33,1
o076,2,0,3,infinity,3,,,13,15,0,35,1
o076,2,1,0,infinity,0,,,10,12,0,29,1
o076,2,1,1,infinity,1,,,11,13,0,32,1
o076,2,1,2,infinity,2,,,12,14,0,34,1
o076,2,1,3,infinity,3,,,13,15,0,36,1
o076,2,2,0,infinity,0,,,10,12,0,29,1
o076,2,2,1,infinity,1,,,11,13,0,32,1
o076,2,2,2,infinity,2,,,12,14,0,34,1
o076,2,2,3,infinity,3,,,13,15,0,36,1
o076,3,0,0,infinity,0,,,12,14,0,36,1
o076,3,0,1,infinity,1,,,13,15,0,37,1
o076,3,0,2,infinity,2,,,14,16,0,39,1
o076,3,0,3,infinity,3,,,15,17,0,41,1
o076,3,1,0,infinity,0,,,12,14,0,35,1
o076,3,1,1,infinity,1,,,13,15,0,38,1
o076,3,1,2,infinity,2,,,14,16,0,40,1
o076,3,1,3,infinity,3,,,15,17,0,42,1
o076,3,2,0,infinity,0,,,12,14,0,35,1
o076,3,2,1,infinity,1,,,13,15,0,38,1
o076,3,2,2,infinity,2,,,14,16,0,40,1
o076,3,2,3,infinity,3,,,15,17,0,42,1
o076,3,3,0,infinity,0,,,12,14,0,35,1
o076,3,3,1,infinity,1,,,13,15,0,38,1
o076,3,3,2,infinity,2,,,14,16,0,40,1
o076,3,3,3,infinity,3,,,15,17,0,42,1
o077,0,0,0,infinity,0,,,6,8,0,18,1
o077,0,0,1,infinity,1,,,7,9,0,19,1
o077,0,0,2,infinity,2,,,8,10,0,20,1
o077,0,0,3,infinity,3,,,9,11,0,21,1
o077,1,0,0,infinity,0,,,8,10,0,24,1
o077,1,0,1,infinity,1,,,9,11,0,25,1
o077,1,0,2,infinity,2,,,10,12,0,27,1
o077,1,0,3,infinity,3,,,11,13,0,29,1
o077,1,1,0,infinity,0,,,8,10,0,23,1
o077,1,1,1,infinity,1,,,9,11,0,26,1
o077,1,1,2,infinity,2,,,10,12,0,28,1
o077,1,1,3,infinity,3,,,11,13,0,30,1
o077,2,0,0,infinity,0,,,10,12,0,30,1
o077,2,0,1,infinity,1,,,11,13,0,31,1
o077,2,0,2,infinity,2,,,12,14,0,33,1
o077,2,0,3,infinity,3,,,13,15,0,35,1
o077,2,1,0,infinity,0,,,10,12,0,29,1
o077,2,1,1,infinity,1,,,11,13,0,32,1
o077,2,1,2,infinity,2,,,12,14,0,34,1
o077,2,1,3,infinity,3,,,13,15,0,36,1
o077,2,2,0,infinity,0,,,10,12,0,29,1
o077,2,2,1,infinity,1,,,11,13,0,32,1
o077,2,2,2,infinity,2,,,12,14,0,34,1
o077,2,2,3,infinity,3,,,13,15,0,36,1
o077,3,0,0,infinity,0,,,12,14,0,36,1
o077,3,0,1,infinity,1,,,13,15,0,37,1
o077,3,0,2,infinity,2,,,14,16,0,39,1
o077,3,0,3,infinity,3,,,15,17,0,41,1
o077,3,1,0,infinity,0,,,12,14,0,35,1
o077,3,1,1,infinity,1,,,13,15,0,38,1
o077,3,1,2,infinity,2,,,14,16,0,40,1
o077,3,1,3,infinity,3,,,15,17,0,42,1
o077,3,2,0,infinity,0,,,12,14,0,35,1
o077,3,2,1,infinity,1,,,13,15,0,38,1
o077,3,2,2,infinity,2,,,14,16,0,40,1
o077,3,2,3,infinity,3,,,15,17,0,42,1
o077,3,3,0,infinity,0,,,12,14,0,35,1
o077,3,3,1,infinity,1,,,13,15,0,38,1
o077,3,3,2,infinity,2,,,14,16,0,40,1
o077,3,3,3,infinity,3,,,15,17,0,42,1
o078,0,0,0,infinity,0,,,6,8,0,18,1
o078,0,0,1,infinity,1,,,7,9,0,19,1
o078,0,0,2,infinity,2,,,8,10,0,20,1
o078,0,0,3,infinity,3,,,9,11,0,21,1
o078,1,0,0,infinity,0,,,8,10,0,24,1
o078,1,0,1,infinity,1,,,9,11,0,25,1
o078,1,0,2,infinity,2,,,10,12,0,27,1
o078,1,0,3,infinity,3,,,11,13,0,29,1
o078,1,1,0,infinity,0,,,8,10,0,23,1
o078,1,1,1,infinity,1,,,9,11,0,26,1
o078,1,1,2,infinity,2,,,10,12,0,28,1
o078,1,1,3,infinity,3,,,11,13,0,30,1
o078,2,0,0,infinity,0,,,10,12,0,30,1
o078,2,0,1,infinity,1,,,11,13,0,31,1
o078,2,0,2,infinity,2,,,12,14,0,33,1
o078,2,0,3,infinity,3,,,13,15,0,35,1
o078,2,1,0,infinity,0,,,10,12,0,29,1
o078,2,1,1,infinity,1,,,11,13,0,32,1
o078,2,1,2,infinity,2,,,12,14,0,34,1
o078,2,1,3,infinity,3,,,13,15,0,36,1
o078,2,2,0,infinity,0,,,10,12,0,29,1
o078,2,2,1,infinity,1,,,11,13,0,32,1
o078,2,2,2,infinity,2,,,12,14,0,34,1
o078,2,2,3,infinity,3,,,13,15,0,36,1
o078,3,0,0,infinity,0,,,12,14,0,36,1
o078,3,0,1,infinity,1,,,13,15,0,37,1
o078,3,0,2,infinity,2,,,14,16,0,39,1
o078,3,0,3,infinity,3,,,15,17,0,41,1
o078,3,1,0,infinity,0,,,12,14,0,35,1
o078,3,1,1,infinity,1,,,13,15,0,38,1
o078,3,1,2,infinity,2,,,14,16,0,40,1
o078,3,1,3,infinity,3,,,15,17,0,42,1
o078,3,2,0,infinity,0,,,12,14,0,35,1
o078,3,2,1,infinity,1,,,13,15,0,38,1
o078,3,2,2,infinity,2,,,14,16,0,40,1
o078,3,2,3,infinity,3,,,15,17,0,42,1
o078,3,3,0,infinity,0,,,12,14,0,35,1
o078,3,3,1,infinity,1,,,13,15,0,38,1
o078,3,3,2,infinity,2,,,14,16,0,40,1
o078,3,3,3,infinity,3,,,15,17,0,42,1
o079,0,0,0,infinity,0,,,6,8,0,18,1
o079,0,0,1,infinity,1,,,7,9,0,19,1
o079,0,0,2,infinity,2,,,8,10,0,20,1
o079,0,0,3,infinity,3,,,9,11,0,21,1
o079,1,0,0,infinity,0,,,8,10,0,24,1
o079,1,0,1,infinity,1,,,9,11,0,25,1
o079,1,0,2,infinity,2,,,10,12,0,27,1
o079,1,0,3,infinity,3,,,11,13,0,29,1
o079,1,1,0,infinity,0,,,8,10,0,23,1
o079,1,1,1,infinity,1,,,9,11,0,26,1
o079,1,1,2,infinity,2,,,10,12,0,28,1
o079,1,1,3,infinity,3,,,11,13,0,30,1
o079,2,0,0,infinity,0,,,10,12,0,30,1
o079,2,0,1,infinity,1,,,11,13,0,31,1
o079,2,0,2,infinity,2,,,12,14,0,33,1
o079,2,0,3,infinity,3,,,13,15,0,35,1
o079,2,1,0,infinity,0,,,10,12,0,29,1
o079,2,1,1,infinity,1,,,11,13,0,32,1
o079,2,1,2,infinity,2,,,12,14,0,34,1
o079,2,1,3,infinity,3,,,13,15,0,36,1
o079,2,2,0,infinity,0,,,10,12,0,29,1
o079,2,2,1,infinity,1,,,11,13,0,32,1
o079,2,2,2,infinity,2,,,12,14,0,34,1
o079,2,2,3,infinity,3,,,13,15,0,36,1
o079,3,0,0,infinity,0,,,12,14,0,36,1
o079,3,0,1,infinity,1,,,13,15,0,37,1
o079,3,0,2,infinity,2,,,14,16,0,39,1
o079,3,0,3,infinity,3,,,15,17,0,41,1
o079,3,1,0,infinity,0,,,12,14,0,35,1
o079,3,1,1,infinity,1,,,13,15,0,38,1
o079,3,1,2,infinity,2,,,14,16,0,40,1
o079,3,1,3,infinity,3,,,15,17,0,42,1
o079,3,2,0,infinity,0,,,12,14,0,35,1
o079,3,2,1,infinity,1,,,13,15,0,38,1
o079,3,2,2,infinity,2,,,14,16,0,40,1
o079,3,2,3,infinity,3,,,15,17,0,42,1
o079,3,3,0,infinity,0,,,12,14,0,35,1
o079,3,3,1,infinity,1,,,13,15,0,38,1
o079,3,3,2,infinity,2,,,14,16,0,40,1
o079,3,3,3,infinity,3,,,15,17,0,42,1
o080,0,0,0,infinity,infinity,,,6,8,0,17,1
o080,0,0,1,infinity,infinity,,,7,9,0,17,1
o080,0,0,2,infinity,infinity,,,8,10,0,17,1
o080,0,0,3,infinity,infinity,,,9,11,0,17,1
o080,1,0,0,infinity,infinity,,,8,10,0,30,1
o080,1,0,1,infinity,infinity,,,9,11,0,30,1
o080,1,0,2,infinity,infinity,,,10,12,0,30,1
o080,1,0,3,infinity,infinity,,,11,13,0,30,1
o080,1,1,0,infinity,infinity,,,8,10,0,30,1
o080,1,1,1,infinity,infinity,,,9,11,0,30,1
o080,1,1,2,infinity,infinity,,,10,12,0,30,1
o080,1,1,3,infinity,infinity,,,11,13,0,30,1
o080,2,0,0,infinity,infinity,,,10,12,0,46,1
o080,2,0,1,infinity,infinity,,,11,13,0,46,1
o080,2,0,2,infinity,infinity,,,12,14,0,46,1
o080,2,0,3,infinity,infinity,,,13,15,0,46,1
o080,2,1,0,infinity,infinity,,,10,12,0,46,1
o080,2,1,1,infinity,infinity,,,11,13,0,46,1
o080,2,1,2,infinity,infinity,,,12,14,0,46,1
o080,2,1,3,infinity,infinity,,,13,15,0,46,1
o080,2,2,0,infinity,infinity,,,10,12,0,46,1
o080,2,2,1,infinity,infinity,,,11,13,0,46,1
o080,2,2,2,infinity,infinity,,,12,14,0,46,1
o080,2,2,3,infinity,infinity,,,13,15,0,46,1
o080,3,0,0,infinity,infinity,,,12,14,0,65,1
o080,3,0,1,infinity,infinity,,,13,15,0,65,1
o080,3,0,2,infinity,infinity,,,14,16,0,65,1
o080,3,0,3,infinity,infinity,,,15,17,0,65,1
o080,3,1,0,infinity,infinity,,,12,14,0,65,1
o080,3,1,1,infinity,infinity,,,13,15,0,65,1
o080,3,1,2,infinity,infinity,,,14,16,0,65,1
o080,3,1,3,infinity,infinity,,,15,17,0,65,1
o080,3,2,0,infinity,infinity,,,12,14,0,65,1
o080,3,2,1,infinity,infinity,,,13,15,0,65,1
o080,3,2,2,infinity,infinity,,,14,16,0,65,1
o080,3,2,3,infinity,infinity,,,15,17,0,65,1
o080,3,3,0,infinity,infinity,,,12,14,0,65,1
o080,3,3,1,infinity,infinity,,,13,15,0,65,1
o080,3,3,2,infinity,infinity,,,14,16,0,65,1
o080,3,3,3,infinity,infinity,,,15,17,0,65,1
o081,0,0,0,infinity,infinity,,,6,8,0,17,1
o081,0,0,1,infinity,infinity,,,7,9,0,17,1
o081,0,0,2,infinity,infinity,,,8,10,0,17,1
o081,0,0,3,infinity,infinity,,,9,11,0,17,1
o081,1,0,0,infinity,infinity,,,8,10,0,30,1
o081,1,0,1,infinity,infinity,,,9,11,0,30,1
o081,1,0,2,infinity,infinity,,,10,12,0,30,1
o081,1,0,3,infinity,infinity,,,11,13,0,30,1
o081,1,1,0,infinity,infinity,,,8,10,0,30,1
o081,1,1,1,infinity,infinity,,,9,11,0,30,1
o081,1,1,2,infinity,infinity,,,10,12,0,30,1
o081,1,1,3,infinity,infinity,,,11,13,0,30,1
o081,2,0,0,infinity,infinity,,,10,12,0,46,1
o081,2,0,1,infinity,infinity,,,11,13,0,46,1
o081,2,0,2,infinity,infinity,,,12,14,0,46,1
o081,2,0,3,infinity,infinity,,,13,15,0,46,1
o081,2,1,0,infinity,infinity,,,10,12,0,46,1
o081,2,1,1,infinity,infinity,,,11,13,0,46,1
o081,2,1,2,infinity,infinity,,,12,14,0,46,1
o081,2,1,3,infinity,infinity,,,13,15,0,46,1
o081,2,2,0,infinity,infinity,,,10,12,0,46,1
o081,2,2,1,infinity,infinity,,,11,13,0,46,1
o081,2,2,2,infinity,infinity,,,12,14,0,46,1
o081,2,2,3,infinity,infinity,,,13,15,0,46,1
o081,3,0,0,infinity,infinity,,,12,14,0,65,1
o081,3,0,1,infinity,infinity,,,13,15,0,65,1
o081,3,0,2,infinity,infinity,,,14,16,0,65,1
o081,3,0,3,infinity,infinity,,,15,17,0,65,1
o081,3,1,0,infinity,infinity,,,12,14,0,65,1
o081,3,1,1,infinity,infinity,,,13,15,0,65,1
o081,3,1,2,infinity,infinity,,,14,16,0,65,1
o081,3,1,3,infinity,infinity,,,15,17,0,65,1
o081,3,2,0,infinity,infinity,,,12,14,0,65,1
o081,3,2,1,infinity,infinity,,,13,15,0,65,1
o081,3,2,2,infinity,infinity,,,14,16,0,65,1
o081,3,2,3,infinity,infinity,,,15,17,0,65,1
o081,3,3,0,infinity,infinity,,,12,14,0,65,1
o081,3,3,1,infinity,infinity,,,13,15,0,65,1
o081,3,3,2,infinity,infinity,,,14,16,0,65,1
o081,3,3,3,infinity,infinity,,,15,17,0,65,1
o082,0,0,0,infinity,infinity,,,6,8,0,17,1
o082,0,0,1,infinity,infinity,,,7,9,0,17,1
o082,0,0,2,infinity,infinity,,,8,10,0,17,1
o082,0,0,3,infinity,infinity,,,9,11,0,17,1
o082,1,0,0,infinity,infinity,,,8,10,0,30,1
o082,1,0,1,infinity,infinity,,,9,11,0,30,1
o082,1,0,2,infinity,infinity,,,10,12,0,30,1
o082,1,0,3,infinity,infinity,,,11,13,0,30,1
o082,1,1,0,infinity,infinity,,,8,10,0,30,1
o082,1,1,1,infinity,infinity,,,9,11,0,30,1
o082,1,1,2,infinity,infinity,,,10,12,0,30,1
o082,1,1,3,infinity,infinity,,,11,13,0,30,1
o082,2,0,0,infinity,infinity,,,10,12,0,46,1
o082,2,0,1,infinity,infinity,,,11,13,0,46,1
o082,2,0,2,infinity,infinity,,,12,14,0,46,1
o082,2,0,3,infinity,infinity,,,13,15,0,46,1
o082,2,1,0,infinity,infinity,,,10,12,0,46,1
o082,2,1,1,infinity,infinity,,,11,13,0,46,1
o082,2,1,2,infinity,infinity,,,12,14,0,46,1
o082,2,1,3,infinity,infinity,,,13,15,0,46,1
o082,2,2,0,infinity,infinity,,,10,12,0,46,1
o082,2,2,1,infinity,infinity,,,11,13,0,46,1
o082,2,2,2,infinity,infinity,,,12,14,0,46,1
o082,2,2,3,infinity,infinity,,,13,15,0,46,1
o082,3,0,0,infinity,infinity,,,12,14,0,65,1
o082,3,0,1,infinity,infinity,,,13,15,0,65,1
o082,3,0,2,infinity,infinity,,,14,16,0,65,1
o082,3,0,3,infinity,infinity,,,15,17,0,65,1
o082,3,1,0,infinity,infinity,,,12,14,0,65,1
o082,3,1,1,infinity,infinity,,,13,15,0,65,1
o082,3,1,2,infinity,infinity,,,14,16,0,65,1
o082,3,1,3,infinity,infinity,,,15,17,0,65,1
o082,3,2,0,infinity,infinity,,,12,14,0,65,1
o082,3,2,1,infinity,infinity,,,13,15,0,65,1
o082,3,2,2,infinity,infinity,,,14,16,0,65,1
o082,3,2,3,infinity,infinity,,,15,17,0,65,1
o082,3,3,0,infinity,infinity,,,12,14,0,65,1
o082,3,3,1,infinity,infinity,,,13,15,0,65,1
o082,3,3,2,infinity,infinity,,,14,16,0,65,1
o082,3,3,3,infinity,infinity,,,15,17,0,65,1
o083,0,0,0,infinity,infinity,,,6,8,0,17,1
o083,0,0,1,infinity,infinity,,,7,9,0,17,1
o083,0,0,2,infinity,infinity,,,8,10,0,17,1
o083,0,0,3,infinity,infinity,,,9,11,0,17,1
o083,1,0,0,infinity,infinity,,,8,10,0,30,1
o083,1,0,1,infinity,infinity,,,9,11,0,30,1
o083,1,0,2,infinity,infinity,,,10,12,0,30,1
o083,1,0,3,infinity,infinity,,,11,13,0,30,1
o083,1,1,0,infinity,infinity,,,8,10,0,30,1
o083,1,1,1,infinity,infinity,,,9,11,0,30,1
o083,1,1,2,infinity,infinity,,,10,12,0,30,1
o083,1,1,3,infinity,infinity,,,11,13,0,30,1
o083,2,0,0,infinity,infinity,,,10,12,0,46,1
o083,2,0,1,infinity,infinity,,,11,13,0,46,1
o083,2,0,2,infinity,infinity,,,12,14,0,46,1
o083,2,0,3,infinity,infinity,,,13,15,0,46,1
o083,2,1,0,infinity,infinity,,,10,12,0,46,1
o083,2,1,1,infinity,infinity,,,11,13,0,46,1
o083,2,1,2,infinity,infinity,,,12,14,0,46,1
o083,2,1,3,infinity,infinity,,,13,15,0,46,1
o083,2,2,0,infinity,infinity,,,10,12,0,46,1
o083,2,2,1,infinity,infinity,,,11,13,0,46,1
o083,2,2,2,infinity,infinity,,,12,14,0,46,1
o083,2,2,3,infinity,infinity,,,13,15,0,46,1
o083,3,0,0,infinity,infinity,,,12,14,0,65,1
o083,3,0,1,infinity,infinity,,,13,15,0,65,1
o083,3,0,2,infinity,infinity,,,14,16,0,65,1
o083,3,0,3,infinity,infinity,,,15,17,0,65,1
o083,3,1,0,infinity,infinity,,,12,14,0,65,1
o083,3,1,1,infinity,infinity,,,13,15,0,65,1
o083,3,1,2,infinity,infinity,,,14,16,0,65,1
o083,3,1,3,infinity,infinity,,,15,17,0,65,1
o083,3,2,0,infinity,infinity,,,12,14,0,65,1
o083,3,2,1,infinity,infinity,,,13,15,0,65,1
o083,3,2,2,infinity,infinity,,,14,16,0,65,1
o083,3,2,3,infinity,infinity,,,15,17,0,65,1
o083,3,3,0,infinity,infinity,,,12,14,0,65,1
o083,3,3,1,infinity,infinity,,,13,15,0,65,1
o083,3,3,2,infinity,infinity,,,14,16,0,65,1
o083,3,3,3,infinity,infinity,,,15,17,0,65,1
o084,0,0,0,infinity,infinity,,,6,8,0,17,1
o084,0,0,1,infinity,infinity,,,7,9,0,17,1
o084,0,0,2,infinity,infinity,,,8,10,0,17,1
o084,0,0,3,infinity,infinity,,,9,11,0,17,1
o084,1,0,0,infinity,infinity,,,8,10,0,30,1
o084,1,0,1,infinity,infinity,,,9,11,0,30,1
o084,1,0,2,infinity,infinity,,,10,12,0,30,1
o084,1,0,3,infinity,infinity,,,11,13,0,30,1
o084,1,1,0,infinity,infinity,,,8,10,0,30,1
o084,1,1,1,infinity,infinity,,,9,11,0,30,1
o084,1,1,2,infinity,infinity,,,10,12,0,30,1
o084,1,1,3,infinity,infinity,,,11,13,0,30,1
o084,2,0,0,infinity,infinity,,,10,12,0,46,1
o084,2,0,1,infinity,infinity,,,11,13,0,46,1
o084,2,0,2,infinity,infinity,,,12,14,0,46,1
o084,2,0,3,infinity,infinity,,,13,15,0,46,1
o084,2,1,0,infinity,infinity,,,10,12,0,46,1
o084,2,1,1,infinity,infinity,,,11,13,0,46,1
o084,2,1,2,infinity,infinity,,,12,14,0,46,1
o084,2,1,3,infinity,infinity,,,13,15,0,46,1
o084,2,2,0,infinity,infinity,,,10,12,0,46,1
o084,2,2,1,infinity,infinity,,,11,13,0,46,1
o084,2,2,2,infinity,infinity,,,12,14,0,46,1
o084,2,2,3,infinity,infinity,,,13,15,0,46,1
o084,3,0,0,infinity,infinity,,,12,14,0,65,1
o084,3,0,1,infinity,infinity,,,13,15,0,65,1
o084,3,0,2,infinity,infinity,,,14,16,0,65,1
o084,3,0,3,infinity,infinity,,,15,17,0,65,1
o084,3,1,0,infinity,infinity,,,12,14,0,65,1
o084,3,1,1,infinity,infinity,,,13,15,0,65,1
o084,3,1,2,infinity,infinity,,,14,16,0,65,1
o084,3,1,3,infinity,infinity,,,15,17,0,65,1
o084,3,2,0,infinity,infinity,,,12,14,0,65,1
o084,3,2,1,infinity,infinity,,,13,15,0,65,1
o084,3,2,2,infinity,infinity,,,14,16,0,65,1
o084,3,2,3,infinity,infinity,,,15,17,0,65,1
o084,3,3,0,infinity,infinity,,,12,14,0,65,1
o084,3,3,1,infinity,infinity,,,13,15,0,65,1
o084,3,3,2,infinity,infinity,,,14,16,0,65,1
o084,3,3,3,infinity,infinity,,,15,17,0,65,1
o085,0,0,0,infinity,infinity,,,6,8,0,17,1
o085,0,0,1,infinity,infinity,,,7,9,0,17,1
o085,0,0,2,infinity,infinity,,,8,10,0,17,1
o085,0,0,3,infinity,infinity,,,9,11,0,17,1
o085,1,0,0,infinity,infinity,,,8,10,0,30,1
o085,1,0,1,infinity,infinity,,,9,11,0,30,1
o085,1,0,2,infinity,infinity,,,10,12,0,30,1
o085,1,0,3,infinity,infinity,,,11,13,0,30,1
o085,1,1,0,infinity,infinity,,,8,10,0,30,1
o085,1,1,1,infinity,infinity,,,9,11,0,30,1
o085,1,1,2,infinity,infinity,,,10,12,0,30,1
o085,1,1,3,infinity,infinity,,,11,13,0,30,1
o085,2,0,0,infinity,infinity,,,10,12,0,46,1
o085,2,0,1,infinity,infinity,,,11,13,0,46,1
o085,2,0,2,infinity,infinity,,,12,14,0,46,1
o085,2,0,3,infinity,infinity,,,13,15,0,46,1
o085,2,1,0,infinity,infinity,,,10,12,0,46,1
o085,2,1,1,infinity,infinity,,,11,13,0,46,1
o085,2,1,2,infinity,infinity,,,12,14,0,46,1
o085,2,1,3,infinity,infinity,,,13,15,0,46,1
o085,2,2,0,infinity,infinity,,,10,12,0,46,1
o085,2,2,1,infinity,infinity,,,11,13,0,46,1
o085,2,2,2,infinity,infinity,,,12,14,0,46,1
o085,2,2,3,infinity,infinity,,,13,15,0,46,1
o085,3,0,0,infinity,infinity,,,12,14,0,65,1
o085,3,0,1,infinity,infinity,,,13,15,0,65,1
o085,3,0,2,infinity,infinity,,,14,16,0,65,1
o085,3,0,3,infinity,infinity,,,15,17,0,65,1
o085,3,1,0,infinity,infinity,,,12,14,0,65,1
o085,3,1,1,infinity,infinity,,,13,15,0,65,1
o085,3,1,2,infinity,infinity,,,14,16,0,65,1
o085,3,1,3,infinity,infinity,,,15,17,0,65,1
o085,3,2,0,infinity,infinity,,,12,14,0,65,1
o085,3,2,1,infinity,infinity,,,13,15,0,65,1
o085,3,2,2,infinity,infinity,,,14,16,0,65,1
o085,3,2,3,infinity,infinity,,,15,17,0,65,1
o085,3,3,0,infinity,infinity,,,12,14,0,65,1
o085,3,3,1,infinity,infinity,,,13,15,0,65,1
o085,3,3,2,infinity,infinity,,,14,16,0,65,1
o085,3,3,3,infinity,infinity,,,15,17,0,65,1
o086,0,0,0,infinity,infinity,,,6,8,0,17,1
o086,0,0,1,infinity,infinity,,,7,9,0,17,1
o086,0,0,2,infinity,infinity,,,8,10,0,17,1
o086,0,0,3,infinity,infinity,,,9,11,0,17,1
o086,1,0,0,infinity,infinity,,,8,10,0,30,1
o086,1,0,1,infinity,infinity,,,9,11,0,30,1
o086,1,0,2,infinity,infinity,,,10,12,0,30,1
o086,1,0,3,infinity,infinity,,,11,13,0,30,1
o086,1,1,0,infinity,infinity,,,8,10,0,30,1
o086,1,1,1,infinity,infinity,,,9,11,0,30,1
o086,1,1,2,infinity,infinity,,,10,12,0,30,1
o086,1,1,3,infinity,infinity,,,11,13,0,30,1
o086,2,0,0,infinity,infinity,,,10,12,0,46,1
o086,2,0,1,infinity,infinity,,,11,13,0,46,1
o086,2,0,2,infinity,infinity,,,12,14,0,46,1
o086,2,0,3,infinity,infinity,,,13,15,0,46,1
o086,2,1,0,infinity,infinity,,,10,12,0,46,1
o086,2,1,1,infinity,infinity,,,11,13,0,46,1
o086,2,1,2,infinity,infinity,,,12,14,0,46,1
o086,2,1,3,infinity,infinity,,,13,15,0,46,1
o086,2,2,0,infinity,infinity,,,10,12,0,46,1
o086,2,2,1,infinity,infinity,,,11,13,0,46,1
o086,2,2,2,infinity,infinity,,,12,14,0,46,1
o086,2,2,3,infinity,infinity,,,13,15,0,46,1
o086,3,0,0,infinity,infinity,,,12,14,0,65,1
o086,3,0,1,infinity,infinity,,,13,15,0,65,1
o086,3,0,2,infinity,infinity,,,14,16,0,65,1
o086,3,0,3,infinity,infinity,,,15,17,0,65,1
o086,3,1,0,infinity,infinity,,,12,14,0,65,1
o086,3,1,1,infinity,infinity,,,13,15,0,65,1
o086,3,1,2,infinity,infinity,,,14,16,0,65,1
o086,3,1,3,infinity,infinity,,,15,17,0,65,1
o086,3,2,0,infinity,infinity,,,12,14,0,65,1
o086,3,2,1,infinity,infinity,,,13,15,0,65,1
o086,3,2,2,infinity,infinity,,,14,16,0,65,1
o086,3,2,3,infinity,infinity,,,15,17,0,65,1
o086,3,3,0,infinity,infinity,,,12,14,0,65,1
o086,3,3,1,infinity,infinity,,,13,15,0,65,1
o086,3,3,2,infinity,infinity,,,14,16,0,65,1
o086,3,3,3,infinity,infinity,,,15,17,0,65,1
o087,0,0,0,infinity,infinity,,,6,8,0,17,1
o087,0,0,1,infinity,infinity,,,7,9,0,17,1
o087,0,0,2,infinity,infinity,,,8,10,0,17,1
o087,0,0,3,infinity,infinity,,,9,11,0,17,1
o087,1,0,0,infinity,infinity,,,8,10,0,30,1
o087,1,0,1,infinity,infinity,,,9,11,0,30,1
o087,1,0,2,infinity,infinity,,,10,12,0,30,1
o087,1,0,3,infinity,infinity,,,11,13,0,30,1
o087,1,1,0,infinity,infinity,,,8,10,0,30,1
o087,1,1,1,infinity,infinity,,,9,11,0,30,1
o087,1,1,2,infinity,infinity,,,10,12,0,30,1
o087,1,1,3,infinity,infinity,,,11,13,0,30,1
o087,2,0,0,infinity,infinity,,,10,12,0,46,1
o087,2,0,1,infinity,infinity,,,11,13,0,46,1
o087,2,0,2,infinity,infinity,,,12,14,0,46,1
o087,2,0,3,infinity,infinity,,,13,15,0,46,1
o087,2,1,0,infinity,infinity,,,10,12,0,46,1
o087,2,1,1,infinity,infinity,,,11,13,0,46,1
o087,2,1,2,infinity,infinity,,,12,14,0,46,1
o087,2,1,3,infinity,infinity,,,13,15,0,46,1
o087,2,2,0,infinity,infinity,,,10,12,0,46,1
o087,2,2,1,infinity,infinity,,,11,13,0,46,1
o087,2,2,2,infinity,infinity,,,12,14,0,46,1
o087,2,2,3,infinity,infinity,,,13,15,0,46,1
o087,3,0,0,infinity,infinity,,,12,14,0,65,1
o087,3,0,1,infinity,infinity,,,13,15,0,65,1
o087,3,0,2,infinity,infinity,,,14,16,0,65,1
o087,3,0,3,infinity,infinity,,,15,17,0,65,1
o087,3,1,0,infinity,infinity,,,12,14,0,65,1
o087,3,1,1,infinity,infinity,,,13,15,0,65,1
o087,3,1,2,infinity,infinity,,,14,16,0,65,1
o087,3,1,3,infinity,infinity,,,15,17,0,65,1
o087,3,2,0,infinity,infinity,,,12,14,0,65,1
o087,3,2,1,infinity,infinity,,,13,15,0,65,1
o087,3,2,2,infinity,infinity,,,14,16,0,65,1
o087,3,2,3,infinity,infinity,,,15,17,0,65,1
o087,3,3,0,infinity,infinity,,,12,14,0,65,1
o087,3,3,1,infinity,infinity,,,13,15,0,65,1
o087,3,3,2,infinity,infinity,,,14,16,0,65,1
o087,3,3,3,infinity,infinity,,,15,17,0,65,1
o088,0,0,0,infinity,infinity,,,6,8,0,17,1
o088,0,0,1,infinity,infinity,,,7,9,0,17,1
o088,0,0,2,infinity,infinity,,,8,10,0,17,1
o088,0,0,3,infinity,infinity,,,9,11,0,17,1
o088,1,0,0,infinity,infinity,,,8,10,0,30,1
o088,1,0,1,infinity,infinity,,,9,11,0,30,1
o088,1,0,2,infinity,infinity,,,10,12,0,30,1
o088,1,0,3,infinity,infinity,,,11,13,0,30,1
o088,1,1,0,infinity,infinity,,,8,10,0,30,1
o088,1,1,1,infinity,infinity,,,9,11,0,30,1
o088,1,1,2,infinity,infinity,,,10,12,0,30,1
o088,1,1,3,infinity,infinity,,,11,13,0,30,1
o088,2,0,0,infinity,infinity,,,10,12,0,46,1
o088,2,0,1,infinity,infinity,,,11,13,0,46,1
o088,2,0,2,infinity,infinity,,,12,14,0,46,1
o088,2,0,3,infinity,infinity,,,13,15,0,46,1
o088,2,1,0,infinity,infinity,,,10,12,0,46,1
o088,2,1,1,infinity,infinity,,,11,13,0,46,1
o088,2,1,2,infinity,infinity,,,12,14,0,46,1
o088,2,1,3,infinity,infinity,,,13,15,0,46,1
o088,2,2,0,infinity,infinity,,,10,12,0,46,1
o088,2,2,1,infinity,infinity,,,11,13,0,46,1
o088,2,2,2,infinity,infinity,,,12,14,0,46,1
o088,2,2,3,infinity,infinity,,,13,15,0,46,1
o088,3,0,0,infinity,infinity,,,12,14,0,65,1
o088,3,0,1,infinity,infinity,,,13,15,0,65,1
o088,3,0,2,infinity,infinity,,,14,16,0,65,1
o088,3,0,3,infinity,infinity,,,15,17,0,65,1
o088,3,1,0,infinity,infinity,,,12,14,0,65,1
o088,3,1,1,infinity,infinity,,,13,15,0,65,1
o088,3,1,2,infinity,infinity,,,14,16,0,65,1
o088,3,1,3,infinity,infinity,,,15,17,0,65,1
o088,3,2,0,infinity,infinity,,,12,14,0,65,1
o088,3,2,1,infinity,infinity,,,13,15,0,65,1
o088,3,2,2,infinity,infinity,,,14,16,0,65,1
o088,3,2,3,infinity,infinity,,,15,17,0,65,1
o088,3,3,0,infinity,infinity,,,12,14,0,65,1
o088,3,3,1,infinity,infinity,,,13,15,0,65,1
o088,3,3,2,infinity,infinity,,,14,16,0,65,1
o088,3,3,3,infinity,infinity,,,15,17,0,65,1
o089,0,0,0,infinity,infinity,,,6,8,0,17,1
o089,0,0,1,infinity,infinity,,,7,9,0,17,1
o089,0,0,2,infinity,infinity,,,8,10,0,17,1
o089,0,0,3,infinity,infinity,,,9,11,0,17,1
o089,1,0,0,infinity,infinity,,,8,10,0,30,1
o089,1,0,1,infinity,infinity,,,9,11,0,30,1
o089,1,0,2,infinity,infinity,,,10,12,0,30,1
o089,1,0,3,infinity,infinity,,,11,13,0,30,1
o089,1,1,0,infinity,infinity,,,8,10,0,30,1
o089,1,1,1,infinity,infinity,,,9,11,0,30,1
o089,1,1,2,infinity,infinity,,,10,12,0,30,1
o089,1,1,3,infinity,infinity,,,11,13,0,30,1
o089,2,0,0,infinity,infinity,,,10,12,0,46,1
o089,2,0,1,infinity,infinity,,,11,13,0,46,1
o089,2,0,2,infinity,infinity,,,12,14,0,46,1
o089,2,0,3,infinity,infinity,,,13,15,0,46,1
o089,2,1,0,infinity,infinity,,,10,12,0,46,1
o089,2,1,1,infinity,infinity,,,11,13,0,46,1
o089,2,1,2,infinity,infinity,,,12,14,0,46,1
o089,2,1,3,infinity,infinity,,,13,15,0,46,1
o089,2,2,0,infinity,infinity,,,10,12,0,46,1
o089,2,2,1,infinity,infinity,,,11,13,0,46,1
o089,2,2,2,infinity,infinity,,,12,14,0,46,1
o089,2,2,3,infinity,infinity,,,13,15,0,46,1
o089,3,0,0,infinity,infinity,,,12,14,0,65,1
o089,3,0,1,infinity,infinity,,,13,15,0,65,1
o089,3,0,2,infinity,infinity,,,14,16,0,65,1
o089,3,0,3,infinity,infinity,,,15,17,0,65,1
o089,3,1,0,infinity,infinity,,,12,14,0,65,1
o089,3,1,1,infinity,infinity,,,13,15,0,65,1
o089,3,1,2,infinity,infinity,,,14,16,0,65,1
o089,3,1,3,infinity,infinity,,,15,17,0,65,1
o089,3,2,0,infinity,infinity,,,12,14,0,65,1
o089,3,2,1,infinity,infinity,,,13,15,0,65,1
o089,3,2,2,infinity,infinity,,,14,16,0,65,1
o089,3,2,3,infinity,infinity,,,15,17,0,65,1
o089,3,3,0,infinity,infinity,,,12,14,0,65,1
o089,3,3,1,infinity,infinity,,,13,15,0,65,1
o089,3,3,2,infinity,infinity,,,14,16,0,65,1
o089,3,3,3,infinity,infinity,,,15,17,0,65,1
o090,0,0,0,infinity,infinity,,,6,8,0,17,1
o090,0,0,1,infinity,infinity,,,7,9,0,17,1
o090,0,0,2,infinity,infinity,,,8,10,0,17,1
o090,0,0,3,infinity,infinity,,,9,11,0,17,1
o090,1,0,0,infinity,infinity,,,8,10,0,30,1
o090,1,0,1,infinity,infinity,,,9,11,0,30,1
o090,1,0,2,infinity,infinity,,,10,12,0,30,1
o090,1,0,3,infinity,infinity,,,11,13,0,30,1
o090,1,1,0,infinity,infinity,,,8,10,0,30,1
o090,1,1,1,infinity,infinity,,,9,11,0,30,1
o090,1,1,2,infinity,infinity,,,10,12,0,30,1
o090,1,1,3,infinity,infinity,,,11,13,0,30,1
o090,2,0,0,infinity,infinity,,,10,12,0,46,1
o090,2,0,1,infinity,infinity,,,11,13,0,46,1
o090,2,0,2,infinity,infinity,,,12,14,0,46,1
o090,2,0,3,infinity,infinity,,,13,15,0,46,1
o090,2,1,0,infinity,infinity,,,10,12,0,46,1
o090,2,1,1,infinity,infinity,,,11,13,0,46,1
o090,2,1,2,infinity,infinity,,,12,14,0,46,1
o090,2,1,3,infinity,infinity,,,13,15,0,46,1
o090,2,2,0,infinity,infinity,,,10,12,0,46,1
o090,2,2,1,infinity,infinity,,,11,13,0,46,1
o090,2,2,2,infinity,infinity,,,12,14,0,46,1
o090,2,2,3,infinity,infinity,,,13,15,0,46,1
o090,3,0,0,infinity,infinity,,,12,14,0,65,1
o090,3,0,1,infinity,infinity,,,13,15,0,65,1
o090,3,0,2,infinity,infinity,,,14,16,0,65,1
o090,3,0,3,infinity,infinity,,,15,17,0,65,1
o090,3,1,0,infinity,infinity,,,12,14,0,65,1
o090,3,1,1,infinity,infinity,,,13,15,0,65,1
o090,3,1,2,infinity,infinity,,,14,16,0,65,1
o090,3,1,3,infinity,infinity,,,15,17,0,65,1
o090,3,2,0,infinity,infinity,,,12,14,0,65,1
o090,3,2,1,infinity,infinity,,,13,15,0,65,1
o090,3,2,2,infinity,infinity,,,14,16,0,65,1
o090,3,2,3,infinity,infinity,,,15,17,0,65,1
o090,3,3,0,infinity,infinity,,,12,14,0,65,1
o090,3,3,1,infinity,infinity,,,13,15,0,65,1
o090,3,3,2,infinity,infinity,,,14,16,0,65,1
o090,3,3,3,infinity,infinity,,,15,17,0,65,1
o091,0,0,0,infinity,infinity,,,6,8,0,17,1
o091,0,0,1,infinity,infinity,,,7,9,0,17,1
o091,0,0,2,infinity,infinity,,,8,10,0,17,1
o091,0,0,3,infinity,infinity,,,9,11,0,17,1
o091,1,0,0,infinity,infinity,,,8,10,0,30,1
o091,1,0,1,infinity,infinity,,,9,11,0,30,1
o091,1,0,2,infinity,infinity,,,10,12,0,30,1
o091,1,0,3,infinity,infinity,,,11,13,0,30,1
o091,1,1,0,infinity,infinity,,,8,10,0,30,1
o091,1,1,1,infinity,infinity,,,9,11,0,30,1
o091,1,1,2,infinity,infinity,,,10,12,0,30,1
o091,1,1,3,infinity,infinity,,,11,13,0,30,1
o091,2,0,0,infinity,infinity,,,10,12,0,46,1
o091,2,0,1,infinity,infinity,,,11,13,0,46,1
o091,2,0,2,infinity,infinity,,,12,14,0,46,1
o091,2,0,3,infinity,infinity,,,13,15,0,46,1
o091,2,1,0,infinity,infinity,,,10,12,0,46,1
o091,2,1,1,infinity,infinity,,,11,13,0,46,1
o091,2,1,2,infinity,infinity,,,12,14,0,46,1
o091,2,1,3,infinity,infinity,,,13,15,0,46,1
o091,2,2,0,infinity,infinity,,,10,12,0,46,1
o091,2,2,1,infinity,infinity,,,11,13,0,46,1
o091,2,2,2,infinity,infinity,,,12,14,0,46,1
o091,2,2,3,infinity,infinity,,,13,15,0,46,1
o091,3,0,0,infinity,infinity,,,12,14,0,65,1
o091,3,0,1,infinity,infinity,,,13,15,0,65,1
o091,3,0,2,infinity,infinity,,,14,16,0,65,1
o091,3,0,3,infinity,infinity,,,15,17,0,65,1
o091,3,1,0,infinity,infinity,,,12,14,0,65,1
o091,3,1,1,infinity,infinity,,,13,15,0,65,1
o091,3,1,2,infinity,infinity,,,14,16,0,65,1
o091,3,1,3,infinity,infinity,,,15,17,0,65,1
o091,3,2,0,infinity,infinity,,,12,14,0,65,1
o091,3,2,1,infinity,infinity,,,13,15,0,65,1
o091,3,2,2,infinity,infinity,,,14,16,0,65,1
o091,3,2,3,infinity,infinity,,,15,17,0,65,1
o091,3,3,0,infinity,infinity,,,12,14,0,65,1
o091,3,3,1,infinity,infinity,,,13,15,0,65,1
o091,3,3,2,infinity,infinity,,,14,16,0,65,1
o091,3,3,3,infinity,infinity,,,15,17,0,65,1
o092,0,0,0,infinity,infinity,,,6,8,0,17,1
o092,0,0,1,infinity,infinity,,,7,9,0,17,1
o092,0,0,2,infinity,infinity,,,8,10,0,17,1
o092,0,0,3,infinity,infinity,,,9,11,0,17,1
o092,1,0,0,infinity,infinity,,,8,10,0,30,1
o092,1,0,1,infinity,infinity,,,9,11,0,30,1
o092,1,0,2,infinity,infinity,,,10,12,0,30,1
o092,1,0,3,infinity,infinity,,,11,13,0,30,1
o092,1,1,0,infinity,infinity,,,8,10,0,30,1
o092,1,1,1,infinity,infinity,,,9,11,0,30,1
o092,1,1,2,infinity,infinity,,,10,12,0,30,1
o092,1,1,3,infinity,infinity,,,11,13,0,30,1
o092,2,0,0,infinity,infinity,,,10,12,0,46,1
o092,2,0,1,infinity,infinity,,,11,13,0,46,1
o092,2,0,2,infinity,infinity,,,12,14,0,46,1
o092,2,0,3,infinity,infinity,,,13,15,0,46,1
o092,2,1,0,infinity,infinity,,,10,12,0,46,1
o092,2,1,1,infinity,infinity,,,11,13,0,46,1
o092,2,1,2,infinity,infinity,,,12,14,0,46,1
o092,2,1,3,infinity,infinity,,,13,15,0,46,1
o092,2,2,0,infinity,infinity,,,10,12,0,46,1
o092,2,2,1,infinity,infinity,,,11,13,0,46,1
o092,2,2,2,infinity,infinity,,,12,14,0,46,1
o092,2,2,3,infinity,infinity,,,13,15,0,46,1
o092,3,0,0,infinity,infinity,,,12,14,0,65,1
o092,3,0,1,infinity,infinity,,,13,15,0,65,1
o092,3,0,2,infinity,infinity,,,14,16,0,65,1
o092,3,0,3,infinity,infinity,,,15,17,0,65,1
o092,3,1,0,infinity,infinity,,,12,14,0,65,1
o092,3,1,1,infinity,infinity,,,13,15,0,65,1
o092,3,1,2,infinity,infinity,,,14,16,0,65,1
o092,3,1,3,infinity,infinity,,,15,17,0,65,1
o092,3,2,0,infinity,infinity,,,12,14,0,65,1
o092,3,2,1,infinity,infinity,,,13,15,0,65,1
o092,3,2,2,infinity,infinity,,,14,16,0,65,1
o092,3,2,3,infinity,infinity,,,15,17,0,65,1
o092,3,3,0,infinity,infinity,,,12,14,0,65,1
o092,3,3,1,infinity,infinity,,,13,15,0,65,1
o092,3,3,2,infinity,infinity,,,14,16,0,65,1
o092,3,3,3,infinity,infinity,,,15,17,0,65,1
o093,0,0,0,infinity,infinity,,,6,8,0,17,1
o093,0,0,1,infinity,infinity,,,7,9,0,17,1
o093,0,0,2,infinity,infinity,,,8,10,0,17,1
o093,0,0,3,infinity,infinity,,,9,11,0,17,1
o093,1,0,0,infinity,infinity,,,8,10,0,30,1
o093,1,0,1,infinity,infinity,,,9,11,0,30,1
o093,1,0,2,infinity,infinity,,,10,12,0,30,1
o093,1,0,3,infinity,infinity,,,11,13,0,30,1
o093,1,1,0,infinity,infinity,,,8,10,0,30,1
o093,1,1,1,infinity,infinity,,,9,11,0,30,1
o093,1,1,2,infinity,infinity,,,10,12,0,30,1
o093,1,1,3,infinity,infinity,,,11,13,0,30,1
o093,2,0,0,infinity,infinity,,,10,12,0,46,1
o093,2,0,1,infinity,infinity,,,11,13,0,46,1
o093,2,0,2,infinity,infinity,,,12,14,0,46,1
o093,2,0,3,infinity,infinity,,,13,15,0,46,1
o093,2,1,0,infinity,infinity,,,10,12,0,46,1
o093,2,1,1,infinity,infinity,,,11,13,0,46,1
o093,2,1,2,infinity,infinity,,,12,14,0,46,1
o093,2,1,3,infinity,infinity,,,13,15,0,46,1
o093,2,2,0,infinity,infinity,,,10,12,0,46,1
o093,2,2,1,infinity,infinity,,,11,13,0,46,1
o093,2,2,2,infinity,infinity,,,12,14,0,46,1
o093,2,2,3,infinity,infinity,,,13,15,0,46,1
o093,3,0,0,infinity,infinity,,,12,14,0,65,1
o093,3,0,1,infinity,infinity,,,13,15,0,65,1
o093,3,0,2,infinity,infinity,,,14,16,0,65,1
o093,3,0,3,infinity,infinity,,,15,17,0,65,1
o093,3,1,0,infinity,infinity,,,12,14,0,65,1
o093,3,1,1,infinity,infinity,,,13,15,0,65,1
o093,3,1,2,infinity,infinity,,,14,16,0,65,1
o093,3,1,3,infinity,infinity,,,15,17,0,65,1
o093,3,2,0,infinity,infinity,,,12,14,0,65,1
o093,3,2,1,infinity,infinity,,,13,15,0,65,1
o093,3,2,2,infinity,infinity,,,14,16,0,65,1
o093,3,2,3,infinity,infinity,,,15,17,0,65,1
o093,3,3,0,infinity,infinity,,,12,14,0,65,1
o093,3,3,1,infinity,infinity,,,13,15,0,65,1
o093,3,3,2,infinity,infinity,,,14,16,0,65,1
o093,3,3,3,infinity,infinity,,,15,17,0,65,1
o094,0,0,0,infinity,infinity,,,6,8,0,17,1
o094,0,0,1,infinity,infinity,,,7,9,0,17,1
o094,0,0,2,infinity,infinity,,,8,10,0,17,1
o094,0,0,3,infinity,infinity,,,9,11,0,17,1
o094,1,0,0,infinity,infinity,,,8,10,0,30,1
o094,1,0,1,infinity,infinity,,,9,11,0,30,1
o094,1,0,2,infinity,infinity,,,10,12,0,30,1
o094,1,0,3,infinity,infinity,,,11,13,0,30,1
o094,1,1,0,infinity,infinity,,,8,10,0,30,1
o094,1,1,1,infinity,infinity,,,9,11,0,30,1
o094,1,1,2,infinity,infinity,,,10,12,0,30,1
o094,1,1,3,infinity,infinity,,,11,13,0,30,1
o094,2,0,0,infinity,infinity,,,10,12,0,46,1
o094,2,0,1,infinity,infinity,,,11,13,0,46,1
o094,2,0,2,infinity,infinity,,,12,14,0,46,1
o094,2,0,3,infinity,infinity,,,13,15,0,46,1
o094,2,1,0,infinity,infinity,,,10,12,0,46,1
o094,2,1,1,infinity,infinity,,,11,13,0,46,1
o094,2,1,2,infinity,infinity,,,12,14,0,46,1
o094,2,1,3,infinity,infinity,,,13,15,0,46,1
o094,2,2,0,infinity,infinity,,,10,12,0,46,1
o094,2,2,1,infinity,infinity,,,11,13,0,46,1
o094,2,2,2,infinity,infinity,,,12,14,0,46,1
o094,2,2,3,infinity,infinity,,,13,15,0,46,1
o094,3,0,0,infinity,infinity,,,12,14,0,65,1
o094,3,0,1,infinity,infinity,,,13,15,0,65,1
o094,3,0,2,infinity,infinity,,,14,16,0,65,1
o094,3,0,3,infinity,infinity,,,15,17,0,65,1
o094,3,1,0,infinity,infinity,,,12,14,0,65,1
o094,3,1,1,infinity,infinity,,,13,15,0,65,1
o094,3,1,2,infinity,infinity,,,14,16,0,65,1
o094,3,1,3,infinity,infinity,,,15,17,0,65,1
o094,3,2,0,infinity,infinity,,,12,14,0,65,1
o094,3,2,1,infinity,infinity,,,13,15,0,65,1
o094,3,2,2,infinity,infinity,,,14,16,0,65,1
o094,3,2,3,infinity,infinity,,,15,17,0,65,1
o094,3,3,0,infinity,infinity,,,12,14,0,65,1
o094,3,3,1,infinity,infinity,,,13,15,0,65,1
o094,3,3,2,infinity,infinity,,,14,16,0,65,1
o094,3,3,3,infinity,infinity,,,15,17,0,65,1
o095,0,0,0,infinity,infinity,,,6,8,0,17,1
o095,0,0,1,infinity,infinity,,,7,9,0,17,1
o095,0,0,2,infinity,infinity,,,8,10,0,17,1
o095,0,0,3,infinity,infinity,,,9,11,0,17,1
o095,1,0,0,infinity,infinity,,,8,10,0,30,1
o095,1,0,1,infinity,infinity,,,9,11,0,30,1
o095,1,0,2,infinity,infinity,,,10,12,0,30,1
o095,1,0,3,infinity,infinity,,,11,13,0,30,1
o095,1,1,0,infinity,infinity,,,8,10,0,30,1
o095,1,1,1,infinity,infinity,,,9,11,0,30,1
o095,1,1,2,infinity,infinity,,,10,12,0,30,1
o095,1,1,3,infinity,infinity,,,11,13,0,30,1
o095,2,0,0,infinity,infinity,,,10,12,0,46,1
o095,2,0,1,infinity,infinity,,,11,13,0,46,1
o095,2,0,2,infinity,infinity,,,12,14,0,46,1
o095,2,0,3,infinity,infinity,,,13,15,0,46,1
o095,2,1,0,infinity,infinity,,,10,12,0,46,1
o095,2,1,1,infinity,infinity,,,11,13,0,46,1
o095,2,1,2,infinity,infinity,,,12,14,0,46,1
o095,2,1,3,infinity,infinity,,,13,15,0,46,1
o095,2,2,0,infinity,infinity,,,10,12,0,46,1
o095,2,2,1,infinity,infinity,,,11,13,0,46,1
o095,2,2,2,infinity,infinity,,,12,14,0,46,1
o095,2,2,3,infinity,infinity,,,13,15,0,46,1
o095,3,0,0,infinity,infinity,,,12,14,0,65,1
o095,3,0,1,infinity,infinity,,,13,15,0,65,1
o095,3,0,2,infinity,infinity,,,14,16,0,65,1
o095,3,0,3,infinity,infinity,,,15,17,0,65,1
o095,3,1,0,infinity,infinity,,,12,14,0,65,1
o095,3,1,1,infinity,infinity,,,13,15,0,65,1
o095,3,1,2,infinity,infinity,,,14,16,0,65,1
o095,3,1,3,infinity,infinity,,,15,17,0,65,1
o095,3,2,0,infinity,infinity,,,12,14,0,65,1
o095,3,2,1,infinity,infinity,,,13,15,0,65,1
o095,3,2,2,infinity,infinity,,,14,16,0,65,1
o095,3,2,3,infinity,infinity,,,15,17,0,65,1
o095,3,3,0,infinity,infinity,,,12,14,0,65,1
o095,3,3,1,infinity,infinity,,,13,15,0,65,1
o095,3,3,2,infinity,infinity,,,14,16,0,65,1
o095,3,3,3,infinity,infinity,,,15,17,0,65,1
o096,0,0,0,infinity,0,,,6,8,0,20,1
o096,0,0,1,infinity,1,,,7,9,0,21,1
o096,0,0,2,infinity,2,,,8,10,0,22,1
o096,0,0,3,infinity,3,,,9,11,0,23,1
o096,1,0,0,infinity,0,,,8,10,0,26,1
o096,1,0,1,infinity,1,,,9,11,0,28,1
o096,1,0,2,infinity,2,,,10,12,0,30,1
o096,1,0,3,infinity,3,,,11,13,0,32,1
o096,1,1,0,infinity,0,,,8,10,0,27,1
o096,1,1,1,infinity,1,,,9,11,0,29,1
o096,1,1,2,infinity,2,,,10,12,0,31,1
o096,1,1,3,infinity,3,,,11,13,0,33,1
o096,2,0,0,infinity,0,,,10,12,0,32,1
o096,2,0,1,infinity,1,,,11,13,0,34,1
o096,2,0,2,infinity,2,,,12,14,0,36,1
o096,2,0,3,infinity,3,,,13,15,0,38,1
o096,2,1,0,infinity,0,,,10,12,0,34,1
o096,2,1,1,infinity,1,,,11,13,0,36,1
o096,2,1,2,infinity,2,,,12,14,0,38,1
o096,2,1,3,infinity,3,,,13,15,0,40,1
o096,2,2,0,infinity,0,,,10,12,0,32,1
o096,2,2,1,infinity,1,,,11,13,0,35,1
o096,2,2,2,infinity,2,,,12,14,0,37,1
o096,2,2,3,infinity,3,,,13,15,0,39,1
o096,3,0,0,infinity,0,,,12,14,0,38,1
o096,3,0,1,infinity,1,,,13,15,0,40,1
o096,3,0,2,infinity,2,,,14,16,0,42,1
o096,3,0,3,infinity,3,,,15,17,0,44,1
o096,3,1,0,infinity,0,,,12,14,0,41,1
o096,3,1,1,infinity,1,,,13,15,0,43,1
o096,3,1,2,infinity,2,,,14,16,0,45,1
o096,3,1,3,infinity,3,,,15,17,0,47,1
o096,3,2,0,infinity,0,,,12,14,0,38,1
o096,3,2,1,infinity,1,,,13,15,0,41,1
o096,3,2,2,infinity,2,,,14,16,0,43,1
o096,3,2,3,infinity,3,,,15,17,0,45,1
o096,3,3,0,infinity,0,,,12,14,0,39,1
o096,3,3,1,infinity,1,,,13,15,0,41,1
o096,3,3,2,infinity,2,,,14,16,0,43,1
o096,3,3,3,infinity,3,,,15,17,0,45,1
o097,0,0,0,infinity,0,,,6,8,0,20,1
o097,0,0,1,infinity,1,,,7,9,0,21,1
o097,0,0,2,infinity,2,,,8,10,0,22,1
o097,0,0,3,infinity,3,,,9,11,0,23,1
o097,1,0,0,infinity,1,,,8,10,0,26,1
o097,1,0,1,infinity,1,,,9,11,0,28,1
o097,1,0,2,infinity,2,,,10,12,0,30,1
o097,1,0,3,infinity,3,,,11,13,0,32,1
o097,1,1,0,infinity,0,,,8,10,0,27,1
o097,1,1,1,infinity,1,,,9,11,0,29,1
o097,1,1,2,infinity,2,,,10,12,0,31,1
o097,1,1,3,infinity,3,,,11,13,0,33,1
o097,2,0,0,infinity,1,,,10,12,0,32,1
o097,2,0,1,infinity,1,,,11,13,0,34,1
o097,2,0,2,infinity,2,,,12,14,0,36,1
o097,2,0,3,infinity,3,,,13,15,0,38,1
o097,2,1,0,infinity,1,,,10,12,0,34,1
o097,2,1,1,infinity,1,,,11,13,0,36,1
o097,2,1,2,infinity,2,,,12,14,0,38,1
o097,2,1,3,infinity,3,,,13,15,0,40,1
o097,2,2,0,infinity,0,,,10,12,0,33,1
o097,2,2,1,infinity,1,,,11,13,0,34,1
o097,2,2,2,infinity,2,,,12,14,0,37,1
o097,2,2,3,infinity,3,,,13,15,0,39,1
o097,3,0,0,infinity,1,,,12,14,0,38,1
o097,3,0,1,infinity,1,,,13,15,0,40,1
o097,3,0,2,infinity,2,,,14,16,0,42,1
o097,3,0,3,infinity,3,,,15,17,0,44,1
o097,3,1,0,infinity,1,,,12,14,0,41,1
o097,3,1,1,infinity,1,,,13,15,0,43,1
o097,3,1,2,infinity,2,,,14,16,0,45,1
o097,3,1,3,infinity,3,,,15,17,0,47,1
o097,3,2,0,infinity,1,,,12,14,0,39,1
o097,3,2,1,infinity,1,,,13,15,0,40,1
o097,3,2,2,infinity,2,,,14,16,0,43,1
o097,3,2,3,infinity,3,,,15,17,0,45,1
o097,3,3,0,infinity,0,,,12,14,0,39,1
o097,3,3,1,infinity,1,,,13,15,0,41,1
o097,3,3,2,infinity,2,,,14,16,0,43,1
o097,3,3,3,infinity,3,,,15,17,0,45,1
o098,0,0,0,infinity,0,,,6,8,0,20,1
o098,0,0,1,infinity,1,,,7,9,0,21,1
o098,0,0,2,infinity,2,,,8,10,0,22,1
o098,0,0,3,infinity,3,,,9,11,0,23,1
o098,1,0,0,infinity,0,,,8,10,0,26,1
o098,1,0,1,infinity,1,,,9,11,0,28,1
o098,1,0,2,infinity,2,,,10,12,0,30,1
o098,1,0,3,infinity,3,,,11,13,0,32,1
o098,1,1,0,infinity,0,,,8,10,0,27,1
o098,1,1,1,infinity,1,,,9,11,0,29,1
o098,1,1,2,infinity,2,,,10,12,0,31,1
o098,1,1,3,infinity,3,,,11,13,0,33,1
o098,2,0,0,infinity,0,,,10,12,0,32,1
o098,2,0,1,infinity,1,,,11,13,0,34,1
o098,2,0,2,infinity,2,,,12,14,0,36,1
o098,2,0,3,infinity,3,,,13,15,0,38,1
o098,2,1,0,infinity,0,,,10,12,0,33,1
o098,2,1,1,infinity,1,,,11,13,0,35,1
o098,2,1,2,infinity,2,,,12,14,0,37,1
o098,2,1,3,infinity,3,,,13,15,0,39,1
o098,2,2,0,infinity,0,,,10,12,0,33,1
o098,2,2,1,infinity,1,,,11,13,0,35,1
o098,2,2,2,infinity,2,,,12,14,0,37,1
o098,2,2,3,infinity,3,,,13,15,0,39,1
o098,3,0,0,infinity,0,,,12,14,0,38,1
o098,3,0,1,infinity,1,,,13,15,0,40,1
o098,3,0,2,infinity,2,,,14,16,0,42,1
o098,3,0,3,infinity,3,,,15,17,0,44,1
o098,3,1,0,infinity,0,,,12,14,0,39,1
o098,3,1,1,infinity,1,,,13,15,0,41,1
o098,3,1,2,infinity,2,,,14,16,0,43,1
o098,3,1,3,infinity,3,,,15,17,0,45,1
o098,3,2,0,infinity,0,,,12,14,0,39,1
o098,3,2,1,infinity,1,,,13,15,0,41,1
o098,3,2,2,infinity,2,,,14,16,0,43,1
o098,3,2,3,infinity,3,,,15,17,0,45,1
o098,3,3,0,infinity,0,,,12,14,0,39,1
o098,3,3,1,infinity,1,,,13,15,0,41,1
o098,3,3,2,infinity,2,,,14,16,0,43,1
o098,3,3,3,infinity,3,,,15,17,0,45,1
o099,0,0,0,infinity,0,,,6,8,0,27,1
o099,0,0,1,infinity,1,,,7,9,0,29,1
o099,0,0,2,infinity,2,,,8,10,0,31,1
o099,0,0,3,infinity,3,,,9,11,0,33,1
o099,1,0,0,infinity,1,,,8,10,0,35,1
o099,1,0,1,infinity,1,,,9,11,0,38,1
o099,1,0,2,infinity,2,,,10,12,0,41,1
o099,1,0,3,infinity,3,,,11,13,0,44,1
o099,1,1,0,infinity,0,,,8,10,0,36,1
o099,1,1,1,infinity,1,,,9,11,0,39,1
o099,1,1,2,infinity,2,,,10,12,0,42,1
o099,1,1,3,infinity,3,,,11,13,0,45,1
o099,2,0,0,infinity,2,,,10,12,0,43,1
o099,2,0,1,infinity,2,,,11,13,0,46,1
o099,2,0,2,infinity,2,,,12,14,0,49,1
o099,2,0,3,infinity,3,,,13,15,0,52,1
o099,2,1,0,infinity,1,,,10,12,0,45,1
o099,2,1,1,infinity,1,,,11,13,0,48,1
o099,2,1,2,infinity,2,,,12,14,0,51,1
o099,2,1,3,infinity,3,,,13,15,0,54,1
o099,2,2,0,infinity,0,,,10,12,0,44,1
o099,2,2,1,infinity,1,,,11,13,0,47,1
o099,2,2,2,infinity,2,,,12,14,0,50,1
o099,2,2,3,infinity,3,,,13,15,0,53,1
o099,3,0,0,infinity,3,,,12,14,0,51,1
o099,3,0,1,infinity,3,,,13,15,0,54,1
o099,3,0,2,infinity,3,,,14,16,0,57,1
o099,3,0,3,infinity,3,,,15,17,0,60,1
o099,3,1,0,infinity,2,,,12,14,0,54,1
o099,3,1,1,infinity,2,,,13,15,0,57,1
o099,3,1,2,infinity,2,,,14,16,0,60,1
o099,3,1,3,infinity,3,,,15,17,0,63,1
o099,3,2,0,infinity,1,,,12,14,0,53,1
o099,3,2,1,infinity,1,,,13,15,0,56,1
o099,3,2,2,infinity,2,,,14,16,0,59,1
o099,3,2,3,infinity,3,,,15,17,0,62,1
o099,3,3,0,infinity,0,,,12,14,0,52,1
o099,3,3,1,infinity,1,,,13,15,0,55,1
o099,3,3,2,infinity,2,,,14,16,0,58,1
o099,3,3,3,infinity,3,,,15,17,0,61,1
o100,0,0,0,infinity,0,,,6,8,0,20,1
o100,0,0,1,infinity,1,,,7,9,0,21,1
o100,0,0,2,infinity,2,,,8,10,0,22,1
o100,0,0,3,infinity,3,,,9,11,0,23,1
o100,1,0,0,infinity,0,,,8,10,0,26,1
o100,1,0,1,infinity,1,,,9,11,0,27,1
o100,1,0,2,infinity,2,,,10,12,0,29,1
o100,1,0,3,infinity,3,,,11,13,0,31,1
o100,1,1,0,infinity,0,,,8,10,0,26,1
o100,1,1,1,infinity,1,,,9,11,0,28,1
o100,1,1,2,infinity,2,,,10,12,0,30,1
o100,1,1,3,infinity,3,,,11,13,0,32,1
o100,2,0,0,infinity,0,,,10,12,0,32,1
o100,2,0,1,infinity,1,,,11,13,0,33,1
o100,2,0,2,infinity,2,,,12,14,0,35,1
o100,2,0,3,infinity,3,,,13,15,0,37,1
o100,2,1,0,infinity,0,,,10,12,0,33,1
o100,2,1,1,infinity,1,,,11,13,0,35,1
o100,2,1,2,infinity,2,,,12,14,0,37,1
o100,2,1,3,infinity,3,,,13,15,0,39,1
o100,2,2,0,infinity,0,,,10,12,0,31,1
o100,2,2,1,infinity,1,,,11,13,0,34,1
o100,2,2,2,infinity,2,,,12,14,0,36,1
o100,2,2,3,infinity,3,,,13,15,0,38,1
o100,3,0,0,infinity,0,,,12,14,0,38,1
o100,3,0,1,infinity,1,,,13,15,0,39,1
o100,3,0,2,infinity,2,,,14,16,0,41,1
o100,3,0,3,infinity,3,,,15,17,0,43,1
o100,3,1,0,infinity,0,,,12,14,0,40,1
o100,3,1,1,infinity,1,,,13,15,0,42,1
o100,3,1,2,infinity,2,,,14,16,0,44,1
o100,3,1,3,infinity,3,,,15,17,0,46,1
o100,3,2,0,infinity,0,,,12,14,0,37,1
o100,3,2,1,infinity,1,,,13,15,0,40,1
o100,3,2,2,infinity,2,,,14,16,0,42,1
o100,3,2,3,infinity,3,,,15,17,0,44,1
o100,3,3,0,infinity,0,,,12,14,0,38,1
o100,3,3,1,infinity,1,,,13,15,0,40,1
o100,3,3,2,infinity,2,,,14,16,0,42,1
o100,3,3,3,infinity,3,,,15,17,0,44,1
o101,0,0,0,infinity,1,,,6,8,0,19,1
o101,0,0,1,infinity,1,,,7,9,0,20,1
o101,0,0,2,infinity,2,,,8,10,0,21,1
o101,0,0,3,infinity,3,,,9,11,0,22,1
o101,1,0,0,infinity,1,,,8,10,0,25,1
o101,1,0,1,infinity,1,,,9,11,0,26,1
o101,1,0,2,infinity,2,,,10,12,0,28,1
o101,1,0,3,infinity,3,,,11,13,0,30,1
o101,1,1,0,infinity,1,,,8,10,0,25,1
o101,1,1,1,infinity,1,,,9,11,0,27,1
o101,1,1,2,infinity,2,,,10,12,0,29,1
o101,1,1,3,infinity,3,,,11,13,0,31,1
o101,2,0,0,infinity,1,,,10,12,0,31,1
o101,2,0,1,infinity,1,,,11,13,0,32,1
o101,2,0,2,infinity,2,,,12,14,0,34,1
o101,2,0,3,infinity,3,,,13,15,0,36,1
o101,2,1,0,infinity,1,,,10,12,0,32,1
o101,2,1,1,infinity,1,,,11,13,0,34,1
o101,2,1,2,infinity,2,,,12,14,0,36,1
o101,2,1,3,infinity,3,,,13,15,0,38,1
o101,2,2,0,infinity,1,,,10,12,0,31,1
o101,2,2,1,infinity,1,,,11,13,0,32,1
o101,2,2,2,infinity,2,,,12,14,0,35,1
o101,2,2,3,infinity,3,,,13,15,0,37,1
o101,3,0,0,infinity,1,,,12,14,0,37,1
o101,3,0,1,infinity,1,,,13,15,0,38,1
o101,3,0,2,infinity,2,,,14,16,0,40,1
o101,3,0,3,infinity,3,,,15,17,0,42,1
o101,3,1,0,infinity,1,,,12,14,0,39,1
o101,3,1,1,infinity,1,,,13,15,0,41,1
o101,3,1,2,infinity,2,,,14,16,0,43,1
o101,3,1,3,infinity,3,,,15,17,0,45,1
o101,3,2,0,infinity,1,,,12,14,0,37,1
o101,3,2,1,infinity,1,,,13,15,0,38,1
o101,3,2,2,infinity,2,,,14,16,0,41,1
o101,3,2,3,infinity,3,,,15,17,0,43,1
o101,3,3,0,infinity,1,,,12,14,0,37,1
o101,3,3,1,infinity,1,,,13,15,0,39,1
o101,3,3,2,infinity,2,,,14,16,0,41,1
o101,3,3,3,infinity,3,,,15,17,0,43,1
o102,0,0,0,infinity,0,,,6,8,0,19,1
o102,0,0,1,infinity,1,,,7,9,0,20,1
o102,0,0,2,infinity,2,,,8,10,0,21,1
o102,0,0,3,infinity,3,,,9,11,0,22,1
o102,1,0,0,infinity,0,,,8,10,0,25,1
o102,1,0,1,infinity,1,,,9,11,0,26,1
o102,1,0,2,infinity,2,,,10,12,0,28,1
o102,1,0,3,infinity,3,,,11,13,0,30,1
o102,1,1,0,infinity,0,,,8,10,0,25,1
o102,1,1,1,infinity,1,,,9,11,0,27,1
o102,1,1,2,infinity,2,,,10,12,0,29,1
o102,1,1,3,infinity,3,,,11,13,0,31,1
o102,2,0,0,infinity,0,,,10,12,0,31,1
o102,2,0,1,infinity,1,,,11,13,0,32,1
o102,2,0,2,infinity,2,,,12,14,0,34,1
o102,2,0,3,infinity,3,,,13,15,0,36,1
o102,2,1,0,infinity,0,,,10,12,0,31,1
o102,2,1,1,infinity,1,,,11,13,0,33,1
o102,2,1,2,infinity,2,,,12,14,0,35,1
o102,2,1,3,infinity,3,,,13,15,0,37,1
o102,2,2,0,infinity,0,,,10,12,0,31,1
o102,2,2,1,infinity,1,,,11,13,0,33,1
o102,2,2,2,infinity,2,,,12,14,0,35,1
o102,2,2,3,infinity,3,,,13,15,0,37,1
o102,3,0,0,infinity,0,,,12,14,0,37,1
o102,3,0,1,infinity,1,,,13,15,0,38,1
o102,3,0,2,infinity,2,,,14,16,0,40,1
o102,3,0,3,infinity,3,,,15,17,0,42,1
o102,3,1,0,infinity,0,,,12,14,0,37,1
o102,3,1,1,infinity,1,,,13,15,0,39,1
o102,3,1,2,infinity,2,,,14,16,0,41,1
o102,3,1,3,infinity,3,,,15,17,0,43,1
o102,3,2,0,infinity,0,,,12,14,0,37,1
o102,3,2,1,infinity,1,,,13,15,0,39,1
o102,3,2,2,infinity,2,,,14,16,0,41,1
o102,3,2,3,infinity,3,,,15,17,0,43,1
o102,3,3,0,infinity,0,,,12,14,0,37,1
o102,3,3,1,infinity,1,,,13,15,0,39,1
o102,3,3,2,infinity,2,,,14,16,0,41,1
o102,3,3,3,infinity,3,,,15,17,0,43,1
o103,0,0,0,infinity,1,,,6,8,0,26,1
o103,0,0,1,infinity,1,,,7,9,0,28,1
o103,0,0,2,infinity,2,,,8,10,0,30,1
o103,0,0,3,infinity,3,,,9,11,0,32,1
o103,1,0,0,infinity,2,,,8,10,0,34,1
o103,1,0,1,infinity,2,,,9,11,0,36,1
o103,1,0,2,infinity,2,,,10,12,0,39,1
o103,1,0,3,infinity,3,,,11,13,0,42,1
o103,1,1,0,infinity,1,,,8,10,0,34,1
o103,1,1,1,infinity,1,,,9,11,0,37,1
o103,1,1,2,infinity,2,,,10,12,0,40,1
o103,1,1,3,infinity,3,,,11,13,0,43,1
o103,2,0,0,infinity,3,,,10,12,0,42,1
o103,2,0,1,infinity,3,,,11,13,0,44,1
o103,2,0,2,infinity,3,,,12,14,0,47,1
o103,2,0,3,infinity,3,,,13,15,0,50,1
o103,2,1,0,infinity,2,,,10,12,0,43,1
o103,2,1,1,infinity,2,,,11,13,0,46,1
o103,2,1,2,infinity,2,,,12,14,0,49,1
o103,2,1,3,infinity,3,,,13,15,0,52,1
o103,2,2,0,infinity,1,,,10,12,0,42,1
o103,2,2,1,infinity,1,,,11,13,0,45,1
o103,2,2,2,infinity,2,,,12,14,0,48,1
o103,2,2,3,infinity,3,,,13,15,0,51,1
o103,3,0,0,infinity,4,,,12,14,0,50,1
o103,3,0,1,infinity,4,,,13,15,0,52,1
o103,3,0,2,infinity,4,,,14,16,0,55,1
o103,3,0,3,infinity,4,,,15,17,0,58,1
o103,3,1,0,infinity,3,,,12,14,0,52,1
o103,3,1,1,infinity,3,,,13,15,0,55,1
o103,3,1,2,infinity,3,,,14,16,0,58,1
o103,3,1,3,infinity,3,,,15,17,0,61,1
o103,3,2,0,infinity,2,,,12,14,0,51,1
o103,3,2,1,infinity,2,,,13,15,0,54,1
o103,3,2,2,infinity,2,,,14,16,0,57,1
o103,3,2,3,infinity,3,,,15,17,0,60,1
o103,3,3,0,infinity,1,,,12,14,0,50,1
o103,3,3,1,infinity,1,,,13,15,0,53,1
o103,3,3,2,infinity,2,,,14,16,0,56,1
o103,3,3,3,infinity,3,,,15,17,0,59,1
o104,0,0,0,infinity,0,,,6,8,0,20,1
o104,0,0,1,infinity,1,,,7,9,0,21,1
o104,0,0,2,infinity,2,,,8,10,0,22,1
o104,0,0,3,infinity,3,,,9,11,0,23,1
o104,1,0,0,infinity,0,,,8,10,0,30,1
o104,1,0,1,infinity,1,,,9,11,0,31,1
o104,1,0,2,infinity,2,,,10,12,0,33,1
o104,1,0,3,infinity,3,,,11,13,0,35,1
o104,1,1,0,infinity,0,,,8,10,0,29,1
o104,1,1,1,infinity,1,,,9,11,0,32,1
o104,1,1,2,infinity,2,,,10,12,0,34,1
o104,1,1,3,infinity,3,,,11,13,0,36,1
o104,2,0,0,infinity,0,,,10,12,0,38,1
o104,2,0,1,infinity,1,,,11,13,0,39,1
o104,2,0,2,infinity,2,,,12,14,0,41,1
o104,2,0,3,infinity,3,,,13,15,0,43,1
o104,2,1,0,infinity,0,,,10,12,0,37,1
o104,2,1,1,infinity,1,,,11,13,0,40,1
o104,2,1,2,infinity,2,,,12,14,0,42,1
o104,2,1,3,infinity,3,,,13,15,0,44,1
o104,2,2,0,infinity,0,,,10,12,0,37,1
o104,2,2,1,infinity,1,,,11,13,0,40,1
o104,2,2,2,infinity,2,,,12,14,0,42,1
o104,2,2,3,infinity,3,,,13,15,0,44,1
o104,3,0,0,infinity,0,,,12,14,0,46,1
o104,3,0,1,infinity,1,,,13,15,0,47,1
o104,3,0,2,infinity,2,,,14,16,0,49,1
o104,3,0,3,infinity,3,,,15,17,0,51,1
o104,3,1,0,infinity,0,,,12,14,0,45,1
o104,3,1,1,infinity,1,,,13,15,0,48,1
o104,3,1,2,infinity,2,,,14,16,0,50,1
o104,3,1,3,infinity,3,,,15,17,0,52,1
o104,3,2,0,infinity,0,,,12,14,0,45,1
o104,3,2,1,infinity,1,,,13,15,0,48,1
o104,3,2,2,infinity,2,,,14,16,0,50,1
o104,3,2,3,infinity,3,,,15,17,0,52,1
o104,3,3,0,infinity,0,,,12,14,0,45,1
o104,3,3,1,infinity,1,,,13,15,0,48,1
o104,3,3,2,infinity,2,,,14,16,0,50,1
o104,3,3,3,infinity,3,,,15,17,0,52,1
o105,0,0,0,infinity,0,,,6,8,0,19,1
o105,0,0,1,infinity,1,,,7,9,0,20,1
o105,0,0,2,infinity,2,,,8,10,0,21,1
o105,0,0,3,infinity,3,,,9,11,0,22,1
o105,1,0,0,infinity,1,,,8,10,0,29,1
o105,1,0,1,infinity,1,,,9,11,0,30,1
o105,1,0,2,infinity,2,,,10,12,0,31,1
o105,1,0,3,infinity,3,,,11,13,0,33,1
o105,1,1,0,infinity,0,,,8,10,0,29,1
o105,1,1,1,infinity,1,,,9,11,0,29,1
o105,1,1,2,infinity,2,,,10,12,0,32,1
o105,1,1,3,infinity,3,,,11,13,0,34,1
o105,2,0,0,infinity,1,,,10,12,0,37,1
o105,2,0,1,infinity,1,,,11,13,0,38,1
o105,2,0,2,infinity,2,,,12,14,0,39,1
o105,2,0,3,infinity,3,,,13,15,0,41,1
o105,2,1,0,infinity,1,,,10,12,0,37,1
o105,2,1,1,infinity,1,,,11,13,0,37,1
o105,2,1,2,infinity,2,,,12,14,0,40,1
o105,2,1,3,infinity,3,,,13,15,0,42,1
o105,2,2,0,infinity,0,,,10,12,0,37,1
o105,2,2,1,infinity,1,,,11,13,0,37,1
o105,2,2,2,infinity,2,,,12,14,0,40,1
o105,2,2,3,infinity,3,,,13,15,0,42,1
o105,3,0,0,infinity,1,,,12,14,0,45,1
o105,3,0,1,infinity,1,,,13,15,0,46,1
o105,3,0,2,infinity,2,,,14,16,0,47,1
o105,3,0,3,infinity,3,,,15,17,0,49,1
o105,3,1,0,infinity,1,,,12,14,0,45,1
o105,3,1,1,infinity,1,,,13,15,0,45,1
o105,3,1,2,infinity,2,,,14,16,0,48,1
o105,3,1,3,infinity,3,,,15,17,0,50,1
o105,3,2,0,infinity,1,,,12,14,0,45,1
o105,3,2,1,infinity,1,,,13,15,0,45,1
o105,3,2,2,infinity,2,,,14,16,0,48,1
o105,3,2,3,infinity,3,,,15,17,0,50,1
o105,3,3,0,infinity,0,,,12,14,0,45,1
o105,3,3,1,infinity,1,,,13,15,0,45,1
o105,3,3,2,infinity,2,,,14,16,0,48,1
o105,3,3,3,infinity,3,,,15,17,0,50,1
o106,0,0,0,infinity,0,,,6,8,0,11,1
o106,0,0,1,infinity,1,,,7,9,0,11,1
o106,0,0,2,infinity,2,,,8,10,0,11,1
o106,0,0,3,infinity,3,,,9,11,0,11,1
o106,1,0,0,infinity,0,,,8,10,0,17,1
o106,1,0,1,infinity,1,,,9,11,0,17,1
o106,1,0,2,infinity,2,,,10,12,0,17,1
o106,1,0,3,infinity,3,,,11,13,0,17,1
o106,1,1,0,infinity,0,,,8,10,0,17,1
o106,1,1,1,infinity,1,,,9,11,0,17,1
o106,1,1,2,infinity,2,,,10,12,0,17,1
o106,1,1,3,infinity,3,,,11,13,0,17,1
o106,2,0,0,infinity,0,,,10,12,0,21,1
o106,2,0,1,infinity,1,,,11,13,0,21,1
o106,2,0,2,infinity,2,,,12,14,0,21,1
o106,2,0,3,infinity,3,,,13,15,0,21,1
o106,2,1,0,infinity,0,,,10,12,0,21,1
o106,2,1,1,infinity,1,,,11,13,0,21,1
o106,2,1,2,infinity,2,,,12,14,0,21,1
o106,2,1,3,infinity,3,,,13,15,0,21,1
o106,2,2,0,infinity,0,,,10,12,0,21,1
o106,2,2,1,infinity,1,,,11,13,0,21,1
o106,2,2,2,infinity,2,,,12,14,0,21,1
o106,2,2,3,infinity,3,,,13,15,0,21,1
o106,3,0,0,infinity,0,,,12,14,0,25,1
o106,3,0,1,infinity,1,,,13,15,0,25,1
o106,3,0,2,infinity,2,,,14,16,0,25,1
o106,3,0,3,infinity,3,,,15,17,0,25,1
o106,3,1,0,infinity,0,,,12,14,0,25,1
o106,3,1,1,infinity,1,,,13,15,0,25,1
o106,3,1,2,infinity,2,,,14,16,0,25,1
o106,3,1,3,infinity,3,,,15,17,0,25,1
o106,3,2,0,infinity,0,,,12,14,0,25,1
o106,3,2,1,infinity,1,,,13,15,0,25,1
o106,3,2,2,infinity,2,,,14,16,0,25,1
o106,3,2,3,infinity,3,,,15,17,0,25,1
o106,3,3,0,infinity,0,,,12,14,0,25,1
o106,3,3,1,infinity,1,,,13,15,0,25,1
o106,3,3,2,infinity,2,,,14,16,0,25,1
o106,3,3,3,infinity,3,,,15,17,0,25,1
o107,0,0,0,infinity,0,,,6,8,0,18,1
o107,0,0,1,infinity,1,,,7,9,0,19,1
o107,0,0,2,infinity,2,,,8,10,0,20,1
o107,0,0,3,infinity,3,,,9,11,0,21,1
o107,1,0,0,infinity,1,,,8,10,0,27,1
o107,1,0,1,infinity,1,,,9,11,0,28,1
o107,1,0,2,infinity,2,,,10,12,0,29,1
o107,1,0,3,infinity,3,,,11,13,0,30,1
o107,1,1,0,infinity,0,,,8,10,0,27,1
o107,1,1,1,infinity,1,,,9,11,0,28,1
o107,1,1,2,infinity,2,,,10,12,0,29,1
o107,1,1,3,infinity,3,,,11,13,0,30,1
o107,2,0,0,infinity,2,,,10,12,0,34,1
o107,2,0,1,infinity,2,,,11,13,0,35,1
o107,2,0,2,infinity,2,,,12,14,0,36,1
o107,2,0,3,infinity,3,,,13,15,0,37,1
o107,2,1,0,infinity,1,,,10,12,0,35,1
o107,2,1,1,infinity,1,,,11,13,0,36,1
o107,2,1,2,infinity,2,,,12,14,0,37,1
o107,2,1,3,infinity,3,,,13,15,0,38,1
o107,2,2,0,infinity,0,,,10,12,0,34,1
o107,2,2,1,infinity,1,,,11,13,0,35,1
o107,2,2,2,infinity,2,,,12,14,0,36,1
o107,2,2,3,infinity,3,,,13,15,0,37,1
o107,3,0,0,infinity,3,,,12,14,0,41,1
o107,3,0,1,infinity,3,,,13,15,0,42,1
o107,3,0,2,infinity,3,,,14,16,0,43,1
o107,3,0,3,infinity,3,,,15,17,0,44,1
o107,3,1,0,infinity,2,,,12,14,0,43,1
o107,3,1,1,infinity,2,,,13,15,0,44,1
o107,3,1,2,infinity,2,,,14,16,0,45,1
o107,3,1,3,infinity,3,,,15,17,0,46,1
o107,3,2,0,infinity,1,,,12,14,0,42,1
o107,3,2,1,infinity,1,,,13,15,0,43,1
o107,3,2,2,infinity,2,,,14,16,0,44,1
o107,3,2,3,infinity,3,,,15,17,0,45,1
o107,3,3,0,infinity,0,,,12,14,0,41,1
o107,3,3,1,infinity,1,,,13,15,0,42,1
o107,3,3,2,infinity,2,,,14,16,0,43,1
o107,3,3,3,infinity,3,,,15,17,0,44,1
o108,0,0,0,infinity,0,,,6,8,0,27,1
o108,0,0,1,infinity,1,,,7,9,0,29,1
o108,0,0,2,infinity,2,,,8,10,0,31,1
o108,0,0,3,infinity,3,,,9,11,0,33,1
o108,1,0,0,infinity,0,,,8,10,0,47,1
o108,1,0,1,infinity,1,,,9,11,0,50,1
o108,1,0,2,infinity,2,,,10,12,0,54,1
o108,1,0,3,infinity,3,,,11,13,0,58,1
o108,1,1,0,infinity,0,,,8,10,0,46,1
o108,1,1,1,infinity,1,,,9,11,0,51,1
o108,1,1,2,infinity,2,,,10,12,0,55,1
o108,1,1,3,infinity,3,,,11,13,0,59,1
o108,2,0,0,infinity,0,,,10,12,0,59,1
o108,2,0,1,infinity,1,,,11,13,0,62,1
o108,2,0,2,infinity,2,,,12,14,0,66,1
o108,2,0,3,infinity,3,,,13,15,0,70,1
o108,2,1,0,infinity,0,,,10,12,0,58,1
o108,2,1,1,infinity,1,,,11,13,0,63,1
o108,2,1,2,infinity,2,,,12,14,0,67,1
o108,2,1,3,infinity,3,,,13,15,0,71,1
o108,2,2,0,infinity,0,,,10,12,0,58,1
o108,2,2,1,infinity,1,,,11,13,0,63,1
o108,2,2,2,infinity,2,,,12,14,0,67,1
o108,2,2,3,infinity,3,,,13,15,0,71,1
o108,3,0,0,infinity,0,,,12,14,0,71,1
o108,3,0,1,infinity,1,,,13,15,0,74,1
o108,3,0,2,infinity,2,,,14,16,0,78,1
o108,3,0,3,infinity,3,,,15,17,0,82,1
o108,3,1,0,infinity,0,,,12,14,0,70,1
o108,3,1,1,infinity,1,,,13,15,0,75,1
o108,3,1,2,infinity,2,,,14,16,0,79,1
o108,3,1,3,infinity,3,,,15,17,0,83,1
o108,3,2,0,infinity,0,,,12,14,0,70,1
o108,3,2,1,infinity,1,,,13,15,0,75,1
o108,3,2,2,infinity,2,,,14,16,0,79,1
o108,3,2,3,infinity,3,,,15,17,0,83,1
o108,3,3,0,infinity,0,,,12,14,0,70,1
o108,3,3,1,infinity,1,,,13,15,0,75,1
o108,3,3,2,infinity,2,,,14,16,0,79,1
o108,3,3,3,infinity,3,,,15,17,0,83,1
o109,0,0,0,infinity,1,,,6,8,0,26,1
o109,0,0,1,infinity,1,,,7,9,0,28,1
o109,0,0,2,infinity,2,,,8,10,0,30,1
o109,0,0,3,infinity,3,,,9,11,0,32,1
o109,1,0,0,infinity,1,,,8,10,0,53,1
o109,1,0,1,infinity,1,,,9,11,0,57,1
o109,1,0,2,infinity,2,,,10,12,0,61,1
o109,1,0,3,infinity,3,,,11,13,0,65,1
o109,1,1,0,infinity,1,,,8,10,0,53,1
o109,1,1,1,infinity,1,,,9,11,0,57,1
o109,1,1,2,infinity,2,,,10,12,0,60,1
o109,1,1,3,infinity,3,,,11,13,0,65,1
o109,2,0,0,infinity,1,,,10,12,0,67,1
o109,2,0,1,infinity,1,,,11,13,0,71,1
o109,2,0,2,infinity,2,,,12,14,0,75,1
o109,2,0,3,infinity,3,,,13,15,0,80,1
o109,2,1,0,infinity,1,,,10,12,0,67,1
o109,2,1,1,infinity,1,,,11,13,0,71,1
o109,2,1,2,infinity,2,,,12,14,0,75,1
o109,2,1,3,infinity,3,,,13,15,0,80,1
o109,2,2,0,infinity,1,,,10,12,0,67,1
o109,2,2,1,infinity,1,,,11,13,0,70,1
o109,2,2,2,infinity,2,,,12,14,0,76,1
o109,2,2,3,infinity,3,,,13,15,0,81,1
o109,3,0,0,infinity,1,,,12,14,0,81,1
o109,3,0,1,infinity,1,,,13,15,0,85,1
o109,3,0,2,infinity,2,,,14,16,0,89,1
o109,3,0,3,infinity,3,,,15,17,0,94,1
o109,3,1,0,infinity,1,,,12,14,0,81,1
o109,3,1,1,infinity,1,,,13,15,0,85,1
o109,3,1,2,infinity,2,,,14,16,0,89,1
o109,3,1,3,infinity,3,,,15,17,0,94,1
o109,3,2,0,infinity,1,,,12,14,0,81,1
o109,3,2,1,infinity,1,,,13,15,0,84,1
o109,3,2,2,infinity,2,,,14,16,0,90,1
o109,3,2,3,infinity,3,,,15,17,0,95,1
o109,3,3,0,infinity,1,,,12,14,0,81,1
o109,3,3,1,infinity,1,,,13,15,0,84,1
o109,3,3,2,infinity,2,,,14,16,0,90,1
o109,3,3,3,infinity,3,,,15,17,0,95,1
o110,0,0,0,infinity,0,,,6,8,0,18,1
o110,0,0,1,infinity,1,,,7,9,0,19,1
o110,0,0,2,infinity,2,,,8,10,0,20,1
o110,0,0,3,infinity,3,,,9,11,0,21,1
o110,1,0,0,infinity,0,,,8,10,0,34,1
o110,1,0,1,infinity,1,,,9,11,0,36,1
o110,1,0,2,infinity,2,,,10,12,0,38,1
o110,1,0,3,infinity,3,,,11,13,0,40,1
o110,1,1,0,infinity,0,,,8,10,0,34,1
o110,1,1,1,infinity,1,,,9,11,0,36,1
o110,1,1,2,infinity,2,,,10,12,0,38,1
o110,1,1,3,infinity,3,,,11,13,0,40,1
o110,2,0,0,infinity,0,,,10,12,0,42,1
o110,2,0,1,infinity,1,,,11,13,0,44,1
o110,2,0,2,infinity,2,,,12,14,0,46,1
o110,2,0,3,infinity,3,,,13,15,0,48,1
o110,2,1,0,infinity,0,,,10,12,0,42,1
o110,2,1,1,infinity,1,,,11,13,0,44,1
o110,2,1,2,infinity,2,,,12,14,0,46,1
o110,2,1,3,infinity,3,,,13,15,0,48,1
o110,2,2,0,infinity,0,,,10,12,0,42,1
o110,2,2,1,infinity,1,,,11,13,0,44,1
o110,2,2,2,infinity,2,,,12,14,0,46,1
o110,2,2,3,infinity,3,,,13,15,0,48,1
o110,3,0,0,infinity,0,,,12,14,0,50,1
o110,3,0,1,infinity,1,,,13,15,0,52,1
o110,3,0,2,infinity,2,,,14,16,0,54,1
o110,3,0,3,infinity,3,,,15,17,0,56,1
o110,3,1,0,infinity,0,,,12,14,0,50,1
o110,3,1,1,infinity,1,,,13,15,0,52,1
o110,3,1,2,infinity,2,,,14,16,0,54,1
o110,3,1,3,infinity,3,,,15,17,0,56,1
o110,3,2,0,infinity,0,,,12,14,0,50,1
o110,3,2,1,infinity,1,,,13,15,0,52,1
o110,3,2,2,infinity,2,,,14,16,0,54,1
o110,3,2,3,infinity,3,,,15,17,0,56,1
o110,3,3,0,infinity,0,,,12,14,0,50,1
o110,3,3,1,infinity,1,,,13,15,0,52,1
o110,3,3,2,infinity,2,,,14,16,0,54,1
o110,3,3,3,infinity,3,,,15,17,0,56,1
o111,0,0,0,infinity,infinity,,,6,8,0,18,1
o111,0,0,1,infinity,infinity,,,7,9,0,19,1
o111,0,0,2,infinity,infinity,,,8,10,0,20,1
o111,0,0,3,infinity,infinity,,,9,11,0,21,1
o111,1,0,0,infinity,infinity,,,8,10,0,41,1
o111,1,0,1,infinity,infinity,,,9,11,0,44,1
o111,1,0,2,infinity,infinity,,,10,12,0,47,1
o111,1,0,3,infinity,infinity,,,11,13,0,50,1
o111,1,1,0,infinity,infinity,,,8,10,0,42,1
o111,1,1,1,infinity,infinity,,,9,11,0,45,1
o111,1,1,2,infinity,infinity,,,10,12,0,48,1
o111,1,1,3,infinity,infinity,,,11,13,0,51,1
o111,2,0,0,infinity,infinity,,,10,12,0,59,1
o111,2,0,1,infinity,infinity,,,11,13,0,63,1
o111,2,0,2,infinity,infinity,,,12,14,0,67,1
o111,2,0,3,infinity,infinity,,,13,15,0,71,1
o111,2,1,0,infinity,infinity,,,10,12,0,61,1
o111,2,1,1,infinity,infinity,,,11,13,0,65,1
o111,2,1,2,infinity,infinity,,,12,14,0,69,1
o111,2,1,3,infinity,infinity,,,13,15,0,73,1
o111,2,2,0,infinity,infinity,,,10,12,0,61,1
o111,2,2,1,infinity,infinity,,,11,13,0,65,1
o111,2,2,2,infinity,infinity,,,12,14,0,69,1
o111,2,2,3,infinity,infinity,,,13,15,0,73,1
o111,3,0,0,infinity,infinity,,,12,14,0,80,1
o111,3,0,1,infinity,infinity,,,13,15,0,85,1
o111,3,0,2,infinity,infinity,,,14,16,0,90,1
o111,3,0,3,infinity,infinity,,,15,17,0,95,1
o111,3,1,0,infinity,infinity,,,12,14,0,83,1
o111,3,1,1,infinity,infinity,,,13,15,0,88,1
o111,3,1,2,infinity,infinity,,,14,16,0,93,1
o111,3,1,3,infinity,infinity,,,15,17,0,98,1
o111,3,2,0,infinity,infinity,,,12,14,0,83,1
o111,3,2,1,infinity,infinity,,,13,15,0,88,1
o111,3,2,2,infinity,infinity,,,14,16,0,93,1
o111,3,2,3,infinity,infinity,,,15,17,0,98,1
o111,3,3,0,infinity,infinity,,,12,14,0,83,1
o111,3,3,1,infinity,infinity,,,13,15,0,88,1
o111,3,3,2,infinity,infinity,,,14,16,0,93,1
o111,3,3,3,infinity,infinity,,,15,17,0,98,1
o112,0,0,0,infinity,1,,,6,8,0,26,1
o112,0,0,1,infinity,2,,,7,9,0,28,1
o112,0,0,2,infinity,3,,,8,10,0,30,1
o112,0,0,3,infinity,4,,,9,11,0,32,1
o112,1,0,0,infinity,1,,,8,10,0,42,1
o112,1,0,1,infinity,2,,,9,11,0,46,1
o112,1,0,2,infinity,3,,,10,12,0,50,1
o112,1,0,3,infinity,4,,,11,13,0,54,1
o112,1,1,0,infinity,1,,,8,10,0,43,1
o112,1,1,1,infinity,2,,,9,11,0,47,1
o112,1,1,2,infinity,3,,,10,12,0,51,1
o112,1,1,3,infinity,4,,,11,13,0,55,1
o112,2,0,0,infinity,1,,,10,12,0,52,1
o112,2,0,1,infinity,2,,,11,13,0,56,1
o112,2,0,2,infinity,3,,,12,14,0,60,1
o112,2,0,3,infinity,4,,,13,15,0,64,1
o112,2,1,0,infinity,1,,,10,12,0,54,1
o112,2,1,1,infinity,2,,,11,13,0,58,1
o112,2,1,2,infinity,3,,,12,14,0,62,1
o112,2,1,3,infinity,4,,,13,15,0,66,1
o112,2,2,0,infinity,1,,,10,12,0,52,1
o112,2,2,1,infinity,2,,,11,13,0,57,1
o112,2,2,2,infinity,3,,,12,14,0,61,1
o112,2,2,3,infinity,4,,,13,15,0,65,1
o112,3,0,0,infinity,1,,,12,14,0,62,1
o112,3,0,1,infinity,2,,,13,15,0,66,1
o112,3,0,2,infinity,3,,,14,16,0,70,1
o112,3,0,3,infinity,4,,,15,17,0,74,1
o112,3,1,0,infinity,1,,,12,14,0,65,1
o112,3,1,1,infinity,2,,,13,15,0,69,1
o112,3,1,2,infinity,3,,,14,16,0,73,1
o112,3,1,3,infinity,4,,,15,17,0,77,1
o112,3,2,0,infinity,1,,,12,14,0,62,1
o112,3,2,1,infinity,2,,,13,15,0,68,1
o112,3,2,2,infinity,3,,,14,16,0,72,1
o112,3,2,3,infinity,4,,,15,17,0,76,1
o112,3,3,0,infinity,1,,,12,14,0,63,1
o112,3,3,1,infinity,2,,,13,15,0,67,1
o112,3,3,2,infinity,3,,,14,16,0,71,1
o112,3,3,3,infinity,4,,,15,17,0,75,1
o113,0,0,0,infinity,1,,,6,8,0,26,1
o113,0,0,1,infinity,2,,,7,9,0,28,1
o113,0,0,2,infinity,3,,,8,10,0,30,1
o113,0,0,3,infinity,4,,,9,11,0,32,1
o113,1,0,0,infinity,3,,,8,10,0,42,1
o113,1,0,1,infinity,3,,,9,11,0,46,1
o113,1,0,2,infinity,3,,,10,12,0,50,1
o113,1,0,3,infinity,4,,,11,13,0,54,1
o113,1,1,0,infinity,1,,,8,10,0,43,1
o113,1,1,1,infinity,2,,,9,11,0,47,1
o113,1,1,2,infinity,3,,,10,12,0,51,1
o113,1,1,3,infinity,4,,,11,13,0,55,1
o113,2,0,0,infinity,3,,,10,12,0,61,1
o113,2,0,1,infinity,3,,,11,13,0,66,1
o113,2,0,2,infinity,3,,,12,14,0,71,1
o113,2,0,3,infinity,4,,,13,15,0,76,1
o113,2,1,0,infinity,3,,,10,12,0,63,1
o113,2,1,1,infinity,3,,,11,13,0,68,1
o113,2,1,2,infinity,3,,,12,14,0,73,1
o113,2,1,3,infinity,4,,,13,15,0,78,1
o113,2,2,0,infinity,1,,,10,12,0,62,1
o113,2,2,1,infinity,2,,,11,13,0,67,1
o113,2,2,2,infinity,3,,,12,14,0,71,1
o113,2,2,3,infinity,4,,,13,15,0,76,1
o113,3,0,0,infinity,5,,,12,14,0,83,1
o113,3,0,1,infinity,5,,,13,15,0,89,1
o113,3,0,2,infinity,5,,,14,16,0,95,1
o113,3,0,3,infinity,5,,,15,17,0,101,1
o113,3,1,0,infinity,3,,,12,14,0,86,1
o113,3,1,1,infinity,4,,,13,15,0,92,1
o113,3,1,2,infinity,5,,,14,16,0,98,1
o113,3,1,3,infinity,5,,,15,17,0,104,1
o113,3,2,0,infinity,3,,,12,14,0,85,1
o113,3,2,1,infinity,4,,,13,15,0,91,1
o113,3,2,2,infinity,5,,,14,16,0,95,1
o113,3,2,3,infinity,5,,,15,17,0,101,1
o113,3,3,0,infinity,1,,,12,14,0,84,1
o113,3,3,1,infinity,2,,,13,15,0,90,1
o113,3,3,2,infinity,3,,,14,16,0,96,1
o113,3,3,3,infinity,4,,,15,17,0,102,1
o114,0,0,0,infinity,1,,,6,8,0,27,1
o114,0,0,1,infinity,2,,,7,9,0,29,1
o114,0,0,2,infinity,3,,,8,10,0,31,1
o114,0,0,3,infinity,4,,,9,11,0,33,1
o114,1,0,0,infinity,1,,,8,10,0,43,1
o114,1,0,1,infinity,2,,,9,11,0,47,1
o114,1,0,2,infinity,3,,,10,12,0,51,1
o114,1,0,3,infinity,4,,,11,13,0,55,1
o114,1,1,0,infinity,1,,,8,10,0,44,1
o114,1,1,1,infinity,2,,,9,11,0,48,1
o114,1,1,2,infinity,3,,,10,12,0,52,1
o114,1,1,3,infinity,4,,,11,13,0,56,1
o114,2,0,0,infinity,1,,,10,12,0,53,1
o114,2,0,1,infinity,2,,,11,13,0,57,1
o114,2,0,2,infinity,3,,,12,14,0,61,1
o114,2,0,3,infinity,4,,,13,15,0,65,1
o114,2,1,0,infinity,1,,,10,12,0,55,1
o114,2,1,1,infinity,2,,,11,13,0,59,1
o114,2,1,2,infinity,3,,,12,14,0,63,1
o114,2,1,3,infinity,4,,,13,15,0,67,1
o114,2,2,0,infinity,1,,,10,12,0,54,1
o114,2,2,1,infinity,2,,,11,13,0,58,1
o114,2,2,2,infinity,3,,,12,14,0,62,1
o114,2,2,3,infinity,4,,,13,15,0,66,1
o114,3,0,0,infinity,1,,,12,14,0,63,1
o114,3,0,1,infinity,2,,,13,15,0,67,1
o114,3,0,2,infinity,3,,,14,16,0,71,1
o114,3,0,3,infinity,4,,,15,17,0,75,1
o114,3,1,0,infinity,1,,,12,14,0,65,1
o114,3,1,1,infinity,2,,,13,15,0,69,1
o114,3,1,2,infinity,3,,,14,16,0,73,1
o114,3,1,3,infinity,4,,,15,17,0,77,1
o114,3,2,0,infinity,1,,,12,14,0,65,1
o114,3,2,1,infinity,2,,,13,15,0,69,1
o114,3,2,2,infinity,3,,,14,16,0,73,1
o114,3,2,3,infinity,4,,,15,17,0,77,1
o114,3,3,0,infinity,1,,,12,14,0,64,1
o114,3,3,1,infinity,2,,,13,15,0,68,1
o114,3,3,2,infinity,3,,,14,16,0,72,1
o114,3,3,3,infinity,4,,,15,17,0,76,1
o115,0,0,0,infinity,1,,,6,8,0,26,1
o115,0,0,1,infinity,2,,,7,9,0,28,1
o115,0,0,2,infinity,3,,,8,10,0,30,1
o115,0,0,3,infinity,4,,,9,11,0,32,1
o115,1,0,0,infinity,2,,,8,10,0,42,1
o115,1,0,1,infinity,2,,,9,11,0,46,1
o115,1,0,2,infinity,3,,,10,12,0,50,1
o115,1,0,3,infinity,4,,,11,13,0,54,1
o115,1,1,0,infinity,1,,,8,10,0,43,1
o115,1,1,1,infinity,2,,,9,11,0,47,1
o115,1,1,2,infinity,3,,,10,12,0,51,1
o115,1,1,3,infinity,4,,,11,13,0,55,1
o115,2,0,0,infinity,3,,,10,12,0,61,1
o115,2,0,1,infinity,3,,,11,13,0,66,1
o115,2,0,2,infinity,3,,,12,14,0,71,1
o115,2,0,3,infinity,4,,,13,15,0,76,1
o115,2,1,0,infinity,2,,,10,12,0,63,1
o115,2,1,1,infinity,3,,,11,13,0,67,1
o115,2,1,2,infinity,3,,,12,14,0,72,1
o115,2,1,3,infinity,4,,,13,15,0,77,1
o115,2,2,0,infinity,1,,,10,12,0,62,1
o115,2,2,1,infinity,2,,,11,13,0,67,1
o115,2,2,2,infinity,3,,,12,14,0,72,1
o115,2,2,3,infinity,4,,,13,15,0,77,1
o115,3,0,0,infinity,4,,,12,14,0,83,1
o115,3,0,1,infinity,4,,,13,15,0,89,1
o115,3,0,2,infinity,4,,,14,16,0,95,1
o115,3,0,3,infinity,4,,,15,17,0,101,1
o115,3,1,0,infinity,3,,,12,14,0,86,1
o115,3,1,1,infinity,4,,,13,15,0,90,1
o115,3,1,2,infinity,4,,,14,16,0,96,1
o115,3,1,3,infinity,4,,,15,17,0,102,1
o115,3,2,0,infinity,2,,,12,14,0,85,1
o115,3,2,1,infinity,3,,,13,15,0,91,1
o115,3,2,2,infinity,4,,,14,16,0,96,1
o115,3,2,3,infinity,4,,,15,17,0,102,1
o115,3,3,0,infinity,1,,,12,14,0,84,1
o115,3,3,1,infinity,2,,,13,15,0,90,1
o115,3,3,2,infinity,3,,,14,16,0,96,1
o115,3,3,3,infinity,4,,,15,17,0,102,1
o116,0,0,0,infinity,1,,,6,8,0,26,1
o116,0,0,1,infinity,2,,,7,9,0,28,1
o116,0,0,2,infinity,3,,,8,10,0,30,1
o116,0,0,3,infinity,4,,,9,11,0,32,1
o116,1,0,0,infinity,1,,,8,10,0,42,1
o116,1,0,1,infinity,2,,,9,11,0,44,1
o116,1,0,2,infinity,3,,,10,12,0,46,1
o116,1,0,3,infinity,4,,,11,13,0,48,1
o116,1,1,0,infinity,1,,,8,10,0,41,1
o116,1,1,1,infinity,2,,,9,11,0,43,1
o116,1,1,2,infinity,3,,,10,12,0,45,1
o116,1,1,3,infinity,4,,,11,13,0,47,1
o116,2,0,0,infinity,1,,,10,12,0,52,1
o116,2,0,1,infinity,2,,,11,13,0,54,1
o116,2,0,2,infinity,3,,,12,14,0,58,1
o116,2,0,3,infinity,4,,,13,15,0,62,1
o116,2,1,0,infinity,1,,,10,12,0,52,1
o116,2,1,1,infinity,2,,,11,13,0,56,1
o116,2,1,2,infinity,3,,,12,14,0,60,1
o116,2,1,3,infinity,4,,,13,15,0,64,1
o116,2,2,0,infinity,1,,,10,12,0,50,1
o116,2,2,1,infinity,2,,,11,13,0,55,1
o116,2,2,2,infinity,3,,,12,14,0,59,1
o116,2,2,3,infinity,4,,,13,15,0,63,1
o116,3,0,0,infinity,1,,,12,14,0,62,1
o116,3,0,1,infinity,2,,,13,15,0,64,1
o116,3,0,2,infinity,3,,,14,16,0,68,1
o116,3,0,3,infinity,4,,,15,17,0,72,1
o116,3,1,0,infinity,1,,,12,14,0,63,1
o116,3,1,1,infinity,2,,,13,15,0,67,1
o116,3,1,2,infinity,3,,,14,16,0,71,1
o116,3,1,3,infinity,4,,,15,17,0,75,1
o116,3,2,0,infinity,1,,,12,14,0,60,1
o116,3,2,1,infinity,2,,,13,15,0,66,1
o116,3,2,2,infinity,3,,,14,16,0,70,1
o116,3,2,3,infinity,4,,,15,17,0,74,1
o116,3,3,0,infinity,1,,,12,14,0,61,1
o116,3,3,1,infinity,2,,,13,15,0,65,1
o116,3,3,2,infinity,3,,,14,16,0,69,1
o116,3,3,3,infinity,4,,,15,17,0,73,1
o117,0,0,0,infinity,infinity,,,6,8,0,24,1
o117,0,0,1,infinity,infinity,,,7,9,0,24,1
o117,0,0,2,infinity,infinity,,,8,10,0,24,1
o117,0,0,3,infinity,infinity,,,9,11,0,24,1
o117,1,0,0,infinity,infinity,,,8,10,0,38,1
o117,1,0,1,infinity,infinity,,,9,11,0,38,1
o117,1,0,2,infinity,infinity,,,10,12,0,38,1
o117,1,0,3,infinity,infinity,,,11,13,0,38,1
o117,1,1,0,infinity,infinity,,,8,10,0,38,1
o117,1,1,1,infinity,infinity,,,9,11,0,38,1
o117,1,1,2,infinity,infinity,,,10,12,0,38,1
o117,1,1,3,infinity,infinity,,,11,13,0,38,1
o117,2,0,0,infinity,infinity,,,10,12,0,55,1
o117,2,0,1,infinity,infinity,,,11,13,0,55,1
o117,2,0,2,infinity,infinity,,,12,14,0,55,1
o117,2,0,3,infinity,infinity,,,13,15,0,55,1
o117,2,1,0,infinity,infinity,,,10,12,0,56,1
o117,2,1,1,infinity,infinity,,,11,13,0,56,1
o117,2,1,2,infinity,infinity,,,12,14,0,56,1
o117,2,1,3,infinity,infinity,,,13,15,0,56,1
o117,2,2,0,infinity,infinity,,,10,12,0,56,1
o117,2,2,1,infinity,infinity,,,11,13,0,56,1
o117,2,2,2,infinity,infinity,,,12,14,0,56,1
o117,2,2,3,infinity,infinity,,,13,15,0,56,1
o117,3,0,0,infinity,infinity,,,12,14,0,75,1
o117,3,0,1,infinity,infinity,,,13,15,0,75,1
o117,3,0,2,infinity,infinity,,,14,16,0,75,1
o117,3,0,3,infinity,infinity,,,15,17,0,75,1
o117,3,1,0,infinity,infinity,,,12,14,0,75,1
o117,3,1,1,infinity,infinity,,,13,15,0,75,1
o117,3,1,2,infinity,infinity,,,14,16,0,75,1
o117,3,1,3,infinity,infinity,,,15,17,0,75,1
o117,3,2,0,infinity,infinity,,,12,14,0,77,1
o117,3,2,1,infinity,infinity,,,13,15,0,77,1
o117,3,2,2,infinity,infinity,,,14,16,0,77,1
o117,3,2,3,infinity,infinity,,,15,17,0,77,1
o117,3,3,0,infinity,infinity,,,12,14,0,77,1
o117,3,3,1,infinity,infinity,,,13,15,0,77,1
o117,3,3,2,infinity,infinity,,,14,16,0,77,1
o117,3,3,3,infinity,infinity,,,15,17,0,77,1
o118,0,0,0,infinity,1,,,6,8,0,26,1
o118,0,0,1,infinity,2,,,7,9,0,27,1
o118,0,0,2,infinity,3,,,8,10,0,29,1
o118,0,0,3,infinity,4,,,9,11,0,31,1
o118,1,0,0,infinity,1,,,8,10,0,41,1
o118,1,0,1,infinity,2,,,9,11,0,43,1
o118,1,0,2,infinity,3,,,10,12,0,45,1
o118,1,0,3,infinity,4,,,11,13,0,47,1
o118,1,1,0,infinity,1,,,8,10,0,41,1
o118,1,1,1,infinity,2,,,9,11,0,42,1
o118,1,1,2,infinity,3,,,10,12,0,44,1
o118,1,1,3,infinity,4,,,11,13,0,46,1
o118,2,0,0,infinity,1,,,10,12,0,51,1
o118,2,0,1,infinity,2,,,11,13,0,53,1
o118,2,0,2,infinity,3,,,12,14,0,57,1
o118,2,0,3,infinity,4,,,13,15,0,61,1
o118,2,1,0,infinity,1,,,10,12,0,51,1
o118,2,1,1,infinity,2,,,11,13,0,55,1
o118,2,1,2,infinity,3,,,12,14,0,59,1
o118,2,1,3,infinity,4,,,13,15,0,63,1
o118,2,2,0,infinity,1,,,10,12,0,51,1
o118,2,2,1,infinity,2,,,11,13,0,54,1
o118,2,2,2,infinity,3,,,12,14,0,58,1
o118,2,2,3,infinity,4,,,13,15,0,62,1
o118,3,0,0,infinity,1,,,12,14,0,61,1
o118,3,0,1,infinity,2,,,13,15,0,63,1
o118,3,0,2,infinity,3,,,14,16,0,67,1
o118,3,0,3,infinity,4,,,15,17,0,71,1
o118,3,1,0,infinity,1,,,12,14,0,61,1
o118,3,1,1,infinity,2,,,13,15,0,65,1
o118,3,1,2,infinity,3,,,14,16,0,69,1
o118,3,1,3,infinity,4,,,15,17,0,73,1
o118,3,2,0,infinity,1,,,12,14,0,61,1
o118,3,2,1,infinity,2,,,13,15,0,65,1
o118,3,2,2,infinity,3,,,14,16,0,69,1
o118,3,2,3,infinity,4,,,15,17,0,73,1
o118,3,3,0,infinity,1,,,12,14,0,61,1
o118,3,3,1,infinity,2,,,13,15,0,64,1
o118,3,3,2,infinity,3,,,14,16,0,68,1
o118,3,3,3,infinity,4,,,15,17,0,72,1
o119,0,0,0,infinity,infinity,,,6,8,0,24,1
o119,0,0,1,infinity,infinity,,,7,9,0,24,1
o119,0,0,2,infinity,infinity,,,8,10,0,24,1
o119,0,0,3,infinity,infinity,,,9,11,0,24,1
o119,1,0,0,infinity,infinity,,,8,10,0,38,1
o119,1,0,1,infinity,infinity,,,9,11,0,38,1
o119,1,0,2,infinity,infinity,,,10,12,0,38,1
o119,1,0,3,infinity,infinity,,,11,13,0,38,1
o119,1,1,0,infinity,infinity,,,8,10,0,39,1
o119,1,1,1,infinity,infinity,,,9,11,0,39,1
o119,1,1,2,infinity,infinity,,,10,12,0,39,1
o119,1,1,3,infinity,infinity,,,11,13,0,39,1
o119,2,0,0,infinity,infinity,,,10,12,0,55,1
o119,2,0,1,infinity,infinity,,,11,13,0,55,1
o119,2,0,2,infinity,infinity,,,12,14,0,55,1
o119,2,0,3,infinity,infinity,,,13,15,0,55,1
o119,2,1,0,infinity,infinity,,,10,12,0,56,1
o119,2,1,1,infinity,infinity,,,11,13,0,56,1
o119,2,1,2,infinity,infinity,,,12,14,0,56,1
o119,2,1,3,infinity,infinity,,,13,15,0,56,1
o119,2,2,0,infinity,infinity,,,10,12,0,57,1
o119,2,2,1,infinity,infinity,,,11,13,0,57,1
o119,2,2,2,infinity,infinity,,,12,14,0,57,1
o119,2,2,3,infinity,infinity,,,13,15,0,57,1
o119,3,0,0,infinity,infinity,,,12,14,0,75,1
o119,3,0,1,infinity,infinity,,,13,15,0,75,1
o119,3,0,2,infinity,infinity,,,14,16,0,75,1
o119,3,0,3,infinity,infinity,,,15,17,0,75,1
o119,3,1,0,infinity,infinity,,,12,14,0,76,1
o119,3,1,1,infinity,infinity,,,13,15,0,76,1
o119,3,1,2,infinity,infinity,,,14,16,0,76,1
o119,3,1,3,infinity,infinity,,,15,17,0,76,1
o119,3,2,0,infinity,infinity,,,12,14,0,77,1
o119,3,2,1,infinity,infinity,,,13,15,0,77,1
o119,3,2,2,infinity,infinity,,,14,16,0,77,1
o119,3,2,3,infinity,infinity,,,15,17,0,77,1
o119,3,3,0,infinity,infinity,,,12,14,0,78,1
o119,3,3,1,infinity,infinity,,,13,15,0,78,1
o119,3,3,2,infinity,infinity,,,14,16,0,78,1
o119,3,3,3,infinity,infinity,,,15,17,0,78,1
o120,0,0,0,infinity,1,,,6,8,0,27,1
o120,0,0,1,infinity,2,,,7,9,0,29,1
o120,0,0,2,infinity,3,,,8,10,0,31,1
o120,0,0,3,infinity,4,,,9,11,0,33,1
o120,1,0,0,infinity,1,,,8,10,0,47,1
o120,1,0,1,infinity,2,,,9,11,0,49,1
o120,1,0,2,infinity,3,,,10,12,0,53,1
o120,1,0,3,infinity,4,,,11,13,0,57,1
o120,1,1,0,infinity,1,,,8,10,0,45,1
o120,1,1,1,infinity,2,,,9,11,0,50,1
o120,1,1,2,infinity,3,,,10,12,0,54,1
o120,1,1,3,infinity,4,,,11,13,0,58,1
o120,2,0,0,infinity,1,,,10,12,0,59,1
o120,2,0,1,infinity,2,,,11,13,0,61,1
o120,2,0,2,infinity,3,,,12,14,0,65,1
o120,2,0,3,infinity,4,,,13,15,0,69,1
o120,2,1,0,infinity,1,,,10,12,0,57,1
o120,2,1,1,infinity,2,,,11,13,0,63,1
o120,2,1,2,infinity,3,,,12,14,0,67,1
o120,2,1,3,infinity,4,,,13,15,0,71,1
o120,2,2,0,infinity,1,,,10,12,0,57,1
o120,2,2,1,infinity,2,,,11,13,0,62,1
o120,2,2,2,infinity,3,,,12,14,0,66,1
o120,2,2,3,infinity,4,,,13,15,0,70,1
o120,3,0,0,infinity,1,,,12,14,0,71,1
o120,3,0,1,infinity,2,,,13,15,0,73,1
o120,3,0,2,infinity,3,,,14,16,0,77,1
o120,3,0,3,infinity,4,,,15,17,0,81,1
o120,3,1,0,infinity,1,,,12,14,0,69,1
o120,3,1,1,infinity,2,,,13,15,0,75,1
o120,3,1,2,infinity,3,,,14,16,0,79,1
o120,3,1,3,infinity,4,,,15,17,0,83,1
o120,3,2,0,infinity,1,,,12,14,0,69,1
o120,3,2,1,infinity,2,,,13,15,0,75,1
o120,3,2,2,infinity,3,,,14,16,0,79,1
o120,3,2,3,infinity,4,,,15,17,0,83,1
o120,3,3,0,infinity,1,,,12,14,0,69,1
o120,3,3,1,infinity,2,,,13,15,0,74,1
o120,3,3,2,infinity,3,,,14,16,0,78,1
o120,3,3,3,infinity,4,,,15,17,0,82,1
o121,0,0,0,infinity,1,,,6,8,0,26,1
o121,0,0,1,infinity,2,,,7,9,0,27,1
o121,0,0,2,infinity,3,,,8,10,0,29,1
o121,0,0,3,infinity,4,,,9,11,0,31,1
o121,1,0,0,infinity,2,,,8,10,0,45,1
o121,1,0,1,infinity,2,,,9,11,0,47,1
o121,1,0,2,infinity,3,,,10,12,0,49,1
o121,1,0,3,infinity,4,,,11,13,0,53,1
o121,1,1,0,infinity,1,,,8,10,0,45,1
o121,1,1,1,infinity,2,,,9,11,0,45,1
o121,1,1,2,infinity,3,,,10,12,0,50,1
o121,1,1,3,infinity,4,,,11,13,0,54,1
o121,2,0,0,infinity,3,,,10,12,0,66,1
o121,2,0,1,infinity,4,,,11,13,0,68,1
o121,2,0,2,infinity,4,,,12,14,0,70,1
o121,2,0,3,infinity,4,,,13,15,0,75,1
o121,2,1,0,infinity,3,,,10,12,0,65,1
o121,2,1,1,infinity,4,,,11,13,0,65,1
o121,2,1,2,infinity,4,,,12,14,0,72,1
o121,2,1,3,infinity,4,,,13,15,0,77,1
o121,2,2,0,infinity,1,,,10,12,0,65,1
o121,2,2,1,infinity,2,,,11,13,0,66,1
o121,2,2,2,infinity,3,,,12,14,0,71,1
o121,2,2,3,infinity,4,,,13,15,0,76,1
o121,3,0,0,infinity,4,,,12,14,0,90,1
o121,3,0,1,infinity,4,,,13,15,0,92,1
o121,3,0,2,infinity,4,,,14,16,0,94,1
o121,3,0,3,infinity,4,,,15,17,0,100,1
o121,3,1,0,infinity,3,,,12,14,0,89,1
o121,3,1,1,infinity,4,,,13,15,0,88,1
o121,3,1,2,infinity,4,,,14,16,0,97,1
o121,3,1,3,infinity,4,,,15,17,0,103,1
o121,3,2,0,infinity,3,,,12,14,0,88,1
o121,3,2,1,infinity,4,,,13,15,0,90,1
o121,3,2,2,infinity,4,,,14,16,0,96,1
o121,3,2,3,infinity,4,,,15,17,0,102,1
o121,3,3,0,infinity,1,,,12,14,0,88,1
o121,3,3,1,infinity,2,,,13,15,0,89,1
o121,3,3,2,infinity,3,,,14,16,0,95,1
o121,3,3,3,infinity,4,,,15,17,0,100,1
o122,0,0,0,infinity,1,,,6,8,0,18,1
o122,0,0,1,infinity,2,,,7,9,0,18,1
o122,0,0,2,infinity,3,,,8,10,0,18,1
o122,0,0,3,infinity,4,,,9,11,0,18,1
o122,1,0,0,infinity,1,,,8,10,0,26,1
o122,1,0,1,infinity,2,,,9,11,0,26,1
o122,1,0,2,infinity,3,,,10,12,0,26,1
o122,1,0,3,infinity,4,,,11,13,0,26,1
o122,1,1,0,infinity,1,,,8,10,0,26,1
o122,1,1,1,infinity,2,,,9,11,0,26,1
o122,1,1,2,infinity,3,,,10,12,0,26,1
o122,1,1,3,infinity,4,,,11,13,0,26,1
o122,2,0,0,infinity,1,,,10,12,0,32,1
o122,2,0,1,infinity,2,,,11,13,0,32,1
o122,2,0,2,infinity,3,,,12,14,0,32,1
o122,2,0,3,infinity,4,,,13,15,0,32,1
o122,2,1,0,infinity,1,,,10,12,0,32,1
o122,2,1,1,infinity,2,,,11,13,0,32,1
o122,2,1,2,infinity,3,,,12,14,0,32,1
o122,2,1,3,infinity,4,,,13,15,0,32,1
o122,2,2,0,infinity,1,,,10,12,0,32,1
o122,2,2,1,infinity,2,,,11,13,0,32,1
o122,2,2,2,infinity,3,,,12,14,0,32,1
o122,2,2,3,infinity,4,,,13,15,0,32,1
o122,3,0,0,infinity,1,,,12,14,0,38,1
o122,3,0,1,infinity,2,,,13,15,0,38,1
o122,3,0,2,infinity,3,,,14,16,0,38,1
o122,3,0,3,infinity,4,,,15,17,0,38,1
o122,3,1,0,infinity,1,,,12,14,0,38,1
o122,3,1,1,infinity,2,,,13,15,0,38,1
o122,3,1,2,infinity,3,,,14,16,0,38,1
o122,3,1,3,infinity,4,,,15,17,0,38,1
o122,3,2,0,infinity,1,,,12,14,0,38,1
o122,3,2,1,infinity,2,,,13,15,0,38,1
o122,3,2,2,infinity,3,,,14,16,0,38,1
o122,3,2,3,infinity,4,,,15,17,0,38,1
o122,3,3,0,infinity,1,,,12,14,0,38,1
o122,3,3,1,infinity,2,,,13,15,0,38,1
o122,3,3,2,infinity,3,,,14,16,0,38,1
o122,3,3,3,infinity,4,,,15,17,0,38,1
o123,0,0,0,infinity,1,,,6,8,0,18,1
o123,0,0,1,infinity,2,,,7,9,0,19,1
o123,0,0,2,infinity,3,,,8,10,0,20,1
o123,0,0,3,infinity,4,,,9,11,0,21,1
o123,1,0,0,infinity,2,,,8,10,0,34,1
o123,1,0,1,infinity,2,,,9,11,0,36,1
o123,1,0,2,infinity,3,,,10,12,0,37,1
o123,1,0,3,infinity,4,,,11,13,0,38,1
o123,1,1,0,infinity,1,,,8,10,0,34,1
o123,1,1,1,infinity,2,,,9,11,0,35,1
o123,1,1,2,infinity,3,,,10,12,0,36,1
o123,1,1,3,infinity,4,,,11,13,0,37,1
o123,2,0,0,infinity,3,,,10,12,0,51,1
o123,2,0,1,infinity,3,,,11,13,0,54,1
o123,2,0,2,infinity,3,,,12,14,0,55,1
o123,2,0,3,infinity,4,,,13,15,0,56,1
o123,2,1,0,infinity,2,,,10,12,0,52,1
o123,2,1,1,infinity,3,,,11,13,0,52,1
o123,2,1,2,infinity,3,,,12,14,0,54,1
o123,2,1,3,infinity,4,,,13,15,0,55,1
o123,2,2,0,infinity,1,,,10,12,0,51,1
o123,2,2,1,infinity,2,,,11,13,0,52,1
o123,2,2,2,infinity,3,,,12,14,0,53,1
o123,2,2,3,infinity,4,,,13,15,0,54,1
o123,3,0,0,infinity,4,,,12,14,0,71,1
o123,3,0,1,infinity,4,,,13,15,0,75,1
o123,3,0,2,infinity,4,,,14,16,0,76,1
o123,3,0,3,infinity,4,,,15,17,0,77,1
o123,3,1,0,infinity,3,,,12,14,0,73,1
o123,3,1,1,infinity,4,,,13,15,0,72,1
o123,3,1,2,infinity,4,,,14,16,0,75,1
o123,3,1,3,infinity,4,,,15,17,0,76,1
o123,3,2,0,infinity,2,,,12,14,0,72,1
o123,3,2,1,infinity,3,,,13,15,0,73,1
o123,3,2,2,infinity,4,,,14,16,0,73,1
o123,3,2,3,infinity,4,,,15,17,0,75,1
o123,3,3,0,infinity,1,,,12,14,0,71,1
o123,3,3,1,infinity,2,,,13,15,0,72,1
o123,3,3,2,infinity,3,,,14,16,0,73,1
o123,3,3,3,infinity,4,,,15,17,0,74,1
o124,0,0,0,infinity,1,,,6,8,0,26,1
o124,0,0,1,infinity,2,,,7,9,0,28,1
o124,0,0,2,infinity,3,,,8,10,0,30,1
o124,0,0,3,infinity,4,,,9,11,0,32,1
o124,1,0,0,infinity,1,,,8,10,0,53,1
o124,1,0,1,infinity,2,,,9,11,0,55,1
o124,1,0,2,infinity,3,,,10,12,0,60,1
o124,1,0,3,infinity,4,,,11,13,0,65,1
o124,1,1,0,infinity,1,,,8,10,0,50,1
o124,1,1,1,infinity,2,,,9,11,0,56,1
o124,1,1,2,infinity,3,,,10,12,0,61,1
o124,1,1,3,infinity,4,,,11,13,0,66,1
o124,2,0,0,infinity,1,,,10,12,0,67,1
o124,2,0,1,infinity,2,,,11,13,0,70,1
o124,2,0,2,infinity,3,,,12,14,0,75,1
o124,2,0,3,infinity,4,,,13,15,0,80,1
o124,2,1,0,infinity,1,,,10,12,0,65,1
o124,2,1,1,infinity,2,,,11,13,0,72,1
o124,2,1,2,infinity,3,,,12,14,0,77,1
o124,2,1,3,infinity,4,,,13,15,0,82,1
o124,2,2,0,infinity,1,,,10,12,0,65,1
o124,2,2,1,infinity,2,,,11,13,0,71,1
o124,2,2,2,infinity,3,,,12,14,0,76,1
o124,2,2,3,infinity,4,,,13,15,0,81,1
o124,3,0,0,infinity,1,,,12,14,0,81,1
o124,3,0,1,infinity,2,,,13,15,0,84,1
o124,3,0,2,infinity,3,,,14,16,0,89,1
o124,3,0,3,infinity,4,,,15,17,0,94,1
o124,3,1,0,infinity,1,,,12,14,0,79,1
o124,3,1,1,infinity,2,,,13,15,0,86,1
o124,3,1,2,infinity,3,,,14,16,0,91,1
o124,3,1,3,infinity,4,,,15,17,0,96,1
o124,3,2,0,infinity,1,,,12,14,0,79,1
o124,3,2,1,infinity,2,,,13,15,0,86,1
o124,3,2,2,infinity,3,,,14,16,0,91,1
o124,3,2,3,infinity,4,,,15,17,0,96,1
o124,3,3,0,infinity,1,,,12,14,0,79,1
o124,3,3,1,infinity,2,,,13,15,0,85,1
o124,3,3,2,infinity,3,,,14,16,0,90,1
o124,3,3,3,infinity,4,,,15,17,0,95,1
o125,0,0,0,infinity,infinity,,,6,8,0,24,1
o125,0,0,1,infinity,infinity,,,7,9,0,24,1
o125,0,0,2,infinity,infinity,,,8,10,0,24,1
o125,0,0,3,infinity,infinity,,,9,11,0,24,1
o125,1,0,0,infinity,infinity,,,8,10,0,55,1
o125,1,0,1,infinity,infinity,,,9,11,0,55,1
o125,1,0,2,infinity,infinity,,,10,12,0,55,1
o125,1,0,3,infinity,infinity,,,11,13,0,55,1
o125,1,1,0,infinity,infinity,,,8,10,0,54,1
o125,1,1,1,infinity,infinity,,,9,11,0,54,1
o125,1,1,2,infinity,infinity,,,10,12,0,54,1
o125,1,1,3,infinity,infinity,,,11,13,0,54,1
o125,2,0,0,infinity,infinity,,,10,12,0,85,1
o125,2,0,1,infinity,infinity,,,11,13,0,85,1
o125,2,0,2,infinity,infinity,,,12,14,0,85,1
o125,2,0,3,infinity,infinity,,,13,15,0,85,1
o125,2,1,0,infinity,infinity,,,10,12,0,86,1
o125,2,1,1,infinity,infinity,,,11,13,0,86,1
o125,2,1,2,infinity,infinity,,,12,14,0,86,1
o125,2,1,3,infinity,infinity,,,13,15,0,86,1
o125,2,2,0,infinity,infinity,,,10,12,0,84,1
o125,2,2,1,infinity,infinity,,,11,13,0,84,1
o125,2,2,2,infinity,infinity,,,12,14,0,84,1
o125,2,2,3,infinity,infinity,,,13,15,0,84,1
o125,3,0,0,infinity,infinity,,,12,14,0,121,1
o125,3,0,1,infinity,infinity,,,13,15,0,121,1
o125,3,0,2,infinity,infinity,,,14,16,0,121,1
o125,3,0,3,infinity,infinity,,,15,17,0,121,1
o125,3,1,0,infinity,infinity,,,12,14,0,122,1
o125,3,1,1,infinity,infinity,,,13,15,0,122,1
o125,3,1,2,infinity,infinity,,,14,16,0,122,1
o125,3,1,3,infinity,infinity,,,15,17,0,122,1
o125,3,2,0,infinity,infinity,,,12,14,0,123,1
o125,3,2,1,infinity,infinity,,,13,15,0,123,1
o125,3,2,2,infinity,infinity,,,14,16,0,123,1
o125,3,2,3,infinity,infinity,,,15,17,0,123,1
o125,3,3,0,infinity,infinity,,,12,14,0,120,1
o125,3,3,1,infinity,infinity,,,13,15,0,120,1
o125,3,3,2,infinity,infinity,,,14,16,0,120,1
o125,3,3,3,infinity,infinity,,,15,17,0,120,1
o126,0,0,0,infinity,1,,,6,8,0,18,1
o126,0,0,1,infinity,2,,,7,9,0,19,1
o126,0,0,2,infinity,3,,,8,10,0,20,1
o126,0,0,3,infinity,4,,,9,11,0,21,1
o126,1,0,0,infinity,1,,,8,10,0,43,1
o126,1,0,1,infinity,2,,,9,11,0,45,1
o126,1,0,2,infinity,3,,,10,12,0,47,1
o126,1,0,3,infinity,4,,,11,13,0,49,1
o126,1,1,0,infinity,1,,,8,10,0,42,1
o126,1,1,1,infinity,2,,,9,11,0,44,1
o126,1,1,2,infinity,3,,,10,12,0,46,1
o126,1,1,3,infinity,4,,,11,13,0,48,1
o126,2,0,0,infinity,1,,,10,12,0,53,1
o126,2,0,1,infinity,2,,,11,13,0,55,1
o126,2,0,2,infinity,3,,,12,14,0,57,1
o126,2,0,3,infinity,4,,,13,15,0,59,1
o126,2,1,0,infinity,1,,,10,12,0,53,1
o126,2,1,1,infinity,2,,,11,13,0,55,1
o126,2,1,2,infinity,3,,,12,14,0,57,1
o126,2,1,3,infinity,4,,,13,15,0,59,1
o126,2,2,0,infinity,1,,,10,12,0,52,1
o126,2,2,1,infinity,2,,,11,13,0,54,1
o126,2,2,2,infinity,3,,,12,14,0,56,1
o126,2,2,3,infinity,4,,,13,15,0,58,1
o126,3,0,0,infinity,1,,,12,14,0,63,1
o126,3,0,1,infinity,2,,,13,15,0,65,1
o126,3,0,2,infinity,3,,,14,16,0,67,1
o126,3,0,3,infinity,4,,,15,17,0,69,1
o126,3,1,0,infinity,1,,,12,14,0,63,1
o126,3,1,1,infinity,2,,,13,15,0,65,1
o126,3,1,2,infinity,3,,,14,16,0,67,1
o126,3,1,3,infinity,4,,,15,17,0,69,1
o126,3,2,0,infinity,1,,,12,14,0,63,1
o126,3,2,1,infinity,2,,,13,15,0,65,1
o126,3,2,2,infinity,3,,,14,16,0,67,1
o126,3,2,3,infinity,4,,,15,17,0,69,1
o126,3,3,0,infinity,1,,,12,14,0,62,1
o126,3,3,1,infinity,2,,,13,15,0,64,1
o126,3,3,2,infinity,3,,,14,16,0,66,1
o126,3,3,3,infinity,4,,,15,17,0,68,1
o127,0,0,0,infinity,infinity,,,6,8,0,17,1
o127,0,0,1,infinity,infinity,,,7,9,0,17,1
o127,0,0,2,infinity,infinity,,,8,10,0,17,1
o127,0,0,3,infinity,infinity,,,9,11,0,17,1
o127,1,0,0,infinity,infinity,,,8,10,0,39,1
o127,1,0,1,infinity,infinity,,,9,11,0,39,1
o127,1,0,2,infinity,infinity,,,10,12,0,39,1
o127,1,0,3,infinity,infinity,,,11,13,0,39,1
o127,1,1,0,infinity,infinity,,,8,10,0,38,1
o127,1,1,1,infinity,infinity,,,9,11,0,38,1
o127,1,1,2,infinity,infinity,,,10,12,0,38,1
o127,1,1,3,infinity,infinity,,,11,13,0,38,1
o127,2,0,0,infinity,infinity,,,10,12,0,57,1
o127,2,0,1,infinity,infinity,,,11,13,0,57,1
o127,2,0,2,infinity,infinity,,,12,14,0,57,1
o127,2,0,3,infinity,infinity,,,13,15,0,57,1
o127,2,1,0,infinity,infinity,,,10,12,0,57,1
o127,2,1,1,infinity,infinity,,,11,13,0,57,1
o127,2,1,2,infinity,infinity,,,12,14,0,57,1
o127,2,1,3,infinity,infinity,,,13,15,0,57,1
o127,2,2,0,infinity,infinity,,,10,12,0,56,1
o127,2,2,1,infinity,infinity,,,11,13,0,56,1
o127,2,2,2,infinity,infinity,,,12,14,0,56,1
o127,2,2,3,infinity,infinity,,,13,15,0,56,1
o127,3,0,0,infinity,infinity,,,12,14,0,78,1
o127,3,0,1,infinity,infinity,,,13,15,0,78,1
o127,3,0,2,infinity,infinity,,,14,16,0,78,1
o127,3,0,3,infinity,infinity,,,15,17,0,78,1
o127,3,1,0,infinity,infinity,,,12,14,0,78,1
o127,3,1,1,infinity,infinity,,,13,15,0,78,1
o127,3,1,2,infinity,infinity,,,14,16,0,78,1
o127,3,1,3,infinity,infinity,,,15,17,0,78,1
o127,3,2,0,infinity,infinity,,,12,14,0,78,1
o127,3,2,1,infinity,infinity,,,13,15,0,78,1
o127,3,2,2,infinity,infinity,,,14,16,0,78,1
o127,3,2,3,infinity,infinity,,,15,17,0,78,1
o127,3,3,0,infinity,infinity,,,12,14,0,77,1
o127,3,3,1,infinity,infinity,,,13,15,0,77,1
o127,3,3,2,infinity,infinity,,,14,16,0,77,1
o127,3,3,3,infinity,infinity,,,15,17,0,77,1
o128,0,0,0,0,0,,,6,8,0,4,1
o128,0,0,1,1,1,,,7,9,0,5,1
o128,0,0,2,2,2,,,8,10,0,5,1
o128,0,0,3,3,3,,,9,11,0,5,1
o128,1,0,0,0,0,,,8,10,0,5,1
o128,1,0,1,1,1,,,9,11,0,6,1
o128,1,0,2,2,2,,,10,12,0,6,1
o128,1,0,3,3,3,,,11,13,0,6,1
o128,1,1,0,0,0,,,8,10,0,5,1
o128,1,1,1,1,1,,,9,11,0,6,1
o128,1,1,2,2,2,,,10,12,0,6,1
o128,1,1,3,3,3,,,11,13,0,6,1
o128,2,0,0,0,0,,,10,12,0,6,1
o128,2,0,1,1,1,,,11,13,0,7,1
o128,2,0,2,2,2,,,12,14,0,7,1
o128,2,0,3,3,3,,,13,15,0,7,1
o128,2,1,0,0,0,,,10,12,0,6,1
o128,2,1,1,1,1,,,11,13,0,7,1
o128,2,1,2,2,2,,,12,14,0,7,1
o128,2,1,3,3,3,,,13,15,0,7,1
o128,2,2,0,0,0,,,10,12,0,6,1
o128,2,2,1,1,1,,,11,13,0,7,1
o128,2,2,2,2,2,,,12,14,0,7,1
o128,2,2,3,3,3,,,13,15,0,7,1
o128,3,0,0,0,0,,,12,14,0,7,1
o128,3,0,1,1,1,,,13,15,0,8,1
o128,3,0,2,2,2,,,14,16,0,8,1
o128,3,0,3,3,3,,,15,17,0,8,1
o128,3,1,0,0,0,,,12,14,0,7,1
o128,3,1,1,1,1,,,13,15,0,8,1
o128,3,1,2,2,2,,,14,16,0,8,1
o128,3,1,3,3,3,,,15,17,0,8,1
o128,3,2,0,0,0,,,12,14,0,7,1
o128,3,2,1,1,1,,,13,15,0,8,1
o128,3,2,2,2,2,,,14,16,0,8,1
o128,3,2,3,3,3,,,15,17,0,8,1
o128,3,3,0,0,0,,,12,14,0,7,1
o128,3,3,1,1,1,,,13,15,0,8,1
o128,3,3,2,2,2,,,14,16,0,8,1
o128,3,3,3,3,3,,,15,17,0,8,1
o129,0,0,0,0,0,,,6,8,0,6,1
o129,0,0,1,1,1,,,7,9,0,6,1
o129,0,0,2,2,2,,,8,10,0,6,1
o129,0,0,3,3,3,,,9,11,0,6,1
o129,1,0,0,1,0,,,8,10,0,10,1
o129,1,0,1,1,1,,,9,11,0,8,1
o129,1,0,2,2,2,,,10,12,0,8,1
o129,1,0,3,3,3,,,11,13,0,8,1
o129,1,1,0,1,0,,,8,10,0,10,1
o129,1,1,1,1,1,,,9,11,0,7,1
o129,1,1,2,2,2,,,10,12,0,8,1
o129,1,1,3,3,3,,,11,13,0,8,1
o129,2,0,0,1,0,,,10,12,0,12,1
o129,2,0,1,1,1,,,11,13,0,9,1
o129,2,0,2,2,2,,,12,14,0,9,1
o129,2,0,3,3,3,,,13,15,0,9,1
o129,2,1,0,1,0,,,10,12,0,12,1
o129,2,1,1,1,1,,,11,13,0,8,1
o129,2,1,2,2,2,,,12,14,0,9,1
o129,2,1,3,3,3,,,13,15,0,9,1
o129,2,2,0,1,0,,,10,12,0,12,1
o129,2,2,1,1,1,,,11,13,0,9,1
o129,2,2,2,2,2,,,12,14,0,9,1
o129,2,2,3,3,3,,,13,15,0,9,1
o129,3,0,0,1,0,,,12,14,0,14,1
o129,3,0,1,1,1,,,13,15,0,10,1
o129,3,0,2,2,2,,,14,16,0,10,1
o129,3,0,3,3,3,,,15,17,0,10,1
o129,3,1,0,1,0,,,12,14,0,14,1
o129,3,1,1,1,1,,,13,15,0,9,1
o129,3,1,2,2,2,,,14,16,0,10,1
o129,3,1,3,3,3,,,15,17,0,10,1
o129,3,2,0,1,0,,,12,14,0,14,1
o129,3,2,1,1,1,,,13,15,0,10,1
o129,3,2,2,2,2,,,14,16,0,10,1
o129,3,2,3,3,3,,,15,17,0,10,1
o129,3,3,0,1,0,,,12,14,0,14,1
o129,3,3,1,1,1,,,13,15,0,10,1
o129,3,3,2,2,2,,,14,16,0,10,1
o129,3,3,3,3,3,,,15,17,0,10,1
o130,0,0,0,0,0,,,6,8,0,4,1
o130,0,0,1,1,1,,,7,9,0,5,1
o130,0,0,2,2,2,,,8,10,0,5,1
o130,0,0,3,3,3,,,9,11,0,5,1
o130,1,0,0,0,0,,,8,10,0,6,1
o130,1,0,1,1,1,,,9,11,0,7,1
o130,1,0,2,2,2,,,10,12,0,7,1
o130,1,0,3,3,3,,,11,13,0,7,1
o130,1,1,0,0,0,,,8,10,0,6,1
o130,1,1,1,1,1,,,9,11,0,7,1
o130,1,1,2,2,2,,,10,12,0,7,1
o130,1,1,3,3,3,,,11,13,0,7,1
o130,2,0,0,0,0,,,10,12,0,8,1
o130,2,0,1,1,1,,,11,13,0,9,1
o130,2,0,2,2,2,,,12,14,0,9,1
o130,2,0,3,3,3,,,13,15,0,9,1
o130,2,1,0,0,0,,,10,12,0,8,1
o130,2,1,1,1,1,,,11,13,0,9,1
o130,2,1,2,2,2,,,12,14,0,9,1
o130,2,1,3,3,3,,,13,15,0,9,1
o130,2,2,0,0,0,,,10,12,0,8,1
o130,2,2,1,1,1,,,11,13,0,9,1
o130,2,2,2,2,2,,,12,14,0,9,1
o130,2,2,3,3,3,,,13,15,0,9,1
o130,3,0,0,0,0,,,12,14,0,10,1
o130,3,0,1,1,1,,,13,15,0,11,1
o130,3,0,2,2,2,,,14,16,0,11,1
o130,3,0,3,3,3,,,15,17,0,11,1
o130,3,1,0,0,0,,,12,14,0,10,1
o130,3,1,1,1,1,,,13,15,0,11,1
o130,3,1,2,2,2,,,14,16,0,11,1
o130,3,1,3,3,3,,,15,17,0,11,1
o130,3,2,0,0,0,,,12,14,0,10,1
o130,3,2,1,1,1,,,13,15,0,11,1
o130,3,2,2,2,2,,,14,16,0,11,1
o130,3,2,3,3,3,,,15,17,0,11,1
o130,3,3,0,0,0,,,12,14,0,10,1
o130,3,3,1,1,1,,,13,15,0,11,1
o130,3,3,2,2,2,,,14,16,0,11,1
o130,3,3,3,3,3,,,15,17,0,11,1
o131,0,0,0,0,0,,,6,8,0,13,1
o131,0,0,1,1,1,,,7,9,0,15,1
o131,0,0,2,2,2,,,8,10,0,16,1
o131,0,0,3,3,3,,,9,11,0,17,1
o131,1,0,0,1,0,,,8,10,0,17,1
o131,1,0,1,1,1,,,9,11,0,19,1
o131,1,0,2,2,2,,,10,12,0,20,1
o131,1,0,3,3,3,,,11,13,0,21,1
o131,1,1,0,1,0,,,8,10,0,17,1
o131,1,1,1,1,1,,,9,11,0,19,1
o131,1,1,2,2,2,,,10,12,0,20,1
o131,1,1,3,3,3,,,11,13,0,21,1
o131,2,0,0,2,0,,,10,12,0,21,1
o131,2,0,1,2,1,,,11,13,0,23,1
o131,2,0,2,2,2,,,12,14,0,24,1
o131,2,0,3,3,3,,,13,15,0,25,1
o131,2,1,0,2,0,,,10,12,0,21,1
o131,2,1,1,2,1,,,11,13,0,23,1
o131,2,1,2,2,2,,,12,14,0,24,1
o131,2,1,3,3,3,,,13,15,0,25,1
o131,2,2,0,2,0,,,10,12,0,21,1
o131,2,2,1,2,1,,,11,13,0,23,1
o131,2,2,2,2,2,,,12,14,0,24,1
o131,2,2,3,3,3,,,13,15,0,25,1
o131,3,0,0,3,0,,,12,14,0,25,1
o131,3,0,1,3,1,,,13,15,0,27,1
o131,3,0,2,3,2,,,14,16,0,28,1
o131,3,0,3,3,3,,,15,17,0,29,1
o131,3,1,0,3,0,,,12,14,0,25,1
o131,3,1,1,3,1,,,13,15,0,27,1
o131,3,1,2,3,2,,,14,16,0,28,1
o131,3,1,3,3,3,,,15,17,0,29,1
o131,3,2,0,3,0,,,12,14,0,25,1
o131,3,2,1,3,1,,,13,15,0,27,1
o131,3,2,2,3,2,,,14,16,0,28,1
o131,3,2,3,3,3,,,15,17,0,29,1
o131,3,3,0,3,0,,,12,14,0,25,1
o131,3,3,1,3,1,,,13,15,0,27,1
o131,3,3,2,3,2,,,14,16,0,28,1
o131,3,3,3,3,3,,,15,17,0,29,1
o132,0,0,0,1,0,,,6,8,0,8,1
o132,0,0,1,1,1,,,7,9,0,5,1
o132,0,0,2,2,2,,,8,10,0,6,1
o132,0,0,3,3,3,,,9,11,0,6,1
o132,1,0,0,1,0,,,8,10,0,10,1
o132,1,0,1,1,1,,,9,11,0,6,1
o132,1,0,2,2,2,,,10,12,0,7,1
o132,1,0,3,3,3,,,11,13,0,7,1
o132,1,1,0,1,0,,,8,10,0,9,1
o132,1,1,1,1,1,,,9,11,0,7,1
o132,1,1,2,2,2,,,10,12,0,7,1
o132,1,1,3,3,3,,,11,13,0,7,1
o132,2,0,0,1,0,,,10,12,0,12,1
o132,2,0,1,1,1,,,11,13,0,7,1
o132,2,0,2,2,2,,,12,14,0,8,1
o132,2,0,3,3,3,,,13,15,0,8,1
o132,2,1,0,1,0,,,10,12,0,11,1
o132,2,1,1,1,1,,,11,13,0,8,1
o132,2,1,2,2,2,,,12,14,0,8,1
o132,2,1,3,3,3,,,13,15,0,8,1
o132,2,2,0,1,0,,,10,12,0,11,1
o132,2,2,1,1,1,,,11,13,0,8,1
o132,2,2,2,2,2,,,12,14,0,8,1
o132,2,2,3,3,3,,,13,15,0,8,1
o132,3,0,0,1,0,,,12,14,0,14,1
o132,3,0,1,1,1,,,13,15,0,8,1
o132,3,0,2,2,2,,,14,16,0,9,1
o132,3,0,3,3,3,,,15,17,0,9,1
o132,3,1,0,1,0,,,12,14,0,13,1
o132,3,1,1,1,1,,,13,15,0,9,1
o132,3,1,2,2,2,,,14,16,0,9,1
o132,3,1,3,3,3,,,15,17,0,9,1
o132,3,2,0,1,0,,,12,14,0,13,1
o132,3,2,1,1,1,,,13,15,0,9,1
o132,3,2,2,2,2,,,14,16,0,9,1
o132,3,2,3,3,3,,,15,17,0,9,1
o132,3,3,0,1,0,,,12,14,0,13,1
o132,3,3,1,1,1,,,13,15,0,9,1
o132,3,3,2,2,2,,,14,16,0,9,1
o132,3,3,3,3,3,,,15,17,0,9,1
o133,0,0,0,1,0,,,6,8,0,8,1
o133,0,0,1,1,1,,,7,9,0,5,1
o133,0,0,2,2,2,,,8,10,0,6,1
o133,0,0,3,3,3,,,9,11,0,6,1
o133,1,0,0,1,0,,,8,10,0,10,1
o133,1,0,1,1,1,,,9,11,0,7,1
o133,1,0,2,2,2,,,10,12,0,8,1
o133,1,0,3,3,3,,,11,13,0,8,1
o133,1,1,0,1,0,,,8,10,0,9,1
o133,1,1,1,1,1,,,9,11,0,7,1
o133,1,1,2,2,2,,,10,12,0,8,1
o133,1,1,3,3,3,,,11,13,0,8,1
o133,2,0,0,1,0,,,10,12,0,12,1
o133,2,0,1,1,1,,,11,13,0,8,1
o133,2,0,2,2,2,,,12,14,0,9,1
o133,2,0,3,3,3,,,13,15,0,9,1
o133,2,1,0,1,0,,,10,12,0,11,1
o133,2,1,1,1,1,,,11,13,0,8,1
o133,2,1,2,2,2,,,12,14,0,9,1
o133,2,1,3,3,3,,,13,15,0,9,1
o133,2,2,0,1,0,,,10,12,0,10,1
o133,2,2,1,1,1,,,11,13,0,9,1
o133,2,2,2,2,2,,,12,14,0,9,1
o133,2,2,3,3,3,,,13,15,0,9,1
o133,3,0,0,1,0,,,12,14,0,14,1
o133,3,0,1,1,1,,,13,15,0,9,1
o133,3,0,2,2,2,,,14,16,0,10,1
o133,3,0,3,3,3,,,15,17,0,10,1
o133,3,1,0,1,0,,,12,14,0,13,1
o133,3,1,1,1,1,,,13,15,0,9,1
o133,3,1,2,2,2,,,14,16,0,10,1
o133,3,1,3,3,3,,,15,17,0,10,1
o133,3,2,0,1,0,,,12,14,0,12,1
o133,3,2,1,1,1,,,13,15,0,10,1
o133,3,2,2,2,2,,,14,16,0,10,1
o133,3,2,3,3,3,,,15,17,0,10,1
o133,3,3,0,1,0,,,12,14,0,11,1
o133,3,3,1,1,1,,,13,15,0,10,1
o133,3,3,2,2,2,,,14,16,0,10,1
o133,3,3,3,3,3,,,15,17,0,10,1
o134,0,0,0,1,0,,,6,8,0,8,1
o134,0,0,1,1,1,,,7,9,0,5,1
o134,0,0,2,2,2,,,8,10,0,6,1
o134,0,0,3,3,3,,,9,11,0,6,1
o134,1,0,0,1,0,,,8,10,0,12,1
o134,1,0,1,1,1,,,9,11,0,7,1
o134,1,0,2,2,2,,,10,12,0,8,1
o134,1,0,3,3,3,,,11,13,0,8,1
o134,1,1,0,1,0,,,8,10,0,11,1
o134,1,1,1,1,1,,,9,11,0,8,1
o134,1,1,2,2,2,,,10,12,0,8,1
o134,1,1,3,3,3,,,11,13,0,8,1
o134,2,0,0,1,0,,,10,12,0,16,1
o134,2,0,1,1,1,,,11,13,0,9,1
o134,2,0,2,2,2,,,12,14,0,10,1
o134,2,0,3,3,3,,,13,15,0,10,1
o134,2,1,0,1,0,,,10,12,0,15,1
o134,2,1,1,1,1,,,11,13,0,10,1
o134,2,1,2,2,2,,,12,14,0,10,1
o134,2,1,3,3,3,,,13,15,0,10,1
o134,2,2,0,1,0,,,10,12,0,14,1
o134,2,2,1,1,1,,,11,13,0,10,1
o134,2,2,2,2,2,,,12,14,0,10,1
o134,2,2,3,3,3,,,13,15,0,10,1
o134,3,0,0,1,0,,,12,14,0,20,1
o134,3,0,1,1,1,,,13,15,0,11,1
o134,3,0,2,2,2,,,14,16,0,12,1
o134,3,0,3,3,3,,,15,17,0,12,1
o134,3,1,0,1,0,,,12,14,0,19,1
o134,3,1,1,1,1,,,13,15,0,12,1
o134,3,1,2,2,2,,,14,16,0,12,1
o134,3,1,3,3,3,,,15,17,0,12,1
o134,3,2,0,1,0,,,12,14,0,18,1
o134,3,2,1,1,1,,,13,15,0,12,1
o134,3,2,2,2,2,,,14,16,0,12,1
o134,3,2,3,3,3,,,15,17,0,12,1
o134,3,3,0,1,0,,,12,14,0,17,1
o134,3,3,1,1,1,,,13,15,0,12,1
o134,3,3,2,2,2,,,14,16,0,12,1
o134,3,3,3,3,3,,,15,17,0,12,1
o135,0,0,0,1,0,,,6,8,0,21,1
o135,0,0,1,1,1,,,7,9,0,22,1
o135,0,0,2,2,2,,,8,10,0,25,1
o135,0,0,3,3,3,,,9,11,0,27,1
o135,1,0,0,2,0,,,8,10,0,28,1
o135,1,0,1,2,1,,,9,11,0,29,1
o135,1,0,2,2,2,,,10,12,0,31,1
o135,1,0,3,3,3,,,11,13,0,34,1
o135,1,1,0,2,0,,,8,10,0,27,1
o135,1,1,1,2,1,,,9,11,0,30,1
o135,1,1,2,2,2,,,10,12,0,32,1
o135,1,1,3,3,3,,,11,13,0,34,1
o135,2,0,0,3,0,,,10,12,0,35,1
o135,2,0,1,3,1,,,11,13,0,36,1
o135,2,0,2,3,2,,,12,14,0,38,1
o135,2,0,3,3,3,,,13,15,0,40,1
o135,2,1,0,3,0,,,10,12,0,34,1
o135,2,1,1,3,1,,,11,13,0,37,1
o135,2,1,2,3,2,,,12,14,0,39,1
o135,2,1,3,3,3,,,13,15,0,41,1
o135,2,2,0,3,0,,,10,12,0,34,1
o135,2,2,1,3,1,,,11,13,0,37,1
o135,2,2,2,3,2,,,12,14,0,39,1
o135,2,2,3,3,3,,,13,15,0,41,1
o135,3,0,0,4,0,,,12,14,0,42,1
o135,3,0,1,4,1,,,13,15,0,43,1
o135,3,0,2,4,2,,,14,16,0,45,1
o135,3,0,3,4,3,,,15,17,0,47,1
o135,3,1,0,4,0,,,12,14,0,41,1
o135,3,1,1,4,1,,,13,15,0,44,1
o135,3,1,2,4,2,,,14,16,0,46,1
o135,3,1,3,4,3,,,15,17,0,48,1
o135,3,2,0,4,0,,,12,14,0,41,1
o135,3,2,1,4,1,,,13,15,0,44,1
o135,3,2,2,4,2,,,14,16,0,46,1
o135,3,2,3,4,3,,,15,17,0,48,1
o135,3,3,0,4,0,,,12,14,0,41,1
o135,3,3,1,4,1,,,13,15,0,44,1
o135,3,3,2,4,2,,,14,16,0,46,1
o135,3,3,3,4,3,,,15,17,0,48,1
o136,0,0,0,0,0,,,6,8,0,4,1
o136,0,0,1,1,1,,,7,9,0,4,1
o136,0,0,2,2,2,,,8,10,0,4,1
o136,0,0,3,3,3,,,9,11,0,4,1
o136,1,0,0,0,0,,,8,10,0,5,1
o136,1,0,1,1,1,,,9,11,0,5,1
o136,1,0,2,2,2,,,10,12,0,5,1
o136,1,0,3,3,3,,,11,13,0,5,1
o136,1,1,0,0,0,,,8,10,0,4,1
o136,1,1,1,1,1,,,9,11,0,5,1
o136,1,1,2,2,2,,,10,12,0,5,1
o136,1,1,3,3,3,,,11,13,0,5,1
o136,2,0,0,0,0,,,10,12,0,6,1
o136,2,0,1,1,1,,,11,13,0,6,1
o136,2,0,2,2,2,,,12,14,0,6,1
o136,2,0,3,3,3,,,13,15,0,6,1
o136,2,1,0,0,0,,,10,12,0,5,1
o136,2,1,1,1,1,,,11,13,0,6,1
o136,2,1,2,2,2,,,12,14,0,6,1
o136,2,1,3,3,3,,,13,15,0,6,1
o136,2,2,0,0,0,,,10,12,0,5,1
o136,2,2,1,1,1,,,11,13,0,6,1
o136,2,2,2,2,2,,,12,14,0,6,1
o136,2,2,3,3,3,,,13,15,0,6,1
o136,3,0,0,0,0,,,12,14,0,7,1
o136,3,0,1,1,1,,,13,15,0,7,1
o136,3,0,2,2,2,,,14,16,0,7,1
o136,3,0,3,3,3,,,15,17,0,7,1
o136,3,1,0,0,0,,,12,14,0,6,1
o136,3,1,1,1,1,,,13,15,0,7,1
o136,3,1,2,2,2,,,14,16,0,7,1
o136,3,1,3,3,3,,,15,17,0,7,1
o136,3,2,0,0,0,,,12,14,0,6,1
o136,3,2,1,1,1,,,13,15,0,7,1
o136,3,2,2,2,2,,,14,16,0,7,1
o136,3,2,3,3,3,,,15,17,0,7,1
o136,3,3,0,0,0,,,12,14,0,6,1
o136,3,3,1,1,1,,,13,15,0,7,1
o136,3,3,2,2,2,,,14,16,0,7,1
o136,3,3,3,3,3,,,15,17,0,7,1
o137,0,0,0,0,0,,,6,8,0,6,1
o137,0,0,1,1,1,,,7,9,0,5,1
o137,0,0,2,2,2,,,8,10,0,5,1
o137,0,0,3,3,3,,,9,11,0,5,1
o137,1,0,0,1,0,,,8,10,0,9,1
o137,1,0,1,1,1,,,9,11,0,7,1
o137,1,0,2,2,2,,,10,12,0,7,1
o137,1,0,3,3,3,,,11,13,0,7,1
o137,1,1,0,1,0,,,8,10,0,8,1
o137,1,1,1,1,1,,,9,11,0,5,1
o137,1,1,2,2,2,,,10,12,0,6,1
o137,1,1,3,3,3,,,11,13,0,6,1
o137,2,0,0,1,0,,,10,12,0,11,1
o137,2,0,1,1,1,,,11,13,0,8,1
o137,2,0,2,2,2,,,12,14,0,8,1
o137,2,0,3,3,3,,,13,15,0,8,1
o137,2,1,0,1,0,,,10,12,0,10,1
o137,2,1,1,1,1,,,11,13,0,6,1
o137,2,1,2,2,2,,,12,14,0,7,1
o137,2,1,3,3,3,,,13,15,0,7,1
o137,2,2,0,1,0,,,10,12,0,9,1
o137,2,2,1,1,1,,,11,13,0,7,1
o137,2,2,2,2,2,,,12,14,0,7,1
o137,2,2,3,3,3,,,13,15,0,7,1
o137,3,0,0,1,0,,,12,14,0,13,1
o137,3,0,1,1,1,,,13,15,0,9,1
o137,3,0,2,2,2,,,14,16,0,9,1
o137,3,0,3,3,3,,,15,17,0,9,1
o137,3,1,0,1,0,,,12,14,0,12,1
o137,3,1,1,1,1,,,13,15,0,7,1
o137,3,1,2,2,2,,,14,16,0,8,1
o137,3,1,3,3,3,,,15,17,0,8,1
o137,3,2,0,1,0,,,12,14,0,11,1
o137,3,2,1,1,1,,,13,15,0,8,1
o137,3,2,2,2,2,,,14,16,0,8,1
o137,3,2,3,3,3,,,15,17,0,8,1
o137,3,3,0,1,0,,,12,14,0,10,1
o137,3,3,1,1,1,,,13,15,0,8,1
o137,3,3,2,2,2,,,14,16,0,8,1
o137,3,3,3,3,3,,,15,17,0,8,1
o138,0,0,0,0,0,,,6,8,0,4,1
o138,0,0,1,1,1,,,7,9,0,4,1
o138,0,0,2,2,2,,,8,10,0,4,1
o138,0,0,3,3,3,,,9,11,0,4,1
o138,1,0,0,0,0,,,8,10,0,6,1
o138,1,0,1,1,1,,,9,11,0,6,1
o138,1,0,2,2,2,,,10,12,0,6,1
o138,1,0,3,3,3,,,11,13,0,6,1
o138,1,1,0,0,0,,,8,10,0,5,1
o138,1,1,1,1,1,,,9,11,0,5,1
o138,1,1,2,2,2,,,10,12,0,5,1
o138,1,1,3,3,3,,,11,13,0,5,1
o138,2,0,0,0,0,,,10,12,0,8,1
o138,2,0,1,1,1,,,11,13,0,8,1
o138,2,0,2,2,2,,,12,14,0,8,1
o138,2,0,3,3,3,,,13,15,0,8,1
o138,2,1,0,0,0,,,10,12,0,7,1
o138,2,1,1,1,1,,,11,13,0,7,1
o138,2,1,2,2,2,,,12,14,0,7,1
o138,2,1,3,3,3,,,13,15,0,7,1
o138,2,2,0,0,0,,,10,12,0,6,1
o138,2,2,1,1,1,,,11,13,0,6,1
o138,2,2,2,2,2,,,12,14,0,6,1
o138,2,2,3,3,3,,,13,15,0,6,1
o138,3,0,0,0,0,,,12,14,0,10,1
o138,3,0,1,1,1,,,13,15,0,10,1
o138,3,0,2,2,2,,,14,16,0,10,1
o138,3,0,3,3,3,,,15,17,0,10,1
o138,3,1,0,0,0,,,12,14,0,9,1
o138,3,1,1,1,1,,,13,15,0,9,1
o138,3,1,2,2,2,,,14,16,0,9,1
o138,3,1,3,3,3,,,15,17,0,9,1
o138,3,2,0,0,0,,,12,14,0,8,1
o138,3,2,1,1,1,,,13,15,0,8,1
o138,3,2,2,2,2,,,14,16,0,8,1
o138,3,2,3,3,3,,,15,17,0,8,1
o138,3,3,0,0,0,,,12,14,0,7,1
o138,3,3,1,1,1,,,13,15,0,7,1
o138,3,3,2,2,2,,,14,16,0,7,1
o138,3,3,3,3,3,,,15,17,0,7,1
o139,0,0,0,0,0,,,6,8,0,12,1
o139,0,0,1,1,1,,,7,9,0,13,1
o139,0,0,2,2,2,,,8,10,0,14,1
o139,0,0,3,3,3,,,9,11,0,15,1
o139,1,0,0,1,0,,,8,10,0,16,1
o139,1,0,1,1,1,,,9,11,0,17,1
o139,1,0,2,2,2,,,10,12,0,18,1
o139,1,0,3,3,3,,,11,13,0,19,1
o139,1,1,0,1,0,,,8,10,0,15,1
o139,1,1,1,1,1,,,9,11,0,16,1
o139,1,1,2,2,2,,,10,12,0,17,1
o139,1,1,3,3,3,,,11,13,0,18,1
o139,2,0,0,2,0,,,10,12,0,20,1
o139,2,0,1,2,1,,,11,13,0,21,1
o139,2,0,2,2,2,,,12,14,0,22,1
o139,2,0,3,3,3,,,13,15,0,23,1
o139,2,1,0,2,0,,,10,12,0,19,1
o139,2,1,1,2,1,,,11,13,0,20,1
o139,2,1,2,2,2,,,12,14,0,21,1
o139,2,1,3,3,3,,,13,15,0,22,1
o139,2,2,0,2,0,,,10,12,0,18,1
o139,2,2,1,2,1,,,11,13,0,19,1
o139,2,2,2,2,2,,,12,14,0,20,1
o139,2,2,3,3,3,,,13,15,0,21,1
o139,3,0,0,3,0,,,12,14,0,24,1
o139,3,0,1,3,1,,,13,15,0,25,1
o139,3,0,2,3,2,,,14,16,0,26,1
o139,3,0,3,3,3,,,15,17,0,27,1
o139,3,1,0,3,0,,,12,14,0,23,1
o139,3,1,1,3,1,,,13,15,0,24,1
o139,3,1,2,3,2,,,14,16,0,25,1
o139,3,1,3,3,3,,,15,17,0,26,1
o139,3,2,0,3,0,,,12,14,0,22,1
o139,3,2,1,3,1,,,13,15,0,23,1
o139,3,2,2,3,2,,,14,16,0,24,1
o139,3,2,3,3,3,,,15,17,0,25,1
o139,3,3,0,3,0,,,12,14,0,21,1
o139,3,3,1,3,1,,,13,15,0,22,1
o139,3,3,2,3,2,,,14,16,0,23,1
o139,3,3,3,3,3,,,15,17,0,24,1
o140,0,0,0,infinity,0,,,6,8,0,21,1
o140,0,0,1,infinity,1,,,7,9,0,23,1
o140,0,0,2,infinity,2,,,8,10,0,25,1
o140,0,0,3,infinity,3,,,9,11,0,27,1
o140,1,0,0,infinity,0,,,8,10,0,27,1
o140,1,0,1,infinity,1,,,9,11,0,29,1
o140,1,0,2,infinity,2,,,10,12,0,31,1
o140,1,0,3,infinity,3,,,11,13,0,33,1
o140,1,1,0,infinity,0,,,8,10,0,26,1
o140,1,1,1,infinity,1,,,9,11,0,29,1
o140,1,1,2,infinity,2,,,10,12,0,31,1
o140,1,1,3,infinity,3,,,11,13,0,33,1
o140,2,0,0,infinity,0,,,10,12,0,33,1
o140,2,0,1,infinity,1,,,11,13,0,35,1
o140,2,0,2,infinity,2,,,12,14,0,37,1
o140,2,0,3,infinity,3,,,13,15,0,39,1
o140,2,1,0,infinity,0,,,10,12,0,32,1
o140,2,1,1,infinity,1,,,11,13,0,35,1
o140,2,1,2,infinity,2,,,12,14,0,37,1
o140,2,1,3,infinity,3,,,13,15,0,39,1
o140,2,2,0,infinity,0,,,10,12,0,32,1
o140,2,2,1,infinity,1,,,11,13,0,35,1
o140,2,2,2,infinity,2,,,12,14,0,37,1
o140,2,2,3,infinity,3,,,13,15,0,39,1
o140,3,0,0,infinity,0,,,12,14,0,39,1
o140,3,0,1,infinity,1,,,13,15,0,41,1
o140,3,0,2,infinity,2,,,14,16,0,43,1
o140,3,0,3,infinity,3,,,15,17,0,45,1
o140,3,1,0,infinity,0,,,12,14,0,38,1
o140,3,1,1,infinity,1,,,13,15,0,41,1
o140,3,1,2,infinity,2,,,14,16,0,43,1
o140,3,1,3,infinity,3,,,15,17,0,45,1
o140,3,2,0,infinity,0,,,12,14,0,38,1
o140,3,2,1,infinity,1,,,13,15,0,41,1
o140,3,2,2,infinity,2,,,14,16,0,43,1
o140,3,2,3,infinity,3,,,15,17,0,45,1
o140,3,3,0,infinity,0,,,12,14,0,38,1
o140,3,3,1,infinity,1,,,13,15,0,41,1
o140,3,3,2,infinity,2,,,14,16,0,43,1
o140,3,3,3,infinity,3,,,15,17,0,45,1
o141,0,0,0,infinity,0,,,6,8,0,28,1
o141,0,0,1,infinity,1,,,7,9,0,31,1
o141,0,0,2,infinity,2,,,8,10,0,34,1
o141,0,0,3,infinity,3,,,9,11,0,37,1
o141,1,0,0,infinity,0,,,8,10,0,45,1
o141,1,0,1,infinity,1,,,9,11,0,49,1
o141,1,0,2,infinity,2,,,10,12,0,53,1
o141,1,0,3,infinity,3,,,11,13,0,57,1
o141,1,1,0,infinity,0,,,8,10,0,44,1
o141,1,1,1,infinity,1,,,9,11,0,47,1
o141,1,1,2,infinity,2,,,10,12,0,51,1
o141,1,1,3,infinity,3,,,11,13,0,55,1
o141,2,0,0,infinity,0,,,10,12,0,55,1
o141,2,0,1,infinity,1,,,11,13,0,59,1
o141,2,0,2,infinity,2,,,12,14,0,63,1
o141,2,0,3,infinity,3,,,13,15,0,67,1
o141,2,1,0,infinity,0,,,10,12,0,54,1
o141,2,1,1,infinity,1,,,11,13,0,57,1
o141,2,1,2,infinity,2,,,12,14,0,61,1
o141,2,1,3,infinity,3,,,13,15,0,65,1
o141,2,2,0,infinity,0,,,10,12,0,53,1
o141,2,2,1,infinity,1,,,11,13,0,58,1
o141,2,2,2,infinity,2,,,12,14,0,62,1
o141,2,2,3,infinity,3,,,13,15,0,66,1
o141,3,0,0,infinity,0,,,12,14,0,65,1
o141,3,0,1,infinity,1,,,13,15,0,69,1
o141,3,0,2,infinity,2,,,14,16,0,73,1
o141,3,0,3,infinity,3,,,15,17,0,77,1
o141,3,1,0,infinity,0,,,12,14,0,64,1
o141,3,1,1,infinity,1,,,13,15,0,67,1
o141,3,1,2,infinity,2,,,14,16,0,71,1
o141,3,1,3,infinity,3,,,15,17,0,75,1
o141,3,2,0,infinity,0,,,12,14,0,63,1
o141,3,2,1,infinity,1,,,13,15,0,68,1
o141,3,2,2,infinity,2,,,14,16,0,72,1
o141,3,2,3,infinity,3,,,15,17,0,76,1
o141,3,3,0,infinity,0,,,12,14,0,63,1
o141,3,3,1,infinity,1,,,13,15,0,68,1
o141,3,3,2,infinity,2,,,14,16,0,72,1
o141,3,3,3,infinity,3,,,15,17,0,76,1
o142,0,0,0,infinity,0,,,6,8,0,20,1
o142,0,0,1,infinity,1,,,7,9,0,22,1
o142,0,0,2,infinity,2,,,8,10,0,24,1
o142,0,0,3,infinity,3,,,9,11,0,26,1
o142,1,0,0,infinity,0,,,8,10,0,27,1
o142,1,0,1,infinity,1,,,9,11,0,29,1
o142,1,0,2,infinity,2,,,10,12,0,31,1
o142,1,0,3,infinity,3,,,11,13,0,33,1
o142,1,1,0,infinity,0,,,8,10,0,26,1
o142,1,1,1,infinity,1,,,9,11,0,28,1
o142,1,1,2,infinity,2,,,10,12,0,30,1
o142,1,1,3,infinity,3,,,11,13,0,32,1
o142,2,0,0,infinity,0,,,10,12,0,34,1
o142,2,0,1,infinity,1,,,11,13,0,36,1
o142,2,0,2,infinity,2,,,12,14,0,38,1
o142,2,0,3,infinity,3,,,13,15,0,40,1
o142,2,1,0,infinity,0,,,10,12,0,33,1
o142,2,1,1,infinity,1,,,11,13,0,35,1
o142,2,1,2,infinity,2,,,12,14,0,37,1
o142,2,1,3,infinity,3,,,13,15,0,39,1
o142,2,2,0,infinity,0,,,10,12,0,32,1
o142,2,2,1,infinity,1,,,11,13,0,34,1
o142,2,2,2,infinity,2,,,12,14,0,36,1
o142,2,2,3,infinity,3,,,13,15,0,38,1
o142,3,0,0,infinity,0,,,12,14,0,41,1
o142,3,0,1,infinity,1,,,13,15,0,43,1
o142,3,0,2,infinity,2,,,14,16,0,45,1
o142,3,0,3,infinity,3,,,15,17,0,47,1
o142,3,1,0,infinity,0,,,12,14,0,40,1
o142,3,1,1,infinity,1,,,13,15,0,42,1
o142,3,1,2,infinity,2,,,14,16,0,44,1
o142,3,1,3,infinity,3,,,15,17,0,46,1
o142,3,2,0,infinity,0,,,12,14,0,39,1
o142,3,2,1,infinity,1,,,13,15,0,41,1
o142,3,2,2,infinity,2,,,14,16,0,43,1
o142,3,2,3,infinity,3,,,15,17,0,45,1
o142,3,3,0,infinity,0,,,12,14,0,38,1
o142,3,3,1,infinity,1,,,13,15,0,40,1
o142,3,3,2,infinity,2,,,14,16,0,42,1
o142,3,3,3,infinity,3,,,15,17,0,44,1
o143,0,0,0,infinity,0,,,6,8,0,20,1
o143,0,0,1,infinity,1,,,7,9,0,22,1
o143,0,0,2,infinity,2,,,8,10,0,24,1
o143,0,0,3,infinity,3,,,9,11,0,26,1
o143,1,0,0,infinity,0,,,8,10,0,35,1
o143,1,0,1,infinity,1,,,9,11,0,38,1
o143,1,0,2,infinity,2,,,10,12,0,41,1
o143,1,0,3,infinity,3,,,11,13,0,44,1
o143,1,1,0,infinity,0,,,8,10,0,34,1
o143,1,1,1,infinity,1,,,9,11,0,37,1
o143,1,1,2,infinity,2,,,10,12,0,40,1
o143,1,1,3,infinity,3,,,11,13,0,43,1
o143,2,0,0,infinity,0,,,10,12,0,53,1
o143,2,0,1,infinity,1,,,11,13,0,57,1
o143,2,0,2,infinity,2,,,12,14,0,61,1
o143,2,0,3,infinity,3,,,13,15,0,65,1
o143,2,1,0,infinity,0,,,10,12,0,52,1
o143,2,1,1,infinity,1,,,11,13,0,56,1
o143,2,1,2,infinity,2,,,12,14,0,60,1
o143,2,1,3,infinity,3,,,13,15,0,64,1
o143,2,2,0,infinity,0,,,10,12,0,51,1
o143,2,2,1,infinity,1,,,11,13,0,55,1
o143,2,2,2,infinity,2,,,12,14,0,59,1
o143,2,2,3,infinity,3,,,13,15,0,63,1
o143,3,0,0,infinity,0,,,12,14,0,74,1
o143,3,0,1,infinity,1,,,13,15,0,79,1
o143,3,0,2,infinity,2,,,14,16,0,84,1
o143,3,0,3,infinity,3,,,15,17,0,89,1
o143,3,1,0,infinity,0,,,12,14,0,73,1
o143,3,1,1,infinity,1,,,13,15,0,78,1
o143,3,1,2,infinity,2,,,14,16,0,83,1
o143,3,1,3,infinity,3,,,15,17,0,88,1
o143,3,2,0,infinity,0,,,12,14,0,72,1
o143,3,2,1,infinity,1,,,13,15,0,77,1
o143,3,2,2,infinity,2,,,14,16,0,82,1
o143,3,2,3,infinity,3,,,15,17,0,87,1
o143,3,3,0,infinity,0,,,12,14,0,71,1
o143,3,3,1,infinity,1,,,13,15,0,76,1
o143,3,3,2,infinity,2,,,14,16,0,81,1
o143,3,3,3,infinity,3,,,15,17,0,86,1
o144,0,0,0,0,0,,,6,8,0,13,1
o144,0,0,1,1,1,,,7,9,0,15,1
o144,0,0,2,2,2,,,8,10,0,16,1
o144,0,0,3,3,3,,,9,11,0,17,1
o144,1,0,0,1,1,,,8,10,0,17,1
o144,1,0,1,2,1,,,9,11,0,20,1
o144,1,0,2,3,2,,,10,12,0,21,1
o144,1,0,3,4,3,,,11,13,0,22,1
o144,1,1,0,1,1,,,8,10,0,17,1
o144,1,1,1,1,1,,,9,11,0,18,1
o144,1,1,2,2,2,,,10,12,0,20,1
o144,1,1,3,3,3,,,11,13,0,21,1
o144,2,0,0,2,2,,,10,12,0,21,1
o144,2,0,1,3,2,,,11,13,0,25,1
o144,2,0,2,4,2,,,12,14,0,26,1
o144,2,0,3,5,3,,,13,15,0,27,1
o144,2,1,0,2,2,,,10,12,0,21,1
o144,2,1,1,2,2,,,11,13,0,22,1
o144,2,1,2,3,2,,,12,14,0,25,1
o144,2,1,3,4,3,,,13,15,0,26,1
o144,2,2,0,2,1,,,10,12,0,22,1
o144,2,2,1,2,2,,,11,13,0,22,1
o144,2,2,2,2,2,,,12,14,0,23,1
o144,2,2,3,3,3,,,13,15,0,25,1
o144,3,0,0,3,3,,,12,14,0,25,1
o144,3,0,1,4,3,,,13,15,0,30,1
o144,3,0,2,5,3,,,14,16,0,31,1
o144,3,0,3,6,3,,,15,17,0,32,1
o144,3,1,0,3,3,,,12,14,0,25,1
o144,3,1,1,3,3,,,13,15,0,26,1
o144,3,1,2,4,3,,,14,16,0,30,1
o144,3,1,3,5,3,,,15,17,0,31,1
o144,3,2,0,3,2,,,12,14,0,27,1
o144,3,2,1,3,3,,,13,15,0,26,1
o144,3,2,2,3,3,,,14,16,0,27,1
o144,3,2,3,4,3,,,15,17,0,30,1
o144,3,3,0,3,1,,,12,14,0,26,1
o144,3,3,1,3,2,,,13,15,0,27,1
o144,3,3,2,3,3,,,14,16,0,27,1
o144,3,3,3,3,3,,,15,17,0,28,1
o145,0,0,0,0,1,0,0,6,8,1,13,1
o145,0,0,1,1,1,,,7,9,0,15,1
o145,0,0,2,2,2,,,8,10,0,16,1
o145,0,0,3,3,3,,,9,11,0,17,1
o145,1,0,0,1,2,1,1,8,10,1,16,1
o145,1,0,1,2,2,,,9,11,0,19,1
o145,1,0,2,3,2,,,10,12,0,20,1
o145,1,0,3,4,3,,,11,13,0,21,1
o145,1,1,0,1,1,,,8,10,0,17,1
o145,1,1,1,1,2,1,1,9,11,1,17,1
o145,1,1,2,2,2,,,10,12,0,19,1
o145,1,1,3,3,3,,,11,13,0,20,1
o145,2,0,0,2,3,2,2,10,12,1,19,1
o145,2,0,1,3,3,,,11,13,0,23,1
o145,2,0,2,4,3,,,12,14,0,24,1
o145,2,0,3,5,3,,,13,15,0,25,1
o145,2,1,0,2,2,,,10,12,0,21,1
o145,2,1,1,2,3,2,2,11,13,1,20,1
o145,2,1,2,3,3,,,12,14,0,23,1
o145,2,1,3,4,3,,,13,15,0,24,1
o145,2,2,0,2,1,,,10,12,0,20,1
o145,2,2,1,2,2,,,11,13,0,21,1
o145,2,2,2,2,3,2,2,12,14,1,21,1
o145,2,2,3,3,3,,,13,15,0,23,1
o145,3,0,0,3,4,3,3,12,14,1,22,1
o145,3,0,1,4,4,,,13,15,0,27,1
o145,3,0,2,5,4,,,14,16,0,28,1
o145,3,0,3,6,4,,,15,17,0,29,1
o145,3,1,0,3,3,,,12,14,0,25,1
o145,3,1,1,3,4,3,3,13,15,1,23,1
o145,3,1,2,4,4,,,14,16,0,27,1
o145,3,1,3,5,4,,,15,17,0,28,1
o145,3,2,0,3,2,,,12,14,0,24,1
o145,3,2,1,3,3,,,13,15,0,25,1
o145,3,2,2,3,4,3,3,14,16,1,24,1
o145,3,2,3,4,4,,,15,17,0,27,1
o145,3,3,0,3,1,,,12,14,0,23,1
o145,3,3,1,3,2,,,13,15,0,24,1
o145,3,3,2,3,3,,,14,16,0,25,1
o145,3,3,3,3,4,3,3,15,17,1,25,1
o146,0,0,0,0,0,,,6,8,0,13,1
o146,0,0,1,1,1,,,7,9,0,15,1
o146,0,0,2,2,2,,,8,10,0,16,1
o146,0,0,3,3,3,,,9,11,0,17,1
o146,1,0,0,1,0,,,8,10,0,17,1
o146,1,0,1,2,1,,,9,11,0,20,1
o146,1,0,2,3,2,,,10,12,0,21,1
o146,1,0,3,4,3,,,11,13,0,22,1
o146,1,1,0,1,0,,,8,10,0,18,1
o146,1,1,1,1,1,,,9,11,0,18,1
o146,1,1,2,2,2,,,10,12,0,20,1
o146,1,1,3,3,3,,,11,13,0,21,1
o146,2,0,0,2,0,,,10,12,0,21,1
o146,2,0,1,3,1,,,11,13,0,25,1
o146,2,0,2,4,2,,,12,14,0,26,1
o146,2,0,3,5,3,,,13,15,0,27,1
o146,2,1,0,2,0,,,10,12,0,23,1
o146,2,1,1,2,1,,,11,13,0,22,1
o146,2,1,2,3,2,,,12,14,0,25,1
o146,2,1,3,4,3,,,13,15,0,26,1
o146,2,2,0,2,0,,,10,12,0,22,1
o146,2,2,1,2,1,,,11,13,0,23,1
o146,2,2,2,2,2,,,12,14,0,23,1
o146,2,2,3,3,3,,,13,15,0,25,1
o146,3,0,0,3,0,,,12,14,0,25,1
o146,3,0,1,4,1,,,13,15,0,30,1
o146,3,0,2,5,2,,,14,16,0,31,1
o146,3,0,3,6,3,,,15,17,0,32,1
o146,3,1,0,3,0,,,12,14,0,28,1
o146,3,1,1,3,1,,,13,15,0,26,1
o146,3,1,2,4,2,,,14,16,0,30,1
o146,3,1,3,5,3,,,15,17,0,31,1
o146,3,2,0,3,0,,,12,14,0,27,1
o146,3,2,1,3,1,,,13,15,0,28,1
o146,3,2,2,3,2,,,14,16,0,27,1
o146,3,2,3,4,3,,,15,17,0,30,1
o146,3,3,0,3,0,,,12,14,0,26,1
o146,3,3,1,3,1,,,13,15,0,27,1
o146,3,3,2,3,2,,,14,16,0,28,1
o146,3,3,3,3,3,,,15,17,0,28,1
o147,0,0,0,0,1,0,0,6,8,1,20,1
o147,0,0,1,1,1,,,7,9,0,23,1
o147,0,0,2,2,2,,,8,10,0,25,1
o147,0,0,3,3,3,,,9,11,0,27,1
o147,1,0,0,1,2,1,1,8,10,1,26,1
o147,1,0,1,2,2,,,9,11,0,30,1
o147,1,0,2,3,2,,,10,12,0,32,1
o147,1,0,3,4,3,,,11,13,0,34,1
o147,1,1,0,1,1,,,8,10,0,27,1
o147,1,1,1,1,2,1,1,9,11,1,28,1
o147,1,1,2,2,2,,,10,12,0,31,1
o147,1,1,3,3,3,,,11,13,0,33,1
o147,2,0,0,2,3,2,2,10,12,1,32,1
o147,2,0,1,3,3,,,11,13,0,37,1
o147,2,0,2,4,3,,,12,14,0,39,1
o147,2,0,3,5,3,,,13,15,0,41,1
o147,2,1,0,2,2,,,10,12,0,34,1
o147,2,1,1,2,3,2,2,11,13,1,34,1
o147,2,1,2,3,3,,,12,14,0,38,1
o147,2,1,3,4,3,,,13,15,0,40,1
o147,2,2,0,2,1,,,10,12,0,33,1
o147,2,2,1,2,2,,,11,13,0,35,1
o147,2,2,2,2,3,2,2,12,14,1,36,1
o147,2,2,3,3,3,,,13,15,0,39,1
o147,3,0,0,3,4,3,3,12,14,1,38,1
o147,3,0,1,4,4,,,13,15,0,44,1
o147,3,0,2,5,4,,,14,16,0,46,1
o147,3,0,3,6,4,,,15,17,0,48,1
o147,3,1,0,3,3,,,12,14,0,41,1
o147,3,1,1,3,4,3,3,13,15,1,40,1
o147,3,1,2,4,4,,,14,16,0,45,1
o147,3,1,3,5,4,,,15,17,0,47,1
o147,3,2,0,3,2,,,12,14,0,40,1
o147,3,2,1,3,3,,,13,15,0,42,1
o147,3,2,2,3,4,3,3,14,16,1,42,1
o147,3,2,3,4,4,,,15,17,0,46,1
o147,3,3,0,3,1,,,12,14,0,39,1
o147,3,3,1,3,2,,,13,15,0,41,1
o147,3,3,2,3,3,,,14,16,0,43,1
o147,3,3,3,3,4,3,3,15,17,1,44,1
o148,0,0,0,1,0,,,6,8,0,14,1
o148,0,0,1,1,1,,,7,9,0,14,1
o148,0,0,2,2,2,,,8,10,0,16,1
o148,0,0,3,3,3,,,9,11,0,17,1
o148,1,0,0,2,1,,,8,10,0,19,1
o148,1,0,1,2,1,,,9,11,0,18,1
o148,1,0,2,3,2,,,10,12,0,21,1
o148,1,0,3,4,3,,,11,13,0,22,1
o148,1,1,0,2,1,,,8,10,0,17,1
o148,1,1,1,2,1,,,9,11,0,19,1
o148,1,1,2,2,2,,,10,12,0,19,1
o148,1,1,3,3,3,,,11,13,0,21,1
o148,2,0,0,3,2,,,10,12,0,24,1
o148,2,0,1,3,2,,,11,13,0,22,1
o148,2,0,2,4,2,,,12,14,0,26,1
o148,2,0,3,5,3,,,13,15,0,27,1
o148,2,1,0,3,2,,,10,12,0,21,1
o148,2,1,1,3,2,,,11,13,0,24,1
o148,2,1,2,3,2,,,12,14,0,23,1
o148,2,1,3,4,3,,,13,15,0,26,1
o148,2,2,0,3,1,,,10,12,0,22,1
o148,2,2,1,3,2,,,11,13,0,22,1
o148,2,2,2,3,2,,,12,14,0,24,1
o148,2,2,3,3,3,,,13,15,0,24,1
o148,3,0,0,4,3,,,12,14,0,29,1
o148,3,0,1,4,3,,,13,15,0,26,1
o148,3,0,2,5,3,,,14,16,0,31,1
o148,3,0,3,6,3,,,15,17,0,32,1
o148,3,1,0,4,3,,,12,14,0,25,1
o148,3,1,1,4,3,,,13,15,0,29,1
o148,3,1,2,4,3,,,14,16,0,27,1
o148,3,1,3,5,3,,,15,17,0,31,1
o148,3,2,0,4,2,,,12,14,0,27,1
o148,3,2,1,4,3,,,13,15,0,26,1
o148,3,2,2,4,3,,,14,16,0,29,1
o148,3,2,3,4,3,,,15,17,0,28,1
o148,3,3,0,4,1,,,12,14,0,26,1
o148,3,3,1,4,2,,,13,15,0,27,1
o148,3,3,2,4,3,,,14,16,0,27,1
o148,3,3,3,4,3,,,15,17,0,29,1
o149,0,0,0,1,1,,,6,8,0,13,1
o149,0,0,1,1,1,,,7,9,0,13,1
o149,0,0,2,2,2,,,8,10,0,15,1
o149,0,0,3,3,3,,,9,11,0,16,1
o149,1,0,0,2,2,,,8,10,0,17,1
o149,1,0,1,2,2,,,9,11,0,17,1
o149,1,0,2,3,2,,,10,12,0,20,1
o149,1,0,3,4,3,,,11,13,0,21,1
o149,1,1,0,2,1,,,8,10,0,17,1
o149,1,1,1,2,2,,,9,11,0,17,1
o149,1,1,2,2,2,,,10,12,0,18,1
o149,1,1,3,3,3,,,11,13,0,20,1
o149,2,0,0,3,3,,,10,12,0,21,1
o149,2,0,1,3,3,,,11,13,0,21,1
o149,2,0,2,4,3,,,12,14,0,25,1
o149,2,0,3,5,3,,,13,15,0,26,1
o149,2,1,0,3,2,,,10,12,0,22,1
o149,2,1,1,3,3,,,11,13,0,21,1
o149,2,1,2,3,3,,,12,14,0,22,1
o149,2,1,3,4,3,,,13,15,0,25,1
o149,2,2,0,3,1,,,10,12,0,21,1
o149,2,2,1,3,2,,,11,13,0,22,1
o149,2,2,2,3,3,,,12,14,0,22,1
o149,2,2,3,3,3,,,13,15,0,23,1
o149,3,0,0,4,4,,,12,14,0,25,1
o149,3,0,1,4,4,,,13,15,0,25,1
o149,3,0,2,5,4,,,14,16,0,30,1
o149,3,0,3,6,4,,,15,17,0,31,1
o149,3,1,0,4,3,,,12,14,0,27,1
o149,3,1,1,4,4,,,13,15,0,25,1
o149,3,1,2,4,4,,,14,16,0,26,1
o149,3,1,3,5,4,,,15,17,0,30,1
o149,3,2,0,4,2,,,12,14,0,26,1
o149,3,2,1,4,3,,,13,15,0,27,1
o149,3,2,2,4,4,,,14,16,0,26,1
o149,3,2,3,4,4,,,15,17,0,27,1
o149,3,3,0,4,1,,,12,14,0,25,1
o149,3,3,1,4,2,,,13,15,0,26,1
o149,3,3,2,4,3,,,14,16,0,27,1
o149,3,3,3,4,4,,,15,17,0,27,1
o150,0,0,0,1,0,,,6,8,0,13,1
o150,0,0,1,1,1,,,7,9,0,13,1
o150,0,0,2,2,2,,,8,10,0,15,1
o150,0,0,3,3,3,,,9,11,0,16,1
o150,1,0,0,2,0,,,8,10,0,18,1
o150,1,0,1,2,1,,,9,11,0,17,1
o150,1,0,2,3,2,,,10,12,0,20,1
o150,1,0,3,4,3,,,11,13,0,21,1
o150,1,1,0,2,0,,,8,10,0,17,1
o150,1,1,1,2,1,,,9,11,0,18,1
o150,1,1,2,2,2,,,10,12,0,18,1
o150,1,1,3,3,3,,,11,13,0,20,1
o150,2,0,0,3,0,,,10,12,0,23,1
o150,2,0,1,3,1,,,11,13,0,21,1
o150,2,0,2,4,2,,,12,14,0,25,1
o150,2,0,3,5,3,,,13,15,0,26,1
o150,2,1,0,3,0,,,10,12,0,22,1
o150,2,1,1,3,1,,,11,13,0,23,1
o150,2,1,2,3,2,,,12,14,0,22,1
o150,2,1,3,4,3,,,13,15,0,25,1
o150,2,2,0,3,0,,,10,12,0,21,1
o150,2,2,1,3,1,,,11,13,0,22,1
o150,2,2,2,3,2,,,12,14,0,23,1
o150,2,2,3,3,3,,,13,15,0,23,1
o150,3,0,0,4,0,,,12,14,0,28,1
o150,3,0,1,4,1,,,13,15,0,25,1
o150,3,0,2,5,2,,,14,16,0,30,1
o150,3,0,3,6,3,,,15,17,0,31,1
o150,3,1,0,4,0,,,12,14,0,27,1
o150,3,1,1,4,1,,,13,15,0,28,1
o150,3,1,2,4,2,,,14,16,0,26,1
o150,3,1,3,5,3,,,15,17,0,30,1
o150,3,2,0,4,0,,,12,14,0,26,1
o150,3,2,1,4,1,,,13,15,0,27,1
o150,3,2,2,4,2,,,14,16,0,28,1
o150,3,2,3,4,3,,,15,17,0,27,1
o150,3,3,0,4,0,,,12,14,0,25,1
o150,3,3,1,4,1,,,13,15,0,26,1
o150,3,3,2,4,2,,,14,16,0,27,1
o150,3,3,3,4,3,,,15,17,0,28,1
o151,0,0,0,1,1,,,6,8,0,20,1
o151,0,0,1,1,2,1,1,7,9,1,21,1
o151,0,0,2,2,2,,,8,10,0,24,1
o151,0,0,3,3,3,,,9,11,0,26,1
o151,1,0,0,3,2,,,8,10,0,29,1
o151,1,0,1,3,3,,,9,11,0,29,1
o151,1,0,2,3,3,,,10,12,0,31,1
o151,1,0,3,4,3,,,11,13,0,35,1
o151,1,1,0,3,1,,,8,10,0,28,1
o151,1,1,1,3,2,,,9,11,0,30,1
o151,1,1,2,3,3,,,10,12,0,31,1
o151,1,1,3,3,3,,,11,13,0,33,1
o151,2,0,0,5,3,,,10,12,0,40,1
o151,2,0,1,5,4,,,11,13,0,39,1
o151,2,0,2,5,4,,,12,14,0,41,1
o151,2,0,3,5,4,,,13,15,0,43,1
o151,2,1,0,5,2,,,10,12,0,39,1
o151,2,1,1,5,3,,,11,13,0,41,1
o151,2,1,2,5,4,,,12,14,0,41,1
o151,2,1,3,5,4,,,13,15,0,43,1
o151,2,2,0,5,1,,,10,12,0,38,1
o151,2,2,1,5,2,,,11,13,0,40,1
o151,2,2,2,5,3,,,12,14,0,42,1
o151,2,2,3,5,4,,,13,15,0,43,1
o151,3,0,0,7,4,,,12,14,0,53,1
o151,3,0,1,7,5,,,13,15,0,51,1
o151,3,0,2,7,5,,,14,16,0,53,1
o151,3,0,3,7,5,,,15,17,0,55,1
o151,3,1,0,7,3,,,12,14,0,52,1
o151,3,1,1,7,4,,,13,15,0,54,1
o151,3,1,2,7,5,,,14,16,0,53,1
o151,3,1,3,7,5,,,15,17,0,55,1
o151,3,2,0,7,2,,,12,14,0,51,1
o151,3,2,1,7,3,,,13,15,0,53,1
o151,3,2,2,7,4,,,14,16,0,55,1
o151,3,2,3,7,5,,,15,17,0,55,1
o151,3,3,0,7,1,,,12,14,0,50,1
o151,3,3,1,7,2,,,13,15,0,52,1
o151,3,3,2,7,3,,,14,16,0,54,1
o151,3,3,3,7,4,,,15,17,0,56,1
o152,0,0,0,0,0,,,6,8,0,13,1
o152,0,0,1,1,1,,,7,9,0,14,1
o152,0,0,2,2,2,,,8,10,0,15,1
o152,0,0,3,3,3,,,9,11,0,16,1
o152,1,0,0,1,1,,,8,10,0,17,1
o152,1,0,1,2,1,,,9,11,0,18,1
o152,1,0,2,3,2,,,10,12,0,19,1
o152,1,0,3,4,3,,,11,13,0,20,1
o152,1,1,0,0,1,0,0,8,10,1,15,1
o152,1,1,1,1,1,,,9,11,0,17,1
o152,1,1,2,2,2,,,10,12,0,18,1
o152,1,1,3,3,3,,,11,13,0,19,1
o152,2,0,0,2,2,,,10,12,0,21,1
o152,2,0,1,3,2,,,11,13,0,22,1
o152,2,0,2,4,2,,,12,14,0,23,1
o152,2,0,3,5,3,,,13,15,0,24,1
o152,2,1,0,1,2,1,1,10,12,1,18,1
o152,2,1,1,2,2,,,11,13,0,21,1
o152,2,1,2,3,2,,,12,14,0,22,1
o152,2,1,3,4,3,,,13,15,0,23,1
o152,2,2,0,1,1,,,10,12,0,19,1
o152,2,2,1,1,2,1,1,11,13,1,19,1
o152,2,2,2,2,2,,,12,14,0,21,1
o152,2,2,3,3,3,,,13,15,0,22,1
o152,3,0,0,3,3,,,12,14,0,25,1
o152,3,0,1,4,3,,,13,15,0,26,1
o152,3,0,2,5,3,,,14,16,0,27,1
o152,3,0,3,6,3,,,15,17,0,28,1
o152,3,1,0,2,3,2,2,12,14,1,21,1
o152,3,1,1,3,3,,,13,15,0,25,1
o152,3,1,2,4,3,,,14,16,0,26,1
o152,3,1,3,5,3,,,15,17,0,27,1
o152,3,2,0,2,2,,,12,14,0,23,1
o152,3,2,1,2,3,2,2,13,15,1,22,1
o152,3,2,2,3,3,,,14,16,0,25,1
o152,3,2,3,4,3,,,15,17,0,26,1
o152,3,3,0,2,1,,,12,14,0,22,1
o152,3,3,1,2,2,,,13,15,0,23,1
o152,3,3,2,2,3,2,2,14,16,1,23,1
o152,3,3,3,3,3,,,15,17,0,25,1
o153,0,0,0,0,1,0,0,6,8,1,12,1
o153,0,0,1,1,1,,,7,9,0,13,1
o153,0,0,2,2,2,,,8,10,0,14,1
o153,0,0,3,3,3,,,9,11,0,15,1
o153,1,0,0,1,2,1,1,8,10,1,15,1
o153,1,0,1,2,2,,,9,11,0,17,1
o153,1,0,2,3,2,,,10,12,0,18,1
o153,1,0,3,4,3,,,11,13,0,19,1
o153,1,1,0,1,1,,,8,10,0,15,1
o153,1,1,1,1,2,1,1,9,11,1,15,1
o153,1,1,2,2,2,,,10,12,0,17,1
o153,1,1,3,3,3,,,11,13,0,18,1
o153,2,0,0,2,3,2,2,10,12,1,18,1
o153,2,0,1,3,3,,,11,13,0,21,1
o153,2,0,2,4,3,,,12,14,0,22,1
o153,2,0,3,5,3,,,13,15,0,23,1
o153,2,1,0,2,2,,,10,12,0,19,1
o153,2,1,1,2,3,2,2,11,13,1,18,1
o153,2,1,2,3,3,,,12,14,0,21,1
o153,2,1,3,4,3,,,13,15,0,22,1
o153,2,2,0,2,1,,,10,12,0,18,1
o153,2,2,1,2,2,,,11,13,0,19,1
o153,2,2,2,2,3,2,2,12,14,1,19,1
o153,2,2,3,3,3,,,13,15,0,21,1
o153,3,0,0,3,4,3,3,12,14,1,21,1
o153,3,0,1,4,4,,,13,15,0,25,1
o153,3,0,2,5,4,,,14,16,0,26,1
o153,3,0,3,6,4,,,15,17,0,27,1
o153,3,1,0,3,3,,,12,14,0,23,1
o153,3,1,1,3,4,3,3,13,15,1,21,1
o153,3,1,2,4,4,,,14,16,0,25,1
o153,3,1,3,5,4,,,15,17,0,26,1
o153,3,2,0,3,2,,,12,14,0,22,1
o153,3,2,1,3,3,,,13,15,0,23,1
o153,3,2,2,3,4,3,3,14,16,1,22,1
o153,3,2,3,4,4,,,15,17,0,25,1
o153,3,3,0,3,1,,,12,14,0,21,1
o153,3,3,1,3,2,,,13,15,0,22,1
o153,3,3,2,3,3,,,14,16,0,23,1
o153,3,3,3,3,4,3,3,15,17,1,23,1
o154,0,0,0,0,0,,,6,8,0,12,1
o154,0,0,1,1,1,,,7,9,0,12,1
o154,0,0,2,2,2,,,8,10,0,12,1
o154,0,0,3,3,3,,,9,11,0,12,1
o154,1,0,0,1,0,,,8,10,0,15,1
o154,1,0,1,2,1,,,9,11,0,15,1
o154,1,0,2,3,2,,,10,12,0,15,1
o154,1,0,3,4,3,,,11,13,0,15,1
o154,1,1,0,0,0,,,8,10,0,15,1
o154,1,1,1,1,1,,,9,11,0,15,1
o154,1,1,2,2,2,,,10,12,0,15,1
o154,1,1,3,3,3,,,11,13,0,15,1
o154,2,0,0,2,0,,,10,12,0,18,1
o154,2,0,1,3,1,,,11,13,0,18,1
o154,2,0,2,4,2,,,12,14,0,18,1
o154,2,0,3,5,3,,,13,15,0,18,1
o154,2,1,0,1,0,,,10,12,0,18,1
o154,2,1,1,2,1,,,11,13,0,18,1
o154,2,1,2,3,2,,,12,14,0,18,1
o154,2,1,3,4,3,,,13,15,0,18,1
o154,2,2,0,0,0,,,10,12,0,18,1
o154,2,2,1,1,1,,,11,13,0,18,1
o154,2,2,2,2,2,,,12,14,0,18,1
o154,2,2,3,3,3,,,13,15,0,18,1
o154,3,0,0,3,0,,,12,14,0,21,1
o154,3,0,1,4,1,,,13,15,0,21,1
o154,3,0,2,5,2,,,14,16,0,21,1
o154,3,0,3,6,3,,,15,17,0,21,1
o154,3,1,0,2,0,,,12,14,0,21,1
o154,3,1,1,3,1,,,13,15,0,21,1
o154,3,1,2,4,2,,,14,16,0,21,1
o154,3,1,3,5,3,,,15,17,0,21,1
o154,3,2,0,1,0,,,12,14,0,21,1
o154,3,2,1,2,1,,,13,15,0,21,1
o154,3,2,2,3,2,,,14,16,0,21,1
o154,3,2,3,4,3,,,15,17,0,21,1
o154,3,3,0,0,0,,,12,14,0,21,1
o154,3,3,1,1,1,,,13,15,0,21,1
o154,3,3,2,2,2,,,14,16,0,21,1
o154,3,3,3,3,3,,,15,17,0,21,1
o155,0,0,0,0,1,0,0,6,8,1,19,1
o155,0,0,1,1,1,,,7,9,0,20,1
o155,0,0,2,2,2,,,8,10,0,21,1
o155,0,0,3,3,3,,,9,11,0,22,1
o155,1,0,0,1,2,1,1,8,10,1,24,1
o155,1,0,1,2,2,,,9,11,0,25,1
o155,1,0,2,3,2,,,10,12,0,26,1
o155,1,0,3,4,3,,,11,13,0,27,1
o155,1,1,0,1,1,,,8,10,0,24,1
o155,1,1,1,1,2,1,1,9,11,1,25,1
o155,1,1,2,2,2,,,10,12,0,26,1
o155,1,1,3,3,3,,,11,13,0,27,1
o155,2,0,0,2,3,2,2,10,12,1,29,1
o155,2,0,1,3,3,,,11,13,0,30,1
o155,2,0,2,4,3,,,12,14,0,31,1
o155,2,0,3,5,3,,,13,15,0,32,1
o155,2,1,0,2,2,,,10,12,0,29,1
o155,2,1,1,2,3,2,2,11,13,1,30,1
o155,2,1,2,3,3,,,12,14,0,31,1
o155,2,1,3,4,3,,,13,15,0,32,1
o155,2,2,0,2,1,,,10,12,0,29,1
o155,2,2,1,2,2,,,11,13,0,30,1
o155,2,2,2,2,3,2,2,12,14,1,31,1
o155,2,2,3,3,3,,,13,15,0,32,1
o155,3,0,0,3,4,3,3,12,14,1,34,1
o155,3,0,1,4,4,,,13,15,0,35,1
o155,3,0,2,5,4,,,14,16,0,36,1
o155,3,0,3,6,4,,,15,17,0,37,1
o155,3,1,0,3,3,,,12,14,0,34,1
o155,3,1,1,3,4,3,3,13,15,1,35,1
o155,3,1,2,4,4,,,14,16,0,36,1
o155,3,1,3,5,4,,,15,17,0,37,1
o155,3,2,0,3,2,,,12,14,0,34,1
o155,3,2,1,3,3,,,13,15,0,35,1
o155,3,2,2,3,4,3,3,14,16,1,36,1
o155,3,2,3,4,4,,,15,17,0,37,1
o155,3,3,0,3,1,,,12,14,0,34,1
o155,3,3,1,3,2,,,13,15,0,35,1
o155,3,3,2,3,3,,,14,16,0,36,1
o155,3,3,3,3,4,3,3,15,17,1,37,1
o156,0,0,0,infinity,0,,,6,8,0,28,1
o156,0,0,1,infinity,1,,,7,9,0,31,1
o156,0,0,2,infinity,2,,,8,10,0,34,1
o156,0,0,3,infinity,3,,,9,11,0,37,1
o156,1,0,0,infinity,1,,,8,10,0,37,1
o156,1,0,1,infinity,1,,,9,11,0,40,1
o156,1,0,2,infinity,2,,,10,12,0,43,1
o156,1,0,3,infinity,3,,,11,13,0,46,1
o156,1,1,0,infinity,1,,,8,10,0,35,1
o156,1,1,1,infinity,1,,,9,11,0,39,1
o156,1,1,2,infinity,2,,,10,12,0,42,1
o156,1,1,3,infinity,3,,,11,13,0,45,1
o156,2,0,0,infinity,2,,,10,12,0,46,1
o156,2,0,1,infinity,2,,,11,13,0,49,1
o156,2,0,2,infinity,2,,,12,14,0,52,1
o156,2,0,3,infinity,3,,,13,15,0,55,1
o156,2,1,0,infinity,2,,,10,12,0,43,1
o156,2,1,1,infinity,2,,,11,13,0,48,1
o156,2,1,2,infinity,2,,,12,14,0,51,1
o156,2,1,3,infinity,3,,,13,15,0,54,1
o156,2,2,0,infinity,1,,,10,12,0,44,1
o156,2,2,1,infinity,2,,,11,13,0,46,1
o156,2,2,2,infinity,2,,,12,14,0,50,1
o156,2,2,3,infinity,3,,,13,15,0,53,1
o156,3,0,0,infinity,3,,,12,14,0,55,1
o156,3,0,1,infinity,3,,,13,15,0,58,1
o156,3,0,2,infinity,3,,,14,16,0,61,1
o156,3,0,3,infinity,3,,,15,17,0,64,1
o156,3,1,0,infinity,3,,,12,14,0,51,1
o156,3,1,1,infinity,3,,,13,15,0,57,1
o156,3,1,2,infinity,3,,,14,16,0,60,1
o156,3,1,3,infinity,3,,,15,17,0,63,1
o156,3,2,0,infinity,2,,,12,14,0,53,1
o156,3,2,1,infinity,3,,,13,15,0,54,1
o156,3,2,2,infinity,3,,,14,16,0,59,1
o156,3,2,3,infinity,3,,,15,17,0,62,1
o156,3,3,0,infinity,1,,,12,14,0,52,1
o156,3,3,1,infinity,2,,,13,15,0,55,1
o156,3,3,2,infinity,3,,,14,16,0,57,1
o156,3,3,3,infinity,3,,,15,17,0,61,1
o157,0,0,0,infinity,1,,,6,8,0,27,1
o157,0,0,1,infinity,1,,,7,9,0,30,1
o157,0,0,2,infinity,2,,,8,10,0,33,1
o157,0,0,3,infinity,3,,,9,11,0,36,1
o157,1,0,0,infinity,2,,,8,10,0,43,1
o157,1,0,1,infinity,2,,,9,11,0,47,1
o157,1,0,2,infinity,2,,,10,12,0,51,1
o157,1,0,3,infinity,3,,,11,13,0,55,1
o157,1,1,0,infinity,1,,,8,10,0,43,1
o157,1,1,1,infinity,2,,,9,11,0,46,1
o157,1,1,2,infinity,2,,,10,12,0,50,1
o157,1,1,3,infinity,3,,,11,13,0,54,1
o157,2,0,0,infinity,3,,,10,12,0,62,1
o157,2,0,1,infinity,3,,,11,13,0,67,1
o157,2,0,2,infinity,3,,,12,14,0,72,1
o157,2,0,3,infinity,3,,,13,15,0,77,1
o157,2,1,0,infinity,2,,,10,12,0,63,1
o157,2,1,1,infinity,3,,,11,13,0,66,1
o157,2,1,2,infinity,3,,,12,14,0,71,1
o157,2,1,3,infinity,3,,,13,15,0,76,1
o157,2,2,0,infinity,1,,,10,12,0,62,1
o157,2,2,1,infinity,2,,,11,13,0,67,1
o157,2,2,2,infinity,3,,,12,14,0,71,1
o157,2,2,3,infinity,3,,,13,15,0,76,1
o157,3,0,0,infinity,4,,,12,14,0,84,1
o157,3,0,1,infinity,4,,,13,15,0,90,1
o157,3,0,2,infinity,4,,,14,16,0,96,1
o157,3,0,3,infinity,4,,,15,17,0,102,1
o157,3,1,0,infinity,3,,,12,14,0,86,1
o157,3,1,1,infinity,4,,,13,15,0,89,1
o157,3,1,2,infinity,4,,,14,16,0,95,1
o157,3,1,3,infinity,4,,,15,17,0,101,1
o157,3,2,0,infinity,2,,,12,14,0,85,1
o157,3,2,1,infinity,3,,,13,15,0,91,1
o157,3,2,2,infinity,4,,,14,16,0,95,1
o157,3,2,3,infinity,4,,,15,17,0,101,1
o157,3,3,0,infinity,1,,,12,14,0,84,1
o157,3,3,1,infinity,2,,,13,15,0,90,1
o157,3,3,2,infinity,3,,,14,16,0,96,1
o157,3,3,3,infinity,4,,,15,17,0,101,1
o158,0,0,0,infinity,0,,,6,8,0,27,1
o158,0,0,1,infinity,1,,,7,9,0,29,1
o158,0,0,2,infinity,2,,,8,10,0,31,1
o158,0,0,3,infinity,3,,,9,11,0,33,1
o158,1,0,0,infinity,0,,,8,10,0,35,1
o158,1,0,1,infinity,1,,,9,11,0,37,1
o158,1,0,2,infinity,2,,,10,12,0,39,1
o158,1,0,3,infinity,3,,,11,13,0,41,1
o158,1,1,0,infinity,0,,,8,10,0,35,1
o158,1,1,1,infinity,1,,,9,11,0,37,1
o158,1,1,2,infinity,2,,,10,12,0,39,1
o158,1,1,3,infinity,3,,,11,13,0,41,1
o158,2,0,0,infinity,0,,,10,12,0,43,1
o158,2,0,1,infinity,1,,,11,13,0,45,1
o158,2,0,2,infinity,2,,,12,14,0,47,1
o158,2,0,3,infinity,3,,,13,15,0,49,1
o158,2,1,0,infinity,0,,,10,12,0,43,1
o158,2,1,1,infinity,1,,,11,13,0,45,1
o158,2,1,2,infinity,2,,,12,14,0,47,1
o158,2,1,3,infinity,3,,,13,15,0,49,1
o158,2,2,0,infinity,0,,,10,12,0,43,1
o158,2,2,1,infinity,1,,,11,13,0,45,1
o158,2,2,2,infinity,2,,,12,14,0,47,1
o158,2,2,3,infinity,3,,,13,15,0,49,1
o158,3,0,0,infinity,0,,,12,14,0,51,1
o158,3,0,1,infinity,1,,,13,15,0,53,1
o158,3,0,2,infinity,2,,,14,16,0,55,1
o158,3,0,3,infinity,3,,,15,17,0,57,1
o158,3,1,0,infinity,0,,,12,14,0,51,1
o158,3,1,1,infinity,1,,,13,15,0,53,1
o158,3,1,2,infinity,2,,,14,16,0,55,1
o158,3,1,3,infinity,3,,,15,17,0,57,1
o158,3,2,0,infinity,0,,,12,14,0,51,1
o158,3,2,1,infinity,1,,,13,15,0,53,1
o158,3,2,2,infinity,2,,,14,16,0,55,1
o158,3,2,3,infinity,3,,,15,17,0,57,1
o158,3,3,0,infinity,0,,,12,14,0,51,1
o158,3,3,1,infinity,1,,,13,15,0,53,1
o158,3,3,2,infinity,2,,,14,16,0,55,1
o158,3,3,3,infinity,3,,,15,17,0,57,1
o159,0,0,0,infinity,infinity,,,6,8,0,27,1
o159,0,0,1,infinity,infinity,,,7,9,0,29,1
o159,0,0,2,infinity,infinity,,,8,10,0,31,1
o159,0,0,3,infinity,infinity,,,9,11,0,33,1
o159,1,0,0,infinity,infinity,,,8,10,0,43,1
o159,1,0,1,infinity,infinity,,,9,11,0,46,1
o159,1,0,2,infinity,infinity,,,10,12,0,49,1
o159,1,0,3,infinity,infinity,,,11,13,0,52,1
o159,1,1,0,infinity,infinity,,,8,10,0,43,1
o159,1,1,1,infinity,infinity,,,9,11,0,46,1
o159,1,1,2,infinity,infinity,,,10,12,0,49,1
o159,1,1,3,infinity,infinity,,,11,13,0,52,1
o159,2,0,0,infinity,infinity,,,10,12,0,62,1
o159,2,0,1,infinity,infinity,,,11,13,0,66,1
o159,2,0,2,infinity,infinity,,,12,14,0,70,1
o159,2,0,3,infinity,infinity,,,13,15,0,74,1
o159,2,1,0,infinity,infinity,,,10,12,0,62,1
o159,2,1,1,infinity,infinity,,,11,13,0,66,1
o159,2,1,2,infinity,infinity,,,12,14,0,70,1
o159,2,1,3,infinity,infinity,,,13,15,0,74,1
o159,2,2,0,infinity,infinity,,,10,12,0,62,1
o159,2,2,1,infinity,infinity,,,11,13,0,66,1
o159,2,2,2,infinity,infinity,,,12,14,0,70,1
o159,2,2,3,infinity,infinity,,,13,15,0,74,1
o159,3,0,0,infinity,infinity,,,12,14,0,84,1
o159,3,0,1,infinity,infinity,,,13,15,0,89,1
o159,3,0,2,infinity,infinity,,,14,16,0,94,1
o159,3,0,3,infinity,infinity,,,15,17,0,99,1
o159,3,1,0,infinity,infinity,,,12,14,0,84,1
o159,3,1,1,infinity,infinity,,,13,15,0,89,1
o159,3,1,2,infinity,infinity,,,14,16,0,94,1
o159,3,1,3,infinity,infinity,,,15,17,0,99,1
o159,3,2,0,infinity,infinity,,,12,14,0,84,1
o159,3,2,1,infinity,infinity,,,13,15,0,89,1
o159,3,2,2,infinity,infinity,,,14,16,0,94,1
o159,3,2,3,infinity,infinity,,,15,17,0,99,1
o159,3,3,0,infinity,infinity,,,12,14,0,84,1
o159,3,3,1,infinity,infinity,,,13,15,0,89,1
o159,3,3,2,infinity,infinity,,,14,16,0,94,1
o159,3,3,3,infinity,infinity,,,15,17,0,99,1
o160,0,0,0,0,0,,,6,8,0,4,1
o160,0,0,1,1,1,,,7,9,0,5,1
o160,0,0,2,2,2,,,8,10,0,5,1
o160,0,0,3,3,3,,,9,11,0,5,1
o160,1,0,0,0,0,,,8,10,0,6,1
o160,1,0,1,1,1,,,9,11,0,7,1
o160,1,0,2,2,2,,,10,12,0,7,1
o160,1,0,3,3,3,,,11,13,0,7,1
o160,1,1,0,0,0,,,8,10,0,6,1
o160,1,1,1,1,1,,,9,11,0,7,1
o160,1,1,2,2,2,,,10,12,0,7,1
o160,1,1,3,3,3,,,11,13,0,7,1
o160,2,0,0,0,0,,,10,12,0,8,1
o160,2,0,1,1,1,,,11,13,0,9,1
o160,2,0,2,2,2,,,12,14,0,9,1
o160,2,0,3,3,3,,,13,15,0,9,1
o160,2,1,0,0,0,,,10,12,0,8,1
o160,2,1,1,1,1,,,11,13,0,9,1
o160,2,1,2,2,2,,,12,14,0,9,1
o160,2,1,3,3,3,,,13,15,0,9,1
o160,2,2,0,0,0,,,10,12,0,8,1
o160,2,2,1,1,1,,,11,13,0,9,1
o160,2,2,2,2,2,,,12,14,0,9,1
o160,2,2,3,3,3,,,13,15,0,9,1
o160,3,0,0,0,0,,,12,14,0,10,1
o160,3,0,1,1,1,,,13,15,0,11,1
o160,3,0,2,2,2,,,14,16,0,11,1
o160,3,0,3,3,3,,,15,17,0,11,1
o160,3,1,0,0,0,,,12,14,0,10,1
o160,3,1,1,1,1,,,13,15,0,11,1
o160,3,1,2,2,2,,,14,16,0,11,1
o160,3,1,3,3,3,,,15,17,0,11,1
o160,3,2,0,0,0,,,12,14,0,10,1
o160,3,2,1,1,1,,,13,15,0,11,1
o160,3,2,2,2,2,,,14,16,0,11,1
o160,3,2,3,3,3,,,15,17,0,11,1
o160,3,3,0,0,0,,,12,14,0,10,1
o160,3,3,1,1,1,,,13,15,0,11,1
o160,3,3,2,2,2,,,14,16,0,11,1
o160,3,3,3,3,3,,,15,17,0,11,1
o161,0,0,0,0,0,,,6,8,0,6,1
o161,0,0,1,1,1,,,7,9,0,6,1
o161,0,0,2,2,2,,,8,10,0,6,1
o161,0,0,3,3,3,,,9,11,0,6,1
o161,1,0,0,1,1,,,8,10,0,9,1
o161,1,0,1,1,1,,,9,11,0,8,1
o161,1,0,2,2,2,,,10,12,0,8,1
o161,1,0,3,3,3,,,11,13,0,8,1
o161,1,1,0,1,0,,,8,10,0,12,1
o161,1,1,1,1,1,,,9,11,0,7,1
o161,1,1,2,2,2,,,10,12,0,8,1
o161,1,1,3,3,3,,,11,13,0,8,1
o161,2,0,0,1,1,,,10,12,0,11,1
o161,2,0,1,1,1,,,11,13,0,10,1
o161,2,0,2,2,2,,,12,14,0,10,1
o161,2,0,3,3,3,,,13,15,0,10,1
o161,2,1,0,1,1,,,10,12,0,13,1
o161,2,1,1,1,1,,,11,13,0,9,1
o161,2,1,2,2,2,,,12,14,0,10,1
o161,2,1,3,3,3,,,13,15,0,10,1
o161,2,2,0,1,0,,,10,12,0,14,1
o161,2,2,1,1,1,,,11,13,0,9,1
o161,2,2,2,2,2,,,12,14,0,10,1
o161,2,2,3,3,3,,,13,15,0,10,1
o161,3,0,0,1,1,,,12,14,0,13,1
o161,3,0,1,1,1,,,13,15,0,12,1
o161,3,0,2,2,2,,,14,16,0,12,1
o161,3,0,3,3,3,,,15,17,0,12,1
o161,3,1,0,1,1,,,12,14,0,15,1
o161,3,1,1,1,1,,,13,15,0,11,1
o161,3,1,2,2,2,,,14,16,0,12,1
o161,3,1,3,3,3,,,15,17,0,12,1
o161,3,2,0,1,1,,,12,14,0,15,1
o161,3,2,1,1,1,,,13,15,0,11,1
o161,3,2,2,2,2,,,14,16,0,12,1
o161,3,2,3,3,3,,,15,17,0,12,1
o161,3,3,0,1,0,,,12,14,0,16,1
o161,3,3,1,1,1,,,13,15,0,11,1
o161,3,3,2,2,2,,,14,16,0,12,1
o161,3,3,3,3,3,,,15,17,0,12,1
o162,0,0,0,0,0,,,6,8,0,4,1
o162,0,0,1,1,1,,,7,9,0,5,1
o162,0,0,2,2,2,,,8,10,0,5,1
o162,0,0,3,3,3,,,9,11,0,5,1
o162,1,0,0,0,0,,,8,10,0,5,1
o162,1,0,1,1,1,,,9,11,0,6,1
o162,1,0,2,2,2,,,10,12,0,6,1
o162,1,0,3,3,3,,,11,13,0,6,1
o162,1,1,0,0,0,,,8,10,0,6,1
o162,1,1,1,1,1,,,9,11,0,6,1
o162,1,1,2,2,2,,,10,12,0,6,1
o162,1,1,3,3,3,,,11,13,0,6,1
o162,2,0,0,0,0,,,10,12,0,6,1
o162,2,0,1,1,1,,,11,13,0,7,1
o162,2,0,2,2,2,,,12,14,0,7,1
o162,2,0,3,3,3,,,13,15,0,7,1
o162,2,1,0,0,0,,,10,12,0,7,1
o162,2,1,1,1,1,,,11,13,0,7,1
o162,2,1,2,2,2,,,12,14,0,7,1
o162,2,1,3,3,3,,,13,15,0,7,1
o162,2,2,0,0,0,,,10,12,0,7,1
o162,2,2,1,1,1,,,11,13,0,7,1
o162,2,2,2,2,2,,,12,14,0,7,1
o162,2,2,3,3,3,,,13,15,0,7,1
o162,3,0,0,0,0,,,12,14,0,7,1
o162,3,0,1,1,1,,,13,15,0,8,1
o162,3,0,2,2,2,,,14,16,0,8,1
o162,3,0,3,3,3,,,15,17,0,8,1
o162,3,1,0,0,0,,,12,14,0,8,1
o162,3,1,1,1,1,,,13,15,0,8,1
o162,3,1,2,2,2,,,14,16,0,8,1
o162,3,1,3,3,3,,,15,17,0,8,1
o162,3,2,0,0,0,,,12,14,0,8,1
o162,3,2,1,1,1,,,13,15,0,8,1
o162,3,2,2,2,2,,,14,16,0,8,1
o162,3,2,3,3,3,,,15,17,0,8,1
o162,3,3,0,0,0,,,12,14,0,8,1
o162,3,3,1,1,1,,,13,15,0,8,1
o162,3,3,2,2,2,,,14,16,0,8,1
o162,3,3,3,3,3,,,15,17,0,8,1
o163,0,0,0,0,0,,,6,8,0,13,1
o163,0,0,1,1,1,,,7,9,0,15,1
o163,0,0,2,2,2,,,8,10,0,16,1
o163,0,0,3,3,3,,,9,11,0,17,1
o163,1,0,0,1,1,,,8,10,0,17,1
o163,1,0,1,1,1,,,9,11,0,19,1
o163,1,0,2,2,2,,,10,12,0,20,1
o163,1,0,3,3,3,,,11,13,0,21,1
o163,1,1,0,1,0,,,8,10,0,18,1
o163,1,1,1,1,1,,,9,11,0,19,1
o163,1,1,2,2,2,,,10,12,0,20,1
o163,1,1,3,3,3,,,11,13,0,21,1
o163,2,0,0,2,2,,,10,12,0,21,1
o163,2,0,1,2,2,,,11,13,0,23,1
o163,2,0,2,2,2,,,12,14,0,24,1
o163,2,0,3,3,3,,,13,15,0,25,1
o163,2,1,0,2,1,,,10,12,0,23,1
o163,2,1,1,2,1,,,11,13,0,24,1
o163,2,1,2,2,2,,,12,14,0,25,1
o163,2,1,3,3,3,,,13,15,0,26,1
o163,2,2,0,2,0,,,10,12,0,22,1
o163,2,2,1,2,1,,,11,13,0,23,1
o163,2,2,2,2,2,,,12,14,0,24,1
o163,2,2,3,3,3,,,13,15,0,25,1
o163,3,0,0,3,3,,,12,14,0,25,1
o163,3,0,1,3,3,,,13,15,0,27,1
o163,3,0,2,3,3,,,14,16,0,28,1
o163,3,0,3,3,3,,,15,17,0,29,1
o163,3,1,0,3,2,,,12,14,0,28,1
o163,3,1,1,3,2,,,13,15,0,29,1
o163,3,1,2,3,2,,,14,16,0,30,1
o163,3,1,3,3,3,,,15,17,0,31,1
o163,3,2,0,3,1,,,12,14,0,27,1
o163,3,2,1,3,1,,,13,15,0,28,1
o163,3,2,2,3,2,,,14,16,0,29,1
o163,3,2,3,3,3,,,15,17,0,30,1
o163,3,3,0,3,0,,,12,14,0,26,1
o163,3,3,1,3,1,,,13,15,0,27,1
o163,3,3,2,3,2,,,14,16,0,28,1
o163,3,3,3,3,3,,,15,17,0,29,1
o164,0,0,0,1,0,,,6,8,0,8,1
o164,0,0,1,1,1,,,7,9,0,5,1
o164,0,0,2,2,2,,,8,10,0,6,1
o164,0,0,3,3,3,,,9,11,0,6,1
o164,1,0,0,1,0,,,8,10,0,12,1
o164,1,0,1,1,1,,,9,11,0,7,1
o164,1,0,2,2,2,,,10,12,0,8,1
o164,1,0,3,3,3,,,11,13,0,8,1
o164,1,1,0,1,0,,,8,10,0,10,1
o164,1,1,1,1,1,,,9,11,0,8,1
o164,1,1,2,2,2,,,10,12,0,8,1
o164,1,1,3,3,3,,,11,13,0,8,1
o164,2,0,0,1,0,,,10,12,0,16,1
o164,2,0,1,1,1,,,11,13,0,9,1
o164,2,0,2,2,2,,,12,14,0,10,1
o164,2,0,3,3,3,,,13,15,0,10,1
o164,2,1,0,1,0,,,10,12,0,13,1
o164,2,1,1,1,1,,,11,13,0,10,1
o164,2,1,2,2,2,,,12,14,0,10,1
o164,2,1,3,3,3,,,13,15,0,10,1
o164,2,2,0,1,0,,,10,12,0,14,1
o164,2,2,1,1,1,,,11,13,0,10,1
o164,2,2,2,2,2,,,12,14,0,10,1
o164,2,2,3,3,3,,,13,15,0,10,1
o164,3,0,0,1,0,,,12,14,0,20,1
o164,3,0,1,1,1,,,13,15,0,11,1
o164,3,0,2,2,2,,,14,16,0,12,1
o164,3,0,3,3,3,,,15,17,0,12,1
o164,3,1,0,1,0,,,12,14,0,16,1
o164,3,1,1,1,1,,,13,15,0,12,1
o164,3,1,2,2,2,,,14,16,0,12,1
o164,3,1,3,3,3,,,15,17,0,12,1
o164,3,2,0,1,0,,,12,14,0,18,1
o164,3,2,1,1,1,,,13,15,0,12,1
o164,3,2,2,2,2,,,14,16,0,12,1
o164,3,2,3,3,3,,,15,17,0,12,1
o164,3,3,0,1,0,,,12,14,0,16,1
o164,3,3,1,1,1,,,13,15,0,12,1
o164,3,3,2,2,2,,,14,16,0,12,1
o164,3,3,3,3,3,,,15,17,0,12,1
o165,0,0,0,1,1,,,6,8,0,7,1
o165,0,0,1,1,1,,,7,9,0,4,1
o165,0,0,2,2,2,,,8,10,0,5,1
o165,0,0,3,3,3,,,9,11,0,5,1
o165,1,0,0,1,1,,,8,10,0,9,1
o165,1,0,1,1,1,,,9,11,0,6,1
o165,1,0,2,2,2,,,10,12,0,7,1
o165,1,0,3,3,3,,,11,13,0,7,1
o165,1,1,0,1,1,,,8,10,0,9,1
o165,1,1,1,1,1,,,9,11,0,6,1
o165,1,1,2,2,2,,,10,12,0,7,1
o165,1,1,3,3,3,,,11,13,0,7,1
o165,2,0,0,1,1,,,10,12,0,11,1
o165,2,0,1,1,1,,,11,13,0,8,1
o165,2,0,2,2,2,,,12,14,0,9,1
o165,2,0,3,3,3,,,13,15,0,9,1
o165,2,1,0,1,1,,,10,12,0,11,1
o165,2,1,1,1,1,,,11,13,0,8,1
o165,2,1,2,2,2,,,12,14,0,9,1
o165,2,1,3,3,3,,,13,15,0,9,1
o165,2,2,0,1,1,,,10,12,0,11,1
o165,2,2,1,1,1,,,11,13,0,8,1
o165,2,2,2,2,2,,,12,14,0,9,1
o165,2,2,3,3,3,,,13,15,0,9,1
o165,3,0,0,1,1,,,12,14,0,13,1
o165,3,0,1,1,1,,,13,15,0,10,1
o165,3,0,2,2,2,,,14,16,0,11,1
o165,3,0,3,3,3,,,15,17,0,11,1
o165,3,1,0,1,1,,,12,14,0,13,1
o165,3,1,1,1,1,,,13,15,0,10,1
o165,3,1,2,2,2,,,14,16,0,11,1
o165,3,1,3,3,3,,,15,17,0,11,1
o165,3,2,0,1,1,,,12,14,0,13,1
o165,3,2,1,1,1,,,13,15,0,10,1
o165,3,2,2,2,2,,,14,16,0,11,1
o165,3,2,3,3,3,,,15,17,0,11,1
o165,3,3,0,1,1,,,12,14,0,13,1
o165,3,3,1,1,1,,,13,15,0,10,1
o165,3,3,2,2,2,,,14,16,0,11,1
o165,3,3,3,3,3,,,15,17,0,11,1
o166,0,0,0,1,0,,,6,8,0,7,1
o166,0,0,1,1,1,,,7,9,0,4,1
o166,0,0,2,2,2,,,8,10,0,5,1
o166,0,0,3,3,3,,,9,11,0,5,1
o166,1,0,0,1,0,,,8,10,0,9,1
o166,1,0,1,1,1,,,9,11,0,5,1
o166,1,0,2,2,2,,,10,12,0,6,1
o166,1,0,3,3,3,,,11,13,0,6,1
o166,1,1,0,1,0,,,8,10,0,9,1
o166,1,1,1,1,1,,,9,11,0,6,1
o166,1,1,2,2,2,,,10,12,0,6,1
o166,1,1,3,3,3,,,11,13,0,6,1
o166,2,0,0,1,0,,,10,12,0,11,1
o166,2,0,1,1,1,,,11,13,0,6,1
o166,2,0,2,2,2,,,12,14,0,7,1
o166,2,0,3,3,3,,,13,15,0,7,1
o166,2,1,0,1,0,,,10,12,0,11,1
o166,2,1,1,1,1,,,11,13,0,7,1
o166,2,1,2,2,2,,,12,14,0,7,1
o166,2,1,3,3,3,,,13,15,0,7,1
o166,2,2,0,1,0,,,10,12,0,11,1
o166,2,2,1,1,1,,,11,13,0,7,1
o166,2,2,2,2,2,,,12,14,0,7,1
o166,2,2,3,3,3,,,13,15,0,7,1
o166,3,0,0,1,0,,,12,14,0,13,1
o166,3,0,1,1,1,,,13,15,0,7,1
o166,3,0,2,2,2,,,14,16,0,8,1
o166,3,0,3,3,3,,,15,17,0,8,1
o166,3,1,0,1,0,,,12,14,0,13,1
o166,3,1,1,1,1,,,13,15,0,8,1
o166,3,1,2,2,2,,,14,16,0,8,1
o166,3,1,3,3,3,,,15,17,0,8,1
o166,3,2,0,1,0,,,12,14,0,13,1
o166,3,2,1,1,1,,,13,15,0,8,1
o166,3,2,2,2,2,,,14,16,0,8,1
o166,3,2,3,3,3,,,15,17,0,8,1
o166,3,3,0,1,0,,,12,14,0,13,1
o166,3,3,1,1,1,,,13,15,0,8,1
o166,3,3,2,2,2,,,14,16,0,8,1
o166,3,3,3,3,3,,,15,17,0,8,1
o167,0,0,0,1,1,,,6,8,0,20,1
o167,0,0,1,1,1,,,7,9,0,21,1
o167,0,0,2,2,2,,,8,10,0,24,1
o167,0,0,3,3,3,,,9,11,0,26,1
o167,1,0,0,2,2,,,8,10,0,27,1
o167,1,0,1,2,2,,,9,11,0,28,1
o167,1,0,2,2,2,,,10,12,0,30,1
o167,1,0,3,3,3,,,11,13,0,33,1
o167,1,1,0,2,1,,,8,10,0,27,1
o167,1,1,1,2,1,,,9,11,0,29,1
o167,1,1,2,2,2,,,10,12,0,31,1
o167,1,1,3,3,3,,,11,13,0,33,1
o167,2,0,0,3,3,,,10,12,0,34,1
o167,2,0,1,3,3,,,11,13,0,35,1
o167,2,0,2,3,3,,,12,14,0,37,1
o167,2,0,3,3,3,,,13,15,0,39,1
o167,2,1,0,3,2,,,10,12,0,35,1
o167,2,1,1,3,2,,,11,13,0,37,1
o167,2,1,2,3,2,,,12,14,0,39,1
o167,2,1,3,3,3,,,13,15,0,41,1
o167,2,2,0,3,1,,,10,12,0,34,1
o167,2,2,1,3,1,,,11,13,0,36,1
o167,2,2,2,3,2,,,12,14,0,38,1
o167,2,2,3,3,3,,,13,15,0,40,1
o167,3,0,0,4,4,,,12,14,0,41,1
o167,3,0,1,4,4,,,13,15,0,42,1
o167,3,0,2,4,4,,,14,16,0,44,1
o167,3,0,3,4,4,,,15,17,0,46,1
o167,3,1,0,4,3,,,12,14,0,43,1
o167,3,1,1,4,3,,,13,15,0,45,1
o167,3,1,2,4,3,,,14,16,0,47,1
o167,3,1,3,4,3,,,15,17,0,49,1
o167,3,2,0,4,2,,,12,14,0,42,1
o167,3,2,1,4,2,,,13,15,0,44,1
o167,3,2,2,4,2,,,14,16,0,46,1
o167,3,2,3,4,3,,,15,17,0,48,1
o167,3,3,0,4,1,,,12,14,0,41,1
o167,3,3,1,4,1,,,13,15,0,43,1
o167,3,3,2,4,2,,,14,16,0,45,1
o167,3,3,3,4,3,,,15,17,0,47,1
o168,0,0,0,0,0,,,6,8,0,4,1
o168,0,0,1,1,1,,,7,9,0,4,1
o168,0,0,2,2,2,,,8,10,0,4,1
o168,0,0,3,3,3,,,9,11,0,4,1
o168,1,0,0,0,0,,,8,10,0,6,1
o168,1,0,1,1,1,,,9,11,0,6,1
o168,1,0,2,2,2,,,10,12,0,6,1
o168,1,0,3,3,3,,,11,13,0,6,1
o168,1,1,0,0,0,,,8,10,0,4,1
o168,1,1,1,1,1,,,9,11,0,5,1
o168,1,1,2,2,2,,,10,12,0,5,1
o168,1,1,3,3,3,,,11,13,0,5,1
o168,2,0,0,0,0,,,10,12,0,8,1
o168,2,0,1,1,1,,,11,13,0,8,1
o168,2,0,2,2,2,,,12,14,0,8,1
o168,2,0,3,3,3,,,13,15,0,8,1
o168,2,1,0,0,0,,,10,12,0,5,1
o168,2,1,1,1,1,,,11,13,0,6,1
o168,2,1,2,2,2,,,12,14,0,6,1
o168,2,1,3,3,3,,,13,15,0,6,1
o168,2,2,0,0,0,,,10,12,0,6,1
o168,2,2,1,1,1,,,11,13,0,6,1
o168,2,2,2,2,2,,,12,14,0,6,1
o168,2,2,3,3,3,,,13,15,0,6,1
o168,3,0,0,0,0,,,12,14,0,10,1
o168,3,0,1,1,1,,,13,15,0,10,1
o168,3,0,2,2,2,,,14,16,0,10,1
o168,3,0,3,3,3,,,15,17,0,10,1
o168,3,1,0,0,0,,,12,14,0,6,1
o168,3,1,1,1,1,,,13,15,0,7,1
o168,3,1,2,2,2,,,14,16,0,7,1
o168,3,1,3,3,3,,,15,17,0,7,1
o168,3,2,0,0,0,,,12,14,0,8,1
o168,3,2,1,1,1,,,13,15,0,8,1
o168,3,2,2,2,2,,,14,16,0,8,1
o168,3,2,3,3,3,,,15,17,0,8,1
o168,3,3,0,0,0,,,12,14,0,6,1
o168,3,3,1,1,1,,,13,15,0,7,1
o168,3,3,2,2,2,,,14,16,0,7,1
o168,3,3,3,3,3,,,15,17,0,7,1
o169,0,0,0,0,0,,,6,8,0,5,1
o169,0,0,1,1,1,,,7,9,0,4,1
o169,0,0,2,2,2,,,8,10,0,4,1
o169,0,0,3,3,3,,,9,11,0,4,1
o169,1,0,0,1,1,,,8,10,0,7,1
o169,1,0,1,1,1,,,9,11,0,6,1
o169,1,0,2,2,2,,,10,12,0,6,1
o169,1,0,3,3,3,,,11,13,0,6,1
o169,1,1,0,1,0,,,8,10,0,7,1
o169,1,1,1,1,1,,,9,11,0,4,1
o169,1,1,2,2,2,,,10,12,0,5,1
o169,1,1,3,3,3,,,11,13,0,5,1
o169,2,0,0,1,1,,,10,12,0,9,1
o169,2,0,1,1,1,,,11,13,0,8,1
o169,2,0,2,2,2,,,12,14,0,8,1
o169,2,0,3,3,3,,,13,15,0,8,1
o169,2,1,0,1,1,,,10,12,0,8,1
o169,2,1,1,1,1,,,11,13,0,5,1
o169,2,1,2,2,2,,,12,14,0,6,1
o169,2,1,3,3,3,,,13,15,0,6,1
o169,2,2,0,1,0,,,10,12,0,8,1
o169,2,2,1,1,1,,,11,13,0,6,1
o169,2,2,2,2,2,,,12,14,0,6,1
o169,2,2,3,3,3,,,13,15,0,6,1
o169,3,0,0,1,1,,,12,14,0,11,1
o169,3,0,1,1,1,,,13,15,0,10,1
o169,3,0,2,2,2,,,14,16,0,10,1
o169,3,0,3,3,3,,,15,17,0,10,1
o169,3,1,0,1,1,,,12,14,0,9,1
o169,3,1,1,1,1,,,13,15,0,6,1
o169,3,1,2,2,2,,,14,16,0,7,1
o169,3,1,3,3,3,,,15,17,0,7,1
o169,3,2,0,1,1,,,12,14,0,9,1
o169,3,2,1,1,1,,,13,15,0,8,1
o169,3,2,2,2,2,,,14,16,0,8,1
o169,3,2,3,3,3,,,15,17,0,8,1
o169,3,3,0,1,0,,,12,14,0,9,1
o169,3,3,1,1,1,,,13,15,0,6,1
o169,3,3,2,2,2,,,14,16,0,7,1
o169,3,3,3,3,3,,,15,17,0,7,1
o170,0,0,0,0,0,,,6,8,0,3,1
o170,0,0,1,1,1,,,7,9,0,3,1
o170,0,0,2,2,2,,,8,10,0,3,1
o170,0,0,3,3,3,,,9,11,0,3,1
o170,1,0,0,0,0,,,8,10,0,4,1
o170,1,0,1,1,1,,,9,11,0,4,1
o170,1,0,2,2,2,,,10,12,0,4,1
o170,1,0,3,3,3,,,11,13,0,4,1
o170,1,1,0,0,0,,,8,10,0,4,1
o170,1,1,1,1,1,,,9,11,0,4,1
o170,1,1,2,2,2,,,10,12,0,4,1
o170,1,1,3,3,3,,,11,13,0,4,1
o170,2,0,0,0,0,,,10,12,0,5,1
o170,2,0,1,1,1,,,11,13,0,5,1
o170,2,0,2,2,2,,,12,14,0,5,1
o170,2,0,3,3,3,,,13,15,0,5,1
o170,2,1,0,0,0,,,10,12,0,5,1
o170,2,1,1,1,1,,,11,13,0,5,1
o170,2,1,2,2,2,,,12,14,0,5,1
o170,2,1,3,3,3,,,13,15,0,5,1
o170,2,2,0,0,0,,,10,12,0,5,1
o170,2,2,1,1,1,,,11,13,0,5,1
o170,2,2,2,2,2,,,12,14,0,5,1
o170,2,2,3,3,3,,,13,15,0,5,1
o170,3,0,0,0,0,,,12,14,0,6,1
o170,3,0,1,1,1,,,13,15,0,6,1
o170,3,0,2,2,2,,,14,16,0,6,1
o170,3,0,3,3,3,,,15,17,0,6,1
o170,3,1,0,0,0,,,12,14,0,6,1
o170,3,1,1,1,1,,,13,15,0,6,1
o170,3,1,2,2,2,,,14,16,0,6,1
o170,3,1,3,3,3,,,15,17,0,6,1
o170,3,2,0,0,0,,,12,14,0,6,1
o170,3,2,1,1,1,,,13,15,0,6,1
o170,3,2,2,2,2,,,14,16,0,6,1
o170,3,2,3,3,3,,,15,17,0,6,1
o170,3,3,0,0,0,,,12,14,0,6,1
o170,3,3,1,1,1,,,13,15,0,6,1
o170,3,3,2,2,2,,,14,16,0,6,1
o170,3,3,3,3,3,,,15,17,0,6,1
o171,0,0,0,0,0,,,6,8,0,11,1
o171,0,0,1,1,1,,,7,9,0,12,1
o171,0,0,2,2,2,,,8,10,0,13,1
o171,0,0,3,3,3,,,9,11,0,14,1
o171,1,0,0,1,1,,,8,10,0,15,1
o171,1,0,1,1,1,,,9,11,0,16,1
o171,1,0,2,2,2,,,10,12,0,17,1
o171,1,0,3,3,3,,,11,13,0,18,1
o171,1,1,0,1,0,,,8,10,0,14,1
o171,1,1,1,1,1,,,9,11,0,15,1
o171,1,1,2,2,2,,,10,12,0,16,1
o171,1,1,3,3,3,,,11,13,0,17,1
o171,2,0,0,2,2,,,10,12,0,19,1
o171,2,0,1,2,2,,,11,13,0,20,1
o171,2,0,2,2,2,,,12,14,0,21,1
o171,2,0,3,3,3,,,13,15,0,22,1
o171,2,1,0,2,1,,,10,12,0,18,1
o171,2,1,1,2,1,,,11,13,0,19,1
o171,2,1,2,2,2,,,12,14,0,20,1
o171,2,1,3,3,3,,,13,15,0,21,1
o171,2,2,0,2,0,,,10,12,0,17,1
o171,2,2,1,2,1,,,11,13,0,18,1
o171,2,2,2,2,2,,,12,14,0,19,1
o171,2,2,3,3,3,,,13,15,0,20,1
o171,3,0,0,3,3,,,12,14,0,23,1
o171,3,0,1,3,3,,,13,15,0,24,1
o171,3,0,2,3,3,,,14,16,0,25,1
o171,3,0,3,3,3,,,15,17,0,26,1
o171,3,1,0,3,2,,,12,14,0,22,1
o171,3,1,1,3,2,,,13,15,0,23,1
o171,3,1,2,3,2,,,14,16,0,24,1
o171,3,1,3,3,3,,,15,17,0,25,1
o171,3,2,0,3,1,,,12,14,0,21,1
o171,3,2,1,3,1,,,13,15,0,22,1
o171,3,2,2,3,2,,,14,16,0,23,1
o171,3,2,3,3,3,,,15,17,0,24,1
o171,3,3,0,3,0,,,12,14,0,20,1
o171,3,3,1,3,1,,,13,15,0,21,1
o171,3,3,2,3,2,,,14,16,0,22,1
o171,3,3,3,3,3,,,15,17,0,23,1
o172,0,0,0,infinity,0,,,6,8,0,21,1
o172,0,0,1,infinity,1,,,7,9,0,23,1
o172,0,0,2,infinity,2,,,8,10,0,25,1
o172,0,0,3,infinity,3,,,9,11,0,27,1
o172,1,0,0,infinity,0,,,8,10,0,28,1
o172,1,0,1,infinity,1,,,9,11,0,30,1
o172,1,0,2,infinity,2,,,10,12,0,32,1
o172,1,0,3,infinity,3,,,11,13,0,34,1
o172,1,1,0,infinity,0,,,8,10,0,26,1
o172,1,1,1,infinity,1,,,9,11,0,29,1
o172,1,1,2,infinity,2,,,10,12,0,31,1
o172,1,1,3,infinity,3,,,11,13,0,33,1
o172,2,0,0,infinity,0,,,10,12,0,35,1
o172,2,0,1,infinity,1,,,11,13,0,37,1
o172,2,0,2,infinity,2,,,12,14,0,39,1
o172,2,0,3,infinity,3,,,13,15,0,41,1
o172,2,1,0,infinity,0,,,10,12,0,32,1
o172,2,1,1,infinity,1,,,11,13,0,35,1
o172,2,1,2,infinity,2,,,12,14,0,37,1
o172,2,1,3,infinity,3,,,13,15,0,39,1
o172,2,2,0,infinity,0,,,10,12,0,33,1
o172,2,2,1,infinity,1,,,11,13,0,35,1
o172,2,2,2,infinity,2,,,12,14,0,37,1
o172,2,2,3,infinity,3,,,13,15,0,39,1
o172,3,0,0,infinity,0,,,12,14,0,42,1
o172,3,0,1,infinity,1,,,13,15,0,44,1
o172,3,0,2,infinity,2,,,14,16,0,46,1
o172,3,0,3,infinity,3,,,15,17,0,48,1
o172,3,1,0,infinity,0,,,12,14,0,38,1
o172,3,1,1,infinity,1,,,13,15,0,41,1
o172,3,1,2,infinity,2,,,14,16,0,43,1
o172,3,1,3,infinity,3,,,15,17,0,45,1
o172,3,2,0,infinity,0,,,12,14,0,40,1
o172,3,2,1,infinity,1,,,13,15,0,42,1
o172,3,2,2,infinity,2,,,14,16,0,44,1
o172,3,2,3,infinity,3,,,15,17,0,46,1
o172,3,3,0,infinity,0,,,12,14,0,38,1
o172,3,3,1,infinity,1,,,13,15,0,41,1
o172,3,3,2,infinity,2,,,14,16,0,43,1
o172,3,3,3,infinity,3,,,15,17,0,45,1
o173,0,0,0,infinity,1,,,6,8,0,27,1
o173,0,0,1,infinity,1,,,7,9,0,30,1
o173,0,0,2,infinity,2,,,8,10,0,33,1
o173,0,0,3,infinity,3,,,9,11,0,36,1
o173,1,0,0,infinity,1,,,8,10,0,44,1
o173,1,0,1,infinity,1,,,9,11,0,48,1
o173,1,0,2,infinity,2,,,10,12,0,52,1
o173,1,0,3,infinity,3,,,11,13,0,56,1
o173,1,1,0,infinity,1,,,8,10,0,43,1
o173,1,1,1,infinity,1,,,9,11,0,46,1
o173,1,1,2,infinity,2,,,10,12,0,50,1
o173,1,1,3,infinity,3,,,11,13,0,54,1
o173,2,0,0,infinity,1,,,10,12,0,55,1
o173,2,0,1,infinity,1,,,11,13,0,59,1
o173,2,0,2,infinity,2,,,12,14,0,63,1
o173,2,0,3,infinity,3,,,13,15,0,67,1
o173,2,1,0,infinity,1,,,10,12,0,53,1
o173,2,1,1,infinity,1,,,11,13,0,56,1
o173,2,1,2,infinity,2,,,12,14,0,60,1
o173,2,1,3,infinity,3,,,13,15,0,64,1
o173,2,2,0,infinity,1,,,10,12,0,53,1
o173,2,2,1,infinity,1,,,11,13,0,57,1
o173,2,2,2,infinity,2,,,12,14,0,61,1
o173,2,2,3,infinity,3,,,13,15,0,65,1
o173,3,0,0,infinity,1,,,12,14,0,66,1
o173,3,0,1,infinity,1,,,13,15,0,70,1
o173,3,0,2,infinity,2,,,14,16,0,74,1
o173,3,0,3,infinity,3,,,15,17,0,78,1
o173,3,1,0,infinity,1,,,12,14,0,63,1
o173,3,1,1,infinity,1,,,13,15,0,66,1
o173,3,1,2,infinity,2,,,14,16,0,70,1
o173,3,1,3,infinity,3,,,15,17,0,74,1
o173,3,2,0,infinity,1,,,12,14,0,64,1
o173,3,2,1,infinity,1,,,13,15,0,68,1
o173,3,2,2,infinity,2,,,14,16,0,72,1
o173,3,2,3,infinity,3,,,15,17,0,76,1
o173,3,3,0,infinity,1,,,12,14,0,63,1
o173,3,3,1,infinity,1,,,13,15,0,66,1
o173,3,3,2,infinity,2,,,14,16,0,71,1
o173,3,3,3,infinity,3,,,15,17,0,75,1
o174,0,0,0,infinity,0,,,6,8,0,19,1
o174,0,0,1,infinity,1,,,7,9,0,21,1
o174,0,0,2,infinity,2,,,8,10,0,23,1
o174,0,0,3,infinity,3,,,9,11,0,25,1
o174,1,0,0,infinity,0,,,8,10,0,25,1
o174,1,0,1,infinity,1,,,9,11,0,27,1
o174,1,0,2,infinity,2,,,10,12,0,29,1
o174,1,0,3,infinity,3,,,11,13,0,31,1
o174,1,1,0,infinity,0,,,8,10,0,25,1
o174,1,1,1,infinity,1,,,9,11,0,27,1
o174,1,1,2,infinity,2,,,10,12,0,29,1
o174,1,1,3,infinity,3,,,11,13,0,31,1
o174,2,0,0,infinity,0,,,10,12,0,31,1
o174,2,0,1,infinity,1,,,11,13,0,33,1
o174,2,0,2,infinity,2,,,12,14,0,35,1
o174,2,0,3,infinity,3,,,13,15,0,37,1
o174,2,1,0,infinity,0,,,10,12,0,31,1
o174,2,1,1,infinity,1,,,11,13,0,33,1
o174,2,1,2,infinity,2,,,12,14,0,35,1
o174,2,1,3,infinity,3,,,13,15,0,37,1
o174,2,2,0,infinity,0,,,10,12,0,31,1
o174,2,2,1,infinity,1,,,11,13,0,33,1
o174,2,2,2,infinity,2,,,12,14,0,35,1
o174,2,2,3,infinity,3,,,13,15,0,37,1
o174,3,0,0,infinity,0,,,12,14,0,37,1
o174,3,0,1,infinity,1,,,13,15,0,39,1
o174,3,0,2,infinity,2,,,14,16,0,41,1
o174,3,0,3,infinity,3,,,15,17,0,43,1
o174,3,1,0,infinity,0,,,12,14,0,37,1
o174,3,1,1,infinity,1,,,13,15,0,39,1
o174,3,1,2,infinity,2,,,14,16,0,41,1
o174,3,1,3,infinity,3,,,15,17,0,43,1
o174,3,2,0,infinity,0,,,12,14,0,37,1
o174,3,2,1,infinity,1,,,13,15,0,39,1
o174,3,2,2,infinity,2,,,14,16,0,41,1
o174,3,2,3,infinity,3,,,15,17,0,43,1
o174,3,3,0,infinity,0,,,12,14,0,37,1
o174,3,3,1,infinity,1,,,13,15,0,39,1
o174,3,3,2,infinity,2,,,14,16,0,41,1
o174,3,3,3,infinity,3,,,15,17,0,43,1
o175,0,0,0,infinity,infinity,,,6,8,0,19,1
o175,0,0,1,infinity,infinity,,,7,9,0,21,1
o175,0,0,2,infinity,infinity,,,8,10,0,23,1
o175,0,0,3,infinity,infinity,,,9,11,0,25,1
o175,1,0,0,infinity,infinity,,,8,10,0,33,1
o175,1,0,1,infinity,infinity,,,9,11,0,36,1
o175,1,0,2,infinity,infinity,,,10,12,0,39,1
o175,1,0,3,infinity,infinity,,,11,13,0,42,1
o175,1,1,0,infinity,infinity,,,8,10,0,33,1
o175,1,1,1,infinity,infinity,,,9,11,0,36,1
o175,1,1,2,infinity,infinity,,,10,12,0,39,1
o175,1,1,3,infinity,infinity,,,11,13,0,42,1
o175,2,0,0,infinity,infinity,,,10,12,0,50,1
o175,2,0,1,infinity,infinity,,,11,13,0,54,1
o175,2,0,2,infinity,infinity,,,12,14,0,58,1
o175,2,0,3,infinity,infinity,,,13,15,0,62,1
o175,2,1,0,infinity,infinity,,,10,12,0,50,1
o175,2,1,1,infinity,infinity,,,11,13,0,54,1
o175,2,1,2,infinity,infinity,,,12,14,0,58,1
o175,2,1,3,infinity,infinity,,,13,15,0,62,1
o175,2,2,0,infinity,infinity,,,10,12,0,50,1
o175,2,2,1,infinity,infinity,,,11,13,0,54,1
o175,2,2,2,infinity,infinity,,,12,14,0,58,1
o175,2,2,3,infinity,infinity,,,13,15,0,62,1
o175,3,0,0,infinity,infinity,,,12,14,0,70,1
o175,3,0,1,infinity,infinity,,,13,15,0,75,1
o175,3,0,2,infinity,infinity,,,14,16,0,80,1
o175,3,0,3,infinity,infinity,,,15,17,0,85,1
o175,3,1,0,infinity,infinity,,,12,14,0,70,1
o175,3,1,1,infinity,infinity,,,13,15,0,75,1
o175,3,1,2,infinity,infinity,,,14,16,0,80,1
o175,3,1,3,infinity,infinity,,,15,17,0,85,1
o175,3,2,0,infinity,infinity,,,12,14,0,70,1
o175,3,2,1,infinity,infinity,,,13,15,0,75,1
o175,3,2,2,infinity,infinity,,,14,16,0,80,1
o175,3,2,3,infinity,infinity,,,15,17,0,85,1
o175,3,3,0,infinity,infinity,,,12,14,0,70,1
o175,3,3,1,infinity,infinity,,,13,15,0,75,1
o175,3,3,2,infinity,infinity,,,14,16,0,80,1
o175,3,3,3,infinity,infinity,,,15,17,0,85,1
o176,0,0,0,0,0,,,6,8,0,6,1
o176,0,0,1,1,1,,,7,9,0,8,1
o176,0,0,2,2,2,,,8,10,0,8,1
o176,0,0,3,3,3,,,9,11,0,8,1
o176,1,0,0,1,1,,,8,10,0,9,1
o176,1,0,1,2,1,,,9,11,0,14,1
o176,1,0,2,3,2,,,10,12,0,14,1
o176,1,0,3,4,3,,,11,13,0,14,1
o176,1,1,0,1,1,,,8,10,0,9,1
o176,1,1,1,1,1,,,9,11,0,10,1
o176,1,1,2,2,2,,,10,12,0,10,1
o176,1,1,3,3,3,,,11,13,0,10,1
o176,2,0,0,1,1,,,10,12,0,11,1
o176,2,0,1,2,1,,,11,13,0,18,1
o176,2,0,2,3,2,,,12,14,0,18,1
o176,2,0,3,4,3,,,13,15,0,18,1
o176,2,1,0,1,1,,,10,12,0,11,1
o176,2,1,1,2,1,,,11,13,0,18,1
o176,2,1,2,3,2,,,12,14,0,18,1
o176,2,1,3,4,3,,,13,15,0,18,1
o176,2,2,0,1,1,,,10,12,0,12,1
o176,2,2,1,1,1,,,11,13,0,12,1
o176,2,2,2,2,2,,,12,14,0,12,1
o176,2,2,3,3,3,,,13,15,0,12,1
o176,3,0,0,1,1,,,12,14,0,13,1
o176,3,0,1,2,1,,,13,15,0,22,1
o176,3,0,2,3,2,,,14,16,0,22,1
o176,3,0,3,4,3,,,15,17,0,22,1
o176,3,1,0,1,1,,,12,14,0,13,1
o176,3,1,1,2,1,,,13,15,0,22,1
o176,3,1,2,3,2,,,14,16,0,22,1
o176,3,1,3,4,3,,,15,17,0,22,1
o176,3,2,0,1,1,,,12,14,0,14,1
o176,3,2,1,2,1,,,13,15,0,22,1
o176,3,2,2,3,2,,,14,16,0,22,1
o176,3,2,3,4,3,,,15,17,0,22,1
o176,3,3,0,1,1,,,12,14,0,14,1
o176,3,3,1,1,1,,,13,15,0,14,1
o176,3,3,2,2,2,,,14,16,0,14,1
o176,3,3,3,3,3,,,15,17,0,14,1
o177,0,0,0,0,1,0,0,6,8,1,20,1
o177,0,0,1,1,1,,,7,9,0,23,1
o177,0,0,2,2,2,,,8,10,0,25,1
o177,0,0,3,3,3,,,9,11,0,27,1
o177,1,0,0,1,2,1,1,8,10,1,26,1
o177,1,0,1,2,2,,,9,11,0,30,1
o177,1,0,2,3,2,,,10,12,0,32,1
o177,1,0,3,4,3,,,11,13,0,34,1
o177,1,1,0,1,1,,,8,10,0,27,1
o177,1,1,1,1,2,1,1,9,11,1,28,1
o177,1,1,2,2,2,,,10,12,0,31,1
o177,1,1,3,3,3,,,11,13,0,33,1
o177,2,0,0,2,3,2,2,10,12,1,32,1
o177,2,0,1,3,3,,,11,13,0,37,1
o177,2,0,2,4,3,,,12,14,0,39,1
o177,2,0,3,5,3,,,13,15,0,41,1
o177,2,1,0,2,2,,,10,12,0,34,1
o177,2,1,1,2,3,2,2,11,13,1,34,1
o177,2,1,2,3,3,,,12,14,0,38,1
o177,2,1,3,4,3,,,13,15,0,40,1
o177,2,2,0,2,1,,,10,12,0,33,1
o177,2,2,1,2,2,,,11,13,0,35,1
o177,2,2,2,2,3,2,2,12,14,1,36,1
o177,2,2,3,3,3,,,13,15,0,39,1
o177,3,0,0,3,4,3,3,12,14,1,38,1
o177,3,0,1,4,4,,,13,15,0,44,1
o177,3,0,2,5,4,,,14,16,0,46,1
o177,3,0,3,6,4,,,15,17,0,48,1
o177,3,1,0,3,3,,,12,14,0,41,1
o177,3,1,1,3,4,3,3,13,15,1,40,1
o177,3,1,2,4,4,,,14,16,0,45,1
o177,3,1,3,5,4,,,15,17,0,47,1
o177,3,2,0,3,2,,,12,14,0,40,1
o177,3,2,1,3,3,,,13,15,0,42,1
o177,3,2,2,3,4,3,3,14,16,1,42,1
o177,3,2,3,4,4,,,15,17,0,46,1
o177,3,3,0,3,1,,,12,14,0,39,1
o177,3,3,1,3,2,,,13,15,0,41,1
o177,3,3,2,3,3,,,14,16,0,43,1
o177,3,3,3,3,4,3,3,15,17,1,44,1
o178,0,0,0,0,0,,,6,8,0,6,1
o178,0,0,1,1,1,,,7,9,0,8,1
o178,0,0,2,2,2,,,8,10,0,8,1
o178,0,0,3,3,3,,,9,11,0,8,1
o178,1,0,0,1,0,,,8,10,0,10,1
o178,1,0,1,2,1,,,9,11,0,13,1
o178,1,0,2,3,2,,,10,12,0,13,1
o178,1,0,3,4,3,,,11,13,0,13,1
o178,1,1,0,1,0,,,8,10,0,11,1
o178,1,1,1,1,1,,,9,11,0,10,1
o178,1,1,2,2,2,,,10,12,0,10,1
o178,1,1,3,3,3,,,11,13,0,10,1
o178,2,0,0,1,0,,,10,12,0,12,1
o178,2,0,1,2,1,,,11,13,0,15,1
o178,2,0,2,3,2,,,12,14,0,15,1
o178,2,0,3,4,3,,,13,15,0,15,1
o178,2,1,0,1,0,,,10,12,0,13,1
o178,2,1,1,2,1,,,11,13,0,15,1
o178,2,1,2,3,2,,,12,14,0,15,1
o178,2,1,3,4,3,,,13,15,0,15,1
o178,2,2,0,1,0,,,10,12,0,13,1
o178,2,2,1,1,1,,,11,13,0,11,1
o178,2,2,2,2,2,,,12,14,0,11,1
o178,2,2,3,3,3,,,13,15,0,11,1
o178,3,0,0,1,0,,,12,14,0,14,1
o178,3,0,1,2,1,,,13,15,0,17,1
o178,3,0,2,3,2,,,14,16,0,17,1
o178,3,0,3,4,3,,,15,17,0,17,1
o178,3,1,0,1,0,,,12,14,0,15,1
o178,3,1,1,2,1,,,13,15,0,17,1
o178,3,1,2,3,2,,,14,16,0,17,1
o178,3,1,3,4,3,,,15,17,0,17,1
o178,3,2,0,1,0,,,12,14,0,15,1
o178,3,2,1,2,1,,,13,15,0,17,1
o178,3,2,2,3,2,,,14,16,0,17,1
o178,3,2,3,4,3,,,15,17,0,17,1
o178,3,3,0,1,0,,,12,14,0,15,1
o178,3,3,1,1,1,,,13,15,0,12,1
o178,3,3,2,2,2,,,14,16,0,12,1
o178,3,3,3,3,3,,,15,17,0,12,1
o179,0,0,0,0,1,0,0,6,8,1,13,1
o179,0,0,1,1,1,,,7,9,0,15,1
o179,0,0,2,2,2,,,8,10,0,16,1
o179,0,0,3,3,3,,,9,11,0,17,1
o179,1,0,0,1,2,1,1,8,10,1,16,1
o179,1,0,1,2,2,,,9,11,0,19,1
o179,1,0,2,3,2,,,10,12,0,20,1
o179,1,0,3,4,3,,,11,13,0,21,1
o179,1,1,0,1,1,,,8,10,0,17,1
o179,1,1,1,1,2,1,1,9,11,1,18,1
o179,1,1,2,2,2,,,10,12,0,19,1
o179,1,1,3,3,3,,,11,13,0,20,1
o179,2,0,0,2,3,2,2,10,12,1,19,1
o179,2,0,1,3,3,,,11,13,0,23,1
o179,2,0,2,4,3,,,12,14,0,24,1
o179,2,0,3,5,3,,,13,15,0,25,1
o179,2,1,0,2,2,,,10,12,0,21,1
o179,2,1,1,2,3,2,2,11,13,1,21,1
o179,2,1,2,3,3,,,12,14,0,23,1
o179,2,1,3,4,3,,,13,15,0,24,1
o179,2,2,0,2,1,,,10,12,0,20,1
o179,2,2,1,2,2,,,11,13,0,21,1
o179,2,2,2,2,3,2,2,12,14,1,22,1
o179,2,2,3,3,3,,,13,15,0,23,1
o179,3,0,0,3,4,3,3,12,14,1,22,1
o179,3,0,1,4,4,,,13,15,0,27,1
o179,3,0,2,5,4,,,14,16,0,28,1
o179,3,0,3,6,4,,,15,17,0,29,1
o179,3,1,0,3,3,,,12,14,0,25,1
o179,3,1,1,3,4,3,3,13,15,1,24,1
o179,3,1,2,4,4,,,14,16,0,27,1
o179,3,1,3,5,4,,,15,17,0,28,1
o179,3,2,0,3,2,,,12,14,0,24,1
o179,3,2,1,3,3,,,13,15,0,25,1
o179,3,2,2,3,4,3,3,14,16,1,25,1
o179,3,2,3,4,4,,,15,17,0,27,1
o179,3,3,0,3,1,,,12,14,0,23,1
o179,3,3,1,3,2,,,13,15,0,24,1
o179,3,3,2,3,3,,,14,16,0,25,1
o179,3,3,3,3,4,3,3,15,17,1,26,1
o180,0,0,0,1,0,,,6,8,0,21,1
o180,0,0,1,1,1,,,7,9,0,22,1
o180,0,0,2,2,2,,,8,10,0,25,1
o180,0,0,3,3,3,,,9,11,0,27,1
o180,1,0,0,infinity,1,,,8,10,0,47,1
o180,1,0,1,infinity,1,,,9,11,0,40,1
o180,1,0,2,infinity,2,,,10,12,0,53,1
o180,1,0,3,infinity,3,,,11,13,0,46,1
o180,1,1,0,infinity,1,,,8,10,0,37,1
o180,1,1,1,infinity,1,,,9,11,0,41,1
o180,1,1,2,infinity,2,,,10,12,0,44,1
o180,1,1,3,infinity,3,,,11,13,0,47,1
o180,2,0,0,infinity,1,,,10,12,0,59,1
o180,2,0,1,infinity,1,,,11,13,0,61,1
o180,2,0,2,infinity,2,,,12,14,0,65,1
o180,2,0,3,infinity,3,,,13,15,0,69,1
o180,2,1,0,infinity,1,,,10,12,0,57,1
o180,2,1,1,infinity,1,,,11,13,0,63,1
o180,2,1,2,infinity,2,,,12,14,0,67,1
o180,2,1,3,infinity,3,,,13,15,0,71,1
o180,2,2,0,infinity,1,,,10,12,0,57,1
o180,2,2,1,infinity,1,,,11,13,0,62,1
o180,2,2,2,infinity,2,,,12,14,0,66,1
o180,2,2,3,infinity,3,,,13,15,0,70,1
o180,3,0,0,infinity,1,,,12,14,0,71,1
o180,3,0,1,infinity,1,,,13,15,0,73,1
o180,3,0,2,infinity,2,,,14,16,0,77,1
o180,3,0,3,infinity,3,,,15,17,0,81,1
o180,3,1,0,infinity,1,,,12,14,0,69,1
o180,3,1,1,infinity,1,,,13,15,0,75,1
o180,3,1,2,infinity,2,,,14,16,0,79,1
o180,3,1,3,infinity,3,,,15,17,0,83,1
o180,3,2,0,infinity,1,,,12,14,0,69,1
o180,3,2,1,infinity,1,,,13,15,0,75,1
o180,3,2,2,infinity,2,,,14,16,0,79,1
o180,3,2,3,infinity,3,,,15,17,0,83,1
o180,3,3,0,infinity,1,,,12,14,0,69,1
o180,3,3,1,infinity,1,,,13,15,0,74,1
o180,3,3,2,infinity,2,,,14,16,0,78,1
o180,3,3,3,infinity,3,,,15,17,0,82,1
o181,0,0,0,1,1,,,6,8,0,20,1
o181,0,0,1,1,1,,,7,9,0,13,1
o181,0,0,2,2,2,,,8,10,0,22,1
o181,0,0,3,3,3,,,9,11,0,16,1
o181,1,0,0,infinity,2,,,8,10,0,45,1
o181,1,0,1,infinity,3,,,9,11,0,29,1
o181,1,0,2,infinity,3,,,10,12,0,49,1
o181,1,0,3,infinity,3,,,11,13,0,33,1
o181,1,1,0,infinity,2,,,8,10,0,37,1
o181,1,1,1,infinity,3,,,9,11,0,29,1
o181,1,1,2,infinity,3,,,10,12,0,41,1
o181,1,1,3,infinity,3,,,11,13,0,34,1
o181,2,0,0,infinity,3,,,10,12,0,65,1
o181,2,0,1,infinity,3,,,11,13,0,41,1
o181,2,0,2,infinity,3,,,12,14,0,70,1
o181,2,0,3,infinity,3,,,13,15,0,46,1
o181,2,1,0,infinity,2,,,10,12,0,65,1
o181,2,1,1,infinity,3,,,11,13,0,41,1
o181,2,1,2,infinity,3,,,12,14,0,70,1
o181,2,1,3,infinity,3,,,13,15,0,48,1
o181,2,2,0,infinity,2,,,10,12,0,51,1
o181,2,2,1,infinity,3,,,11,13,0,42,1
o181,2,2,2,infinity,3,,,12,14,0,56,1
o181,2,2,3,infinity,3,,,13,15,0,46,1
o181,3,0,0,infinity,4,,,12,14,0,88,1
o181,3,0,1,infinity,5,,,13,15,0,55,1
o181,3,0,2,infinity,5,,,14,16,0,94,1
o181,3,0,3,infinity,5,,,15,17,0,61,1
o181,3,1,0,infinity,4,,,12,14,0,88,1
o181,3,1,1,infinity,5,,,13,15,0,55,1
o181,3,1,2,infinity,5,,,14,16,0,94,1
o181,3,1,3,infinity,5,,,15,17,0,64,1
o181,3,2,0,infinity,2,,,12,14,0,88,1
o181,3,2,1,infinity,3,,,13,15,0,57,1
o181,3,2,2,infinity,4,,,14,16,0,94,1
o181,3,2,3,infinity,5,,,15,17,0,61,1
o181,3,3,0,infinity,2,,,12,14,0,66,1
o181,3,3,1,infinity,3,,,13,15,0,56,1
o181,3,3,2,infinity,4,,,14,16,0,72,1
o181,3,3,3,infinity,5,,,15,17,0,61,1
o182,0,0,0,1,0,,,6,8,0,20,1
o182,0,0,1,1,1,,,7,9,0,13,1
o182,0,0,2,2,2,,,8,10,0,22,1
o182,0,0,3,3,3,,,9,11,0,16,1
o182,1,0,0,infinity,0,,,8,10,0,36,1
o182,1,0,1,infinity,1,,,9,11,0,28,1
o182,1,0,2,infinity,2,,,10,12,0,40,1
o182,1,0,3,infinity,3,,,11,13,0,32,1
o182,1,1,0,infinity,0,,,8,10,0,36,1
o182,1,1,1,infinity,1,,,9,11,0,29,1
o182,1,1,2,infinity,2,,,10,12,0,40,1
o182,1,1,3,infinity,3,,,11,13,0,33,1
o182,2,0,0,infinity,0,,,10,12,0,44,1
o182,2,0,1,infinity,1,,,11,13,0,34,1
o182,2,0,2,infinity,2,,,12,14,0,48,1
o182,2,0,3,infinity,3,,,13,15,0,38,1
o182,2,1,0,infinity,0,,,10,12,0,44,1
o182,2,1,1,infinity,1,,,11,13,0,36,1
o182,2,1,2,infinity,2,,,12,14,0,48,1
o182,2,1,3,infinity,3,,,13,15,0,40,1
o182,2,2,0,infinity,0,,,10,12,0,44,1
o182,2,2,1,infinity,1,,,11,13,0,35,1
o182,2,2,2,infinity,2,,,12,14,0,48,1
o182,2,2,3,infinity,3,,,13,15,0,39,1
o182,3,0,0,infinity,0,,,12,14,0,52,1
o182,3,0,1,infinity,1,,,13,15,0,40,1
o182,3,0,2,infinity,2,,,14,16,0,56,1
o182,3,0,3,infinity,3,,,15,17,0,44,1
o182,3,1,0,infinity,0,,,12,14,0,52,1
o182,3,1,1,infinity,1,,,13,15,0,42,1
o182,3,1,2,infinity,2,,,14,16,0,56,1
o182,3,1,3,infinity,3,,,15,17,0,46,1
o182,3,2,0,infinity,0,,,12,14,0,52,1
o182,3,2,1,infinity,1,,,13,15,0,42,1
o182,3,2,2,infinity,2,,,14,16,0,56,1
o182,3,2,3,infinity,3,,,15,17,0,46,1
o182,3,3,0,infinity,0,,,12,14,0,52,1
o182,3,3,1,infinity,1,,,13,15,0,41,1
o182,3,3,2,infinity,2,,,14,16,0,56,1
o182,3,3,3,infinity,3,,,15,17,0,45,1
o183,0,0,0,1,2,1,1,6,8,1,20,1
o183,0,0,1,1,2,1,1,7,9,1,21,1
o183,0,0,2,2,2,,,8,10,0,24,1
o183,0,0,3,3,3,,,9,11,0,26,1
o183,1,0,0,infinity,3,,,8,10,0,44,1
o183,1,0,1,infinity,3,,,9,11,0,47,1
o183,1,0,2,infinity,3,,,10,12,0,51,1
o183,1,0,3,infinity,3,,,11,13,0,55,1
o183,1,1,0,infinity,2,,,8,10,0,44,1
o183,1,1,1,infinity,3,,,9,11,0,48,1
o183,1,1,2,infinity,3,,,10,12,0,52,1
o183,1,1,3,infinity,3,,,11,13,0,56,1
o183,2,0,0,infinity,4,,,10,12,0,63,1
o183,2,0,1,infinity,4,,,11,13,0,67,1
o183,2,0,2,infinity,4,,,12,14,0,72,1
o183,2,0,3,infinity,4,,,13,15,0,77,1
o183,2,1,0,infinity,3,,,10,12,0,64,1
o183,2,1,1,infinity,4,,,11,13,0,68,1
o183,2,1,2,infinity,4,,,12,14,0,73,1
o183,2,1,3,infinity,4,,,13,15,0,78,1
o183,2,2,0,infinity,2,,,10,12,0,63,1
o183,2,2,1,infinity,3,,,11,13,0,68,1
o183,2,2,2,infinity,4,,,12,14,0,73,1
o183,2,2,3,infinity,4,,,13,15,0,78,1
o183,3,0,0,infinity,5,,,12,14,0,85,1
o183,3,0,1,infinity,5,,,13,15,0,90,1
o183,3,0,2,infinity,5,,,14,16,0,96,1
o183,3,0,3,infinity,5,,,15,17,0,102,1
o183,3,1,0,infinity,4,,,12,14,0,87,1
o183,3,1,1,infinity,5,,,13,15,0,91,1
o183,3,1,2,infinity,5,,,14,16,0,97,1
o183,3,1,3,infinity,5,,,15,17,0,103,1
o183,3,2,0,infinity,3,,,12,14,0,86,1
o183,3,2,1,infinity,4,,,13,15,0,92,1
o183,3,2,2,infinity,5,,,14,16,0,97,1
o183,3,2,3,infinity,5,,,15,17,0,103,1
o183,3,3,0,infinity,2,,,12,14,0,85,1
o183,3,3,1,infinity,3,,,13,15,0,91,1
o183,3,3,2,infinity,4,,,14,16,0,97,1
o183,3,3,3,infinity,5,,,15,17,0,103,1
o184,0,0,0,0,0,,,6,8,0,6,1
o184,0,0,1,1,1,,,7,9,0,7,1
o184,0,0,2,2,2,,,8,10,0,7,1
o184,0,0,3,3,3,,,9,11,0,7,1
o184,1,0,0,1,1,,,8,10,0,8,1
o184,1,0,1,2,1,,,9,11,0,11,1
o184,1,0,2,3,2,,,10,12,0,11,1
o184,1,0,3,4,3,,,11,13,0,11,1
o184,1,1,0,0,1,0,0,8,10,1,5,1
o184,1,1,1,1,1,,,9,11,0,8,1
o184,1,1,2,2,2,,,10,12,0,8,1
o184,1,1,3,3,3,,,11,13,0,8,1
o184,2,0,0,1,1,,,10,12,0,10,1
o184,2,0,1,2,1,,,11,13,0,14,1
o184,2,0,2,3,2,,,12,14,0,14,1
o184,2,0,3,4,3,,,13,15,0,14,1
o184,2,1,0,1,1,,,10,12,0,7,1
o184,2,1,1,2,1,,,11,13,0,12,1
o184,2,1,2,3,2,,,12,14,0,12,1
o184,2,1,3,4,3,,,13,15,0,12,1
o184,2,2,0,1,1,,,10,12,0,8,1
o184,2,2,1,1,1,,,11,13,0,9,1
o184,2,2,2,2,2,,,12,14,0,9,1
o184,2,2,3,3,3,,,13,15,0,9,1
o184,3,0,0,1,1,,,12,14,0,12,1
o184,3,0,1,2,1,,,13,15,0,17,1
o184,3,0,2,3,2,,,14,16,0,17,1
o184,3,0,3,4,3,,,15,17,0,17,1
o184,3,1,0,1,1,,,12,14,0,8,1
o184,3,1,1,2,1,,,13,15,0,14,1
o184,3,1,2,3,2,,,14,16,0,14,1
o184,3,1,3,4,3,,,15,17,0,14,1
o184,3,2,0,1,1,,,12,14,0,10,1
o184,3,2,1,2,1,,,13,15,0,15,1
o184,3,2,2,3,2,,,14,16,0,15,1
o184,3,2,3,4,3,,,15,17,0,15,1
o184,3,3,0,1,1,,,12,14,0,9,1
o184,3,3,1,1,1,,,13,15,0,10,1
o184,3,3,2,2,2,,,14,16,0,10,1
o184,3,3,3,3,3,,,15,17,0,10,1
o185,0,0,0,0,1,0,0,6,8,1,19,1
o185,0,0,1,1,1,,,7,9,0,13,1
o185,0,0,2,2,2,,,8,10,0,21,1
o185,0,0,3,3,3,,,9,11,0,15,1
o185,1,0,0,1,2,1,1,8,10,1,24,1
o185,1,0,1,2,2,,,9,11,0,17,1
o185,1,0,2,3,2,,,10,12,0,26,1
o185,1,0,3,4,3,,,11,13,0,19,1
o185,1,1,0,1,1,,,8,10,0,24,1
o185,1,1,1,1,2,1,1,9,11,1,15,1
o185,1,1,2,2,2,,,10,12,0,26,1
o185,1,1,3,3,3,,,11,13,0,18,1
o185,2,0,0,2,3,2,2,10,12,1,29,1
o185,2,0,1,3,3,,,11,13,0,21,1
o185,2,0,2,4,3,,,12,14,0,31,1
o185,2,0,3,5,3,,,13,15,0,23,1
o185,2,1,0,2,2,,,10,12,0,29,1
o185,2,1,1,2,3,2,2,11,13,1,18,1
o185,2,1,2,3,3,,,12,14,0,31,1
o185,2,1,3,4,3,,,13,15,0,22,1
o185,2,2,0,2,1,,,10,12,0,29,1
o185,2,2,1,2,2,,,11,13,0,19,1
o185,2,2,2,2,3,2,2,12,14,1,31,1
o185,2,2,3,3,3,,,13,15,0,21,1
o185,3,0,0,3,4,3,3,12,14,1,34,1
o185,3,0,1,4,4,,,13,15,0,25,1
o185,3,0,2,5,4,,,14,16,0,36,1
o185,3,0,3,6,4,,,15,17,0,27,1
o185,3,1,0,3,3,,,12,14,0,34,1
o185,3,1,1,3,4,3,3,13,15,1,21,1
o185,3,1,2,4,4,,,14,16,0,36,1
o185,3,1,3,5,4,,,15,17,0,26,1
o185,3,2,0,3,2,,,12,14,0,34,1
o185,3,2,1,3,3,,,13,15,0,23,1
o185,3,2,2,3,4,3,3,14,16,1,36,1
o185,3,2,3,4,4,,,15,17,0,25,1
o185,3,3,0,3,1,,,12,14,0,34,1
o185,3,3,1,3,2,,,13,15,0,22,1
o185,3,3,2,3,3,,,14,16,0,36,1
o185,3,3,3,3,4,3,3,15,17,1,23,1
o186,0,0,0,0,0,,,6,8,0,4,1
o186,0,0,1,1,1,,,7,9,0,4,1
o186,0,0,2,2,2,,,8,10,0,4,1
o186,0,0,3,3,3,,,9,11,0,4,1
o186,1,0,0,1,0,,,8,10,0,7,1
o186,1,0,1,2,1,,,9,11,0,7,1
o186,1,0,2,3,2,,,10,12,0,7,1
o186,1,0,3,4,3,,,11,13,0,7,1
o186,1,1,0,0,0,,,8,10,0,5,1
o186,1,1,1,1,1,,,9,11,0,5,1
o186,1,1,2,2,2,,,10,12,0,5,1
o186,1,1,3,3,3,,,11,13,0,5,1
o186,2,0,0,1,0,,,10,12,0,9,1
o186,2,0,1,2,1,,,11,13,0,9,1
o186,2,0,2,3,2,,,12,14,0,9,1
o186,2,0,3,4,3,,,13,15,0,9,1
o186,2,1,0,1,0,,,10,12,0,9,1
o186,2,1,1,2,1,,,11,13,0,9,1
o186,2,1,2,3,2,,,12,14,0,9,1
o186,2,1,3,4,3,,,13,15,0,9,1
o186,2,2,0,0,0,,,10,12,0,6,1
o186,2,2,1,1,1,,,11,13,0,6,1
o186,2,2,2,2,2,,,12,14,0,6,1
o186,2,2,3,3,3,,,13,15,0,6,1
o186,3,0,0,1,0,,,12,14,0,11,1
o186,3,0,1,2,1,,,13,15,0,11,1
o186,3,0,2,3,2,,,14,16,0,11,1
o186,3,0,3,4,3,,,15,17,0,11,1
o186,3,1,0,1,0,,,12,14,0,11,1
o186,3,1,1,2,1,,,13,15,0,11,1
o186,3,1,2,3,2,,,14,16,0,11,1
o186,3,1,3,4,3,,,15,17,0,11,1
o186,3,2,0,1,0,,,12,14,0,11,1
o186,3,2,1,2,1,,,13,15,0,11,1
o186,3,2,2,3,2,,,14,16,0,11,1
o186,3,2,3,4,3,,,15,17,0,11,1
o186,3,3,0,0,0,,,12,14,0,7,1
o186,3,3,1,1,1,,,13,15,0,7,1
o186,3,3,2,2,2,,,14,16,0,7,1
o186,3,3,3,3,3,,,15,17,0,7,1
o187,0,0,0,0,1,0,0,6,8,1,11,1
o187,0,0,1,1,1,,,7,9,0,12,1
o187,0,0,2,2,2,,,8,10,0,13,1
o187,0,0,3,3,3,,,9,11,0,14,1
o187,1,0,0,1,2,1,1,8,10,1,14,1
o187,1,0,1,2,2,,,9,11,0,16,1
o187,1,0,2,3,2,,,10,12,0,17,1
o187,1,0,3,4,3,,,11,13,0,18,1
o187,1,1,0,1,1,,,8,10,0,14,1
o187,1,1,1,1,2,1,1,9,11,1,15,1
o187,1,1,2,2,2,,,10,12,0,16,1
o187,1,1,3,3,3,,,11,13,0,17,1
o187,2,0,0,2,3,2,2,10,12,1,17,1
o187,2,0,1,3,3,,,11,13,0,20,1
o187,2,0,2,4,3,,,12,14,0,21,1
o187,2,0,3,5,3,,,13,15,0,22,1
o187,2,1,0,2,2,,,10,12,0,18,1
o187,2,1,1,2,3,2,2,11,13,1,18,1
o187,2,1,2,3,3,,,12,14,0,20,1
o187,2,1,3,4,3,,,13,15,0,21,1
o187,2,2,0,2,1,,,10,12,0,17,1
o187,2,2,1,2,2,,,11,13,0,18,1
o187,2,2,2,2,3,2,2,12,14,1,19,1
o187,2,2,3,3,3,,,13,15,0,20,1
o187,3,0,0,3,4,3,3,12,14,1,20,1
o187,3,0,1,4,4,,,13,15,0,24,1
o187,3,0,2,5,4,,,14,16,0,25,1
o187,3,0,3,6,4,,,15,17,0,26,1
o187,3,1,0,3,3,,,12,14,0,22,1
o187,3,1,1,3,4,3,3,13,15,1,21,1
o187,3,1,2,4,4,,,14,16,0,24,1
o187,3,1,3,5,4,,,15,17,0,25,1
o187,3,2,0,3,2,,,12,14,0,21,1
o187,3,2,1,3,3,,,13,15,0,22,1
o187,3,2,2,3,4,3,3,14,16,1,22,1
o187,3,2,3,4,4,,,15,17,0,24,1
o187,3,3,0,3,1,,,12,14,0,20,1
o187,3,3,1,3,2,,,13,15,0,21,1
o187,3,3,2,3,3,,,14,16,0,22,1
o187,3,3,3,3,4,3,3,15,17,1,23,1
o188,0,0,0,infinity,0,,,6,8,0,21,1
o188,0,0,1,infinity,1,,,7,9,0,23,1
o188,0,0,2,infinity,2,,,8,10,0,25,1
o188,0,0,3,infinity,3,,,9,11,0,27,1
o188,1,0,0,infinity,1,,,8,10,0,28,1
o188,1,0,1,infinity,1,,,9,11,0,30,1
o188,1,0,2,infinity,2,,,10,12,0,32,1
o188,1,0,3,infinity,3,,,11,13,0,34,1
o188,1,1,0,infinity,1,,,8,10,0,26,1
o188,1,1,1,infinity,1,,,9,11,0,29,1
o188,1,1,2,infinity,2,,,10,12,0,31,1
o188,1,1,3,infinity,3,,,11,13,0,33,1
o188,2,0,0,infinity,1,,,10,12,0,35,1
o188,2,0,1,infinity,1,,,11,13,0,37,1
o188,2,0,2,infinity,2,,,12,14,0,39,1
o188,2,0,3,infinity,3,,,13,15,0,41,1
o188,2,1,0,infinity,1,,,10,12,0,32,1
o188,2,1,1,infinity,1,,,11,13,0,36,1
o188,2,1,2,infinity,2,,,12,14,0,38,1
o188,2,1,3,infinity,3,,,13,15,0,40,1
o188,2,2,0,infinity,1,,,10,12,0,33,1
o188,2,2,1,infinity,1,,,11,13,0,35,1
o188,2,2,2,infinity,2,,,12,14,0,37,1
o188,2,2,3,infinity,3,,,13,15,0,39,1
o188,3,0,0,infinity,1,,,12,14,0,42,1
o188,3,0,1,infinity,1,,,13,15,0,44,1
o188,3,0,2,infinity,2,,,14,16,0,46,1
o188,3,0,3,infinity,3,,,15,17,0,48,1
o188,3,1,0,infinity,1,,,12,14,0,38,1
o188,3,1,1,infinity,1,,,13,15,0,42,1
o188,3,1,2,infinity,2,,,14,16,0,44,1
o188,3,1,3,infinity,3,,,15,17,0,46,1
o188,3,2,0,infinity,1,,,12,14,0,40,1
o188,3,2,1,infinity,1,,,13,15,0,42,1
o188,3,2,2,infinity,2,,,14,16,0,44,1
o188,3,2,3,infinity,3,,,15,17,0,46,1
o188,3,3,0,infinity,1,,,12,14,0,38,1
o188,3,3,1,infinity,1,,,13,15,0,41,1
o188,3,3,2,infinity,2,,,14,16,0,43,1
o188,3,3,3,infinity,3,,,15,17,0,45,1
o189,0,0,0,infinity,1,,,6,8,0,27,1
o189,0,0,1,infinity,1,,,7,9,0,30,1
o189,0,0,2,infinity,2,,,8,10,0,33,1
o189,0,0,3,infinity,3,,,9,11,0,36,1
o189,1,0,0,infinity,2,,,8,10,0,44,1
o189,1,0,1,infinity,3,,,9,11,0,48,1
o189,1,0,2,infinity,3,,,10,12,0,52,1
o189,1,0,3,infinity,3,,,11,13,0,56,1
o189,1,1,0,infinity,2,,,8,10,0,43,1
o189,1,1,1,infinity,3,,,9,11,0,46,1
o189,1,1,2,infinity,3,,,10,12,0,50,1
o189,1,1,3,infinity,3,,,11,13,0,54,1
o189,2,0,0,infinity,3,,,10,12,0,64,1
o189,2,0,1,infinity,3,,,11,13,0,69,1
o189,2,0,2,infinity,3,,,12,14,0,74,1
o189,2,0,3,infinity,3,,,13,15,0,79,1
o189,2,1,0,infinity,2,,,10,12,0,63,1
o189,2,1,1,infinity,3,,,11,13,0,66,1
o189,2,1,2,infinity,3,,,12,14,0,71,1
o189,2,1,3,infinity,3,,,13,15,0,76,1
o189,2,2,0,infinity,2,,,10,12,0,62,1
o189,2,2,1,infinity,3,,,11,13,0,67,1
o189,2,2,2,infinity,3,,,12,14,0,72,1
o189,2,2,3,infinity,3,,,13,15,0,77,1
o189,3,0,0,infinity,4,,,12,14,0,87,1
o189,3,0,1,infinity,5,,,13,15,0,93,1
o189,3,0,2,infinity,5,,,14,16,0,99,1
o189,3,0,3,infinity,5,,,15,17,0,105,1
o189,3,1,0,infinity,4,,,12,14,0,86,1
o189,3,1,1,infinity,5,,,13,15,0,89,1
o189,3,1,2,infinity,5,,,14,16,0,95,1
o189,3,1,3,infinity,5,,,15,17,0,101,1
o189,3,2,0,infinity,2,,,12,14,0,85,1
o189,3,2,1,infinity,3,,,13,15,0,91,1
o189,3,2,2,infinity,4,,,14,16,0,97,1
o189,3,2,3,infinity,5,,,15,17,0,103,1
o189,3,3,0,infinity,2,,,12,14,0,84,1
o189,3,3,1,infinity,3,,,13,15,0,90,1
o189,3,3,2,infinity,4,,,14,16,0,96,1
o189,3,3,3,infinity,5,,,15,17,0,101,1
o190,0,0,0,infinity,0,,,6,8,0,19,1
o190,0,0,1,infinity,1,,,7,9,0,21,1
o190,0,0,2,infinity,2,,,8,10,0,23,1
o190,0,0,3,infinity,3,,,9,11,0,25,1
o190,1,0,0,infinity,0,,,8,10,0,26,1
o190,1,0,1,infinity,1,,,9,11,0,28,1
o190,1,0,2,infinity,2,,,10,12,0,30,1
o190,1,0,3,infinity,3,,,11,13,0,32,1
o190,1,1,0,infinity,0,,,8,10,0,25,1
o190,1,1,1,infinity,1,,,9,11,0,27,1
o190,1,1,2,infinity,2,,,10,12,0,29,1
o190,1,1,3,infinity,3,,,11,13,0,31,1
o190,2,0,0,infinity,0,,,10,12,0,32,1
o190,2,0,1,infinity,1,,,11,13,0,34,1
o190,2,0,2,infinity,2,,,12,14,0,36,1
o190,2,0,3,infinity,3,,,13,15,0,38,1
o190,2,1,0,infinity,0,,,10,12,0,32,1
o190,2,1,1,infinity,1,,,11,13,0,34,1
o190,2,1,2,infinity,2,,,12,14,0,36,1
o190,2,1,3,infinity,3,,,13,15,0,38,1
o190,2,2,0,infinity,0,,,10,12,0,31,1
o190,2,2,1,infinity,1,,,11,13,0,33,1
o190,2,2,2,infinity,2,,,12,14,0,35,1
o190,2,2,3,infinity,3,,,13,15,0,37,1
o190,3,0,0,infinity,0,,,12,14,0,38,1
o190,3,0,1,infinity,1,,,13,15,0,40,1
o190,3,0,2,infinity,2,,,14,16,0,42,1
o190,3,0,3,infinity,3,,,15,17,0,44,1
o190,3,1,0,infinity,0,,,12,14,0,38,1
o190,3,1,1,infinity,1,,,13,15,0,40,1
o190,3,1,2,infinity,2,,,14,16,0,42,1
o190,3,1,3,infinity,3,,,15,17,0,44,1
o190,3,2,0,infinity,0,,,12,14,0,38,1
o190,3,2,1,infinity,1,,,13,15,0,40,1
o190,3,2,2,infinity,2,,,14,16,0,42,1
o190,3,2,3,infinity,3,,,15,17,0,44,1
o190,3,3,0,infinity,0,,,12,14,0,37,1
o190,3,3,1,infinity,1,,,13,15,0,39,1
o190,3,3,2,infinity,2,,,14,16,0,41,1
o190,3,3,3,infinity,3,,,15,17,0,43,1
o191,0,0,0,infinity,infinity,,,6,8,0,18,1
o191,0,0,1,infinity,infinity,,,7,9,0,20,1
o191,0,0,2,infinity,infinity,,,8,10,0,22,1
o191,0,0,3,infinity,infinity,,,9,11,0,24,1
o191,1,0,0,infinity,infinity,,,8,10,0,31,1
o191,1,0,1,infinity,infinity,,,9,11,0,34,1
o191,1,0,2,infinity,infinity,,,10,12,0,37,1
o191,1,0,3,infinity,infinity,,,11,13,0,40,1
o191,1,1,0,infinity,infinity,,,8,10,0,32,1
o191,1,1,1,infinity,infinity,,,9,11,0,34,1
o191,1,1,2,infinity,infinity,,,10,12,0,37,1
o191,1,1,3,infinity,infinity,,,11,13,0,40,1
o191,2,0,0,infinity,infinity,,,10,12,0,47,1
o191,2,0,1,infinity,infinity,,,11,13,0,51,1
o191,2,0,2,infinity,infinity,,,12,14,0,55,1
o191,2,0,3,infinity,infinity,,,13,15,0,59,1
o191,2,1,0,infinity,infinity,,,10,12,0,49,1
o191,2,1,1,infinity,infinity,,,11,13,0,51,1
o191,2,1,2,infinity,infinity,,,12,14,0,55,1
o191,2,1,3,infinity,infinity,,,13,15,0,59,1
o191,2,2,0,infinity,infinity,,,10,12,0,49,1
o191,2,2,1,infinity,infinity,,,11,13,0,52,1
o191,2,2,2,infinity,infinity,,,12,14,0,55,1
o191,2,2,3,infinity,infinity,,,13,15,0,59,1
o191,3,0,0,infinity,infinity,,,12,14,0,66,1
o191,3,0,1,infinity,infinity,,,13,15,0,71,1
o191,3,0,2,infinity,infinity,,,14,16,0,76,1
o191,3,0,3,infinity,infinity,,,15,17,0,81,1
o191,3,1,0,infinity,infinity,,,12,14,0,69,1
o191,3,1,1,infinity,infinity,,,13,15,0,71,1
o191,3,1,2,infinity,infinity,,,14,16,0,76,1
o191,3,1,3,infinity,infinity,,,15,17,0,81,1
o191,3,2,0,infinity,infinity,,,12,14,0,69,1
o191,3,2,1,infinity,infinity,,,13,15,0,73,1
o191,3,2,2,infinity,infinity,,,14,16,0,76,1
o191,3,2,3,infinity,infinity,,,15,17,0,81,1
o191,3,3,0,infinity,infinity,,,12,14,0,69,1
o191,3,3,1,infinity,infinity,,,13,15,0,73,1
o191,3,3,2,infinity,infinity,,,14,16,0,77,1
o191,3,3,3,infinity,infinity,,,15,17,0,81,1
o192,0,0,0,1,0,,,6,8,0,6,1
o192,0,0,1,2,1,,,7,9,0,7,1
o192,0,0,2,3,2,,,8,10,0,7,1
o192,0,0,3,4,3,,,9,11,0,7,1
o192,1,0,0,1,0,,,8,10,0,8,1
o192,1,0,1,2,1,,,9,11,0,11,1
o192,1,0,2,3,2,,,10,12,0,11,1
o192,1,0,3,4,3,,,11,13,0,11,1
o192,1,1,0,1,0,,,8,10,0,7,1
o192,1,1,1,2,1,,,9,11,0,8,1
o192,1,1,2,3,2,,,10,12,0,8,1
o192,1,1,3,4,3,,,11,13,0,8,1
o192,2,0,0,1,0,,,10,12,0,10,1
o192,2,0,1,2,1,,,11,13,0,13,1
o192,2,0,2,3,2,,,12,14,0,13,1
o192,2,0,3,4,3,,,13,15,0,13,1
o192,2,1,0,1,0,,,10,12,0,9,1
o192,2,1,1,2,1,,,11,13,0,13,1
o192,2,1,2,3,2,,,12,14,0,13,1
o192,2,1,3,4,3,,,13,15,0,13,1
o192,2,2,0,1,0,,,10,12,0,8,1
o192,2,2,1,2,1,,,11,13,0,9,1
o192,2,2,2,3,2,,,12,14,0,9,1
o192,2,2,3,4,3,,,13,15,0,9,1
o192,3,0,0,1,0,,,12,14,0,12,1
o192,3,0,1,2,1,,,13,15,0,15,1
o192,3,0,2,3,2,,,14,16,0,15,1
o192,3,0,3,4,3,,,15,17,0,15,1
o192,3,1,0,1,0,,,12,14,0,11,1
o192,3,1,1,2,1,,,13,15,0,15,1
o192,3,1,2,3,2,,,14,16,0,15,1
o192,3,1,3,4,3,,,15,17,0,15,1
o192,3,2,0,1,0,,,12,14,0,10,1
o192,3,2,1,2,1,,,13,15,0,15,1
o192,3,2,2,3,2,,,14,16,0,15,1
o192,3,2,3,4,3,,,15,17,0,15,1
o192,3,3,0,1,0,,,12,14,0,9,1
o192,3,3,1,2,1,,,13,15,0,10,1
o192,3,3,2,3,2,,,14,16,0,10,1
o192,3,3,3,4,3,,,15,17,0,10,1
o193,0,0,0,1,0,,,6,8,0,12,1
o193,0,0,1,2,1,,,7,9,0,21,1
o193,0,0,2,3,2,,,8,10,0,16,1
o193,0,0,3,4,3,,,9,11,0,23,1
o193,1,0,0,infinity,0,,,8,10,0,26,1
o193,1,0,1,infinity,1,,,9,11,0,38,1
o193,1,0,2,infinity,2,,,10,12,0,31,1
o193,1,0,3,infinity,3,,,11,13,0,42,1
o193,1,1,0,infinity,0,,,8,10,0,26,1
o193,1,1,1,infinity,1,,,9,11,0,38,1
o193,1,1,2,infinity,2,,,10,12,0,30,1
o193,1,1,3,infinity,3,,,11,13,0,42,1
o193,2,0,0,infinity,0,,,10,12,0,32,1
o193,2,0,1,infinity,1,,,11,13,0,46,1
o193,2,0,2,infinity,2,,,12,14,0,37,1
o193,2,0,3,infinity,3,,,13,15,0,50,1
o193,2,1,0,infinity,0,,,10,12,0,32,1
o193,2,1,1,infinity,1,,,11,13,0,46,1
o193,2,1,2,infinity,2,,,12,14,0,36,1
o193,2,1,3,infinity,3,,,13,15,0,50,1
o193,2,2,0,infinity,0,,,10,12,0,32,1
o193,2,2,1,infinity,1,,,11,13,0,46,1
o193,2,2,2,infinity,2,,,12,14,0,37,1
o193,2,2,3,infinity,3,,,13,15,0,50,1
o193,3,0,0,infinity,0,,,12,14,0,38,1
o193,3,0,1,infinity,1,,,13,15,0,54,1
o193,3,0,2,infinity,2,,,14,16,0,43,1
o193,3,0,3,infinity,3,,,15,17,0,58,1
o193,3,1,0,infinity,0,,,12,14,0,38,1
o193,3,1,1,infinity,1,,,13,15,0,54,1
o193,3,1,2,infinity,2,,,14,16,0,42,1
o193,3,1,3,infinity,3,,,15,17,0,58,1
o193,3,2,0,infinity,0,,,12,14,0,38,1
o193,3,2,1,infinity,1,,,13,15,0,54,1
o193,3,2,2,infinity,2,,,14,16,0,43,1
o193,3,2,3,infinity,3,,,15,17,0,58,1
o193,3,3,0,infinity,0,,,12,14,0,38,1
o193,3,3,1,infinity,1,,,13,15,0,54,1
o193,3,3,2,infinity,2,,,14,16,0,43,1
o193,3,3,3,infinity,3,,,15,17,0,58,1
o194,0,0,0,1,0,,,6,8,0,6,1
o194,0,0,1,2,1,,,7,9,0,8,1
o194,0,0,2,3,2,,,8,10,0,8,1
o194,0,0,3,4,3,,,9,11,0,8,1
o194,1,0,0,1,0,,,8,10,0,9,1
o194,1,0,1,2,1,,,9,11,0,14,1
o194,1,0,2,3,2,,,10,12,0,14,1
o194,1,0,3,4,3,,,11,13,0,14,1
o194,1,1,0,1,0,,,8,10,0,8,1
o194,1,1,1,2,1,,,9,11,0,10,1
o194,1,1,2,3,2,,,10,12,0,10,1
o194,1,1,3,4,3,,,11,13,0,10,1
o194,2,0,0,1,0,,,10,12,0,12,1
o194,2,0,1,2,1,,,11,13,0,18,1
o194,2,0,2,3,2,,,12,14,0,18,1
o194,2,0,3,4,3,,,13,15,0,18,1
o194,2,1,0,1,0,,,10,12,0,11,1
o194,2,1,1,2,1,,,11,13,0,18,1
o194,2,1,2,3,2,,,12,14,0,18,1
o194,2,1,3,4,3,,,13,15,0,18,1
o194,2,2,0,1,0,,,10,12,0,10,1
o194,2,2,1,2,1,,,11,13,0,12,1
o194,2,2,2,3,2,,,12,14,0,12,1
o194,2,2,3,4,3,,,13,15,0,12,1
o194,3,0,0,1,0,,,12,14,0,15,1
o194,3,0,1,2,1,,,13,15,0,22,1
o194,3,0,2,3,2,,,14,16,0,22,1
o194,3,0,3,4,3,,,15,17,0,22,1
o194,3,1,0,1,0,,,12,14,0,14,1
o194,3,1,1,2,1,,,13,15,0,22,1
o194,3,1,2,3,2,,,14,16,0,22,1
o194,3,1,3,4,3,,,15,17,0,22,1
o194,3,2,0,1,0,,,12,14,0,13,1
o194,3,2,1,2,1,,,13,15,0,22,1
o194,3,2,2,3,2,,,14,16,0,22,1
o194,3,2,3,4,3,,,15,17,0,22,1
o194,3,3,0,1,0,,,12,14,0,12,1
o194,3,3,1,2,1,,,13,15,0,14,1
o194,3,3,2,3,2,,,14,16,0,14,1
o194,3,3,3,4,3,,,15,17,0,14,1
o195,0,0,0,1,0,,,6,8,0,12,1
o195,0,0,1,2,1,,,7,9,0,15,1
o195,0,0,2,3,2,,,8,10,0,16,1
o195,0,0,3,4,3,,,9,11,0,17,1
o195,1,0,0,2,0,,,8,10,0,16,1
o195,1,0,1,3,1,,,9,11,0,20,1
o195,1,0,2,4,2,,,10,12,0,21,1
o195,1,0,3,5,3,,,11,13,0,22,1
o195,1,1,0,2,0,,,8,10,0,16,1
o195,1,1,1,3,1,,,9,11,0,20,1
o195,1,1,2,4,2,,,10,12,0,21,1
o195,1,1,3,5,3,,,11,13,0,22,1
o195,2,0,0,3,0,,,10,12,0,20,1
o195,2,0,1,4,1,,,11,13,0,25,1
o195,2,0,2,5,2,,,12,14,0,26,1
o195,2,0,3,6,3,,,13,15,0,27,1
o195,2,1,0,3,0,,,10,12,0,20,1
o195,2,1,1,4,1,,,11,13,0,25,1
o195,2,1,2,5,2,,,12,14,0,26,1
o195,2,1,3,6,3,,,13,15,0,27,1
o195,2,2,0,3,0,,,10,12,0,20,1
o195,2,2,1,4,1,,,11,13,0,25,1
o195,2,2,2,5,2,,,12,14,0,26,1
o195,2,2,3,6,3,,,13,15,0,27,1
o195,3,0,0,4,0,,,12,14,0,24,1
o195,3,0,1,5,1,,,13,15,0,30,1
o195,3,0,2,6,2,,,14,16,0,31,1
o195,3,0,3,7,3,,,15,17,0,32,1
o195,3,1,0,4,0,,,12,14,0,24,1
o195,3,1,1,5,1,,,13,15,0,30,1
o195,3,1,2,6,2,,,14,16,0,31,1
o195,3,1,3,7,3,,,15,17,0,32,1
o195,3,2,0,4,0,,,12,14,0,24,1
o195,3,2,1,5,1,,,13,15,0,30,1
o195,3,2,2,6,2,,,14,16,0,31,1
o195,3,2,3,7,3,,,15,17,0,32,1
o195,3,3,0,4,0,,,12,14,0,24,1
o195,3,3,1,5,1,,,13,15,0,30,1
o195,3,3,2,6,2,,,14,16,0,31,1
o195,3,3,3,7,3,,,15,17,0,32,1
o196,0,0,0,infinity,0,,,6,8,0,20,1
o196,0,0,1,infinity,1,,,7,9,0,21,1
o196,0,0,2,infinity,2,,,8,10,0,22,1
o196,0,0,3,infinity,3,,,9,11,0,23,1
o196,1,0,0,infinity,0,,,8,10,0,26,1
o196,1,0,1,infinity,1,,,9,11,0,37,1
o196,1,0,2,infinity,2,,,10,12,0,29,1
o196,1,0,3,infinity,3,,,11,13,0,41,1
o196,1,1,0,infinity,0,,,8,10,0,25,1
o196,1,1,1,infinity,1,,,9,11,0,37,1
o196,1,1,2,infinity,2,,,10,12,0,30,1
o196,1,1,3,infinity,3,,,11,13,0,41,1
o196,2,0,0,infinity,0,,,10,12,0,32,1
o196,2,0,1,infinity,1,,,11,13,0,45,1
o196,2,0,2,infinity,2,,,12,14,0,35,1
o196,2,0,3,infinity,3,,,13,15,0,49,1
o196,2,1,0,infinity,0,,,10,12,0,31,1
o196,2,1,1,infinity,1,,,11,13,0,45,1
o196,2,1,2,infinity,2,,,12,14,0,36,1
o196,2,1,3,infinity,3,,,13,15,0,49,1
o196,2,2,0,infinity,0,,,10,12,0,31,1
o196,2,2,1,infinity,1,,,11,13,0,45,1
o196,2,2,2,infinity,2,,,12,14,0,36,1
o196,2,2,3,infinity,3,,,13,15,0,49,1
o196,3,0,0,infinity,0,,,12,14,0,38,1
o196,3,0,1,infinity,1,,,13,15,0,53,1
o196,3,0,2,infinity,2,,,14,16,0,41,1
o196,3,0,3,infinity,3,,,15,17,0,57,1
o196,3,1,0,infinity,0,,,12,14,0,37,1
o196,3,1,1,infinity,1,,,13,15,0,53,1
o196,3,1,2,infinity,2,,,14,16,0,42,1
o196,3,1,3,infinity,3,,,15,17,0,57,1
o196,3,2,0,infinity,0,,,12,14,0,37,1
o196,3,2,1,infinity,1,,,13,15,0,53,1
o196,3,2,2,infinity,2,,,14,16,0,42,1
o196,3,2,3,infinity,3,,,15,17,0,57,1
o196,3,3,0,infinity,0,,,12,14,0,37,1
o196,3,3,1,infinity,1,,,13,15,0,53,1
o196,3,3,2,infinity,2,,,14,16,0,42,1
o196,3,3,3,infinity,3,,,15,17,0,57,1
o197,0,0,0,infinity,0,,,6,8,0,20,1
o197,0,0,1,infinity,1,,,7,9,0,27,1
o197,0,0,2,infinity,2,,,8,10,0,22,1
o197,0,0,3,infinity,3,,,9,11,0,29,1
o197,1,0,0,infinity,0,,,8,10,0,30,1
o197,1,0,1,infinity,1,,,9,11,0,46,1
o197,1,0,2,infinity,2,,,10,12,0,34,1
o197,1,0,3,infinity,3,,,11,13,0,51,1
o197,1,1,0,infinity,0,,,8,10,0,29,1
o197,1,1,1,infinity,1,,,9,11,0,46,1
o197,1,1,2,infinity,2,,,10,12,0,34,1
o197,1,1,3,infinity,3,,,11,13,0,51,1
o197,2,0,0,infinity,0,,,10,12,0,37,1
o197,2,0,1,infinity,1,,,11,13,0,56,1
o197,2,0,2,infinity,2,,,12,14,0,41,1
o197,2,0,3,infinity,3,,,13,15,0,61,1
o197,2,1,0,infinity,0,,,10,12,0,36,1
o197,2,1,1,infinity,1,,,11,13,0,56,1
o197,2,1,2,infinity,2,,,12,14,0,41,1
o197,2,1,3,infinity,3,,,13,15,0,61,1
o197,2,2,0,infinity,0,,,10,12,0,36,1
o197,2,2,1,infinity,1,,,11,13,0,56,1
o197,2,2,2,infinity,2,,,12,14,0,42,1
o197,2,2,3,infinity,3,,,13,15,0,61,1
o197,3,0,0,infinity,0,,,12,14,0,44,1
o197,3,0,1,infinity,1,,,13,15,0,66,1
o197,3,0,2,infinity,2,,,14,16,0,48,1
o197,3,0,3,infinity,3,,,15,17,0,71,1
o197,3,1,0,infinity,0,,,12,14,0,43,1
o197,3,1,1,infinity,1,,,13,15,0,66,1
o197,3,1,2,infinity,2,,,14,16,0,48,1
o197,3,1,3,infinity,3,,,15,17,0,71,1
o197,3,2,0,infinity,0,,,12,14,0,43,1
o197,3,2,1,infinity,1,,,13,15,0,66,1
o197,3,2,2,infinity,2,,,14,16,0,49,1
o197,3,2,3,infinity,3,,,15,17,0,71,1
o197,3,3,0,infinity,0,,,12,14,0,43,1
o197,3,3,1,infinity,1,,,13,15,0,66,1
o197,3,3,2,infinity,2,,,14,16,0,49,1
o197,3,3,3,infinity,3,,,15,17,0,71,1
o198,0,0,0,infinity,0,,,6,8,0,28,1
o198,0,0,1,infinity,1,,,7,9,0,30,1
o198,0,0,2,infinity,2,,,8,10,0,32,1
o198,0,0,3,infinity,3,,,9,11,0,34,1
o198,1,0,0,infinity,0,,,8,10,0,47,1
o198,1,0,1,infinity,1,,,9,11,0,50,1
o198,1,0,2,infinity,2,,,10,12,0,54,1
o198,1,0,3,infinity,3,,,11,13,0,58,1
o198,1,1,0,infinity,0,,,8,10,0,46,1
o198,1,1,1,infinity,1,,,9,11,0,51,1
o198,1,1,2,infinity,2,,,10,12,0,55,1
o198,1,1,3,infinity,3,,,11,13,0,59,1
o198,2,0,0,infinity,0,,,10,12,0,59,1
o198,2,0,1,infinity,1,,,11,13,0,62,1
o198,2,0,2,infinity,2,,,12,14,0,66,1
o198,2,0,3,infinity,3,,,13,15,0,70,1
o198,2,1,0,infinity,0,,,10,12,0,58,1
o198,2,1,1,infinity,1,,,11,13,0,63,1
o198,2,1,2,infinity,2,,,12,14,0,67,1
o198,2,1,3,infinity,3,,,13,15,0,71,1
o198,2,2,0,infinity,0,,,10,12,0,58,1
o198,2,2,1,infinity,1,,,11,13,0,63,1
o198,2,2,2,infinity,2,,,12,14,0,67,1
o198,2,2,3,infinity,3,,,13,15,0,71,1
o198,3,0,0,infinity,0,,,12,14,0,71,1
o198,3,0,1,infinity,1,,,13,15,0,74,1
o198,3,0,2,infinity,2,,,14,16,0,78,1
o198,3,0,3,infinity,3,,,15,17,0,82,1
o198,3,1,0,infinity,0,,,12,14,0,70,1
o198,3,1,1,infinity,1,,,13,15,0,75,1
o198,3,1,2,infinity,2,,,14,16,0,79,1
o198,3,1,3,infinity,3,,,15,17,0,83,1
o198,3,2,0,infinity,0,,,12,14,0,70,1
o198,3,2,1,infinity,1,,,13,15,0,75,1
o198,3,2,2,infinity,2,,,14,16,0,79,1
o198,3,2,3,infinity,3,,,15,17,0,83,1
o198,3,3,0,infinity,0,,,12,14,0,70,1
o198,3,3,1,infinity,1,,,13,15,0,75,1
o198,3,3,2,infinity,2,,,14,16,0,79,1
o198,3,3,3,infinity,3,,,15,17,0,83,1
o199,0,0,0,infinity,0,,,6,8,0,26,1
o199,0,0,1,infinity,1,,,7,9,0,28,1
o199,0,0,2,infinity,2,,,8,10,0,30,1
o199,0,0,3,infinity,3,,,9,11,0,32,1
o199,1,0,0,infinity,0,,,8,10,0,49,1
o199,1,0,1,infinity,1,,,9,11,0,56,1
o199,1,0,2,infinity,2,,,10,12,0,58,1
o199,1,0,3,infinity,3,,,11,13,0,63,1
o199,1,1,0,infinity,0,,,8,10,0,48,1
o199,1,1,1,infinity,1,,,9,11,0,56,1
o199,1,1,2,infinity,2,,,10,12,0,59,1
o199,1,1,3,infinity,3,,,11,13,0,64,1
o199,2,0,0,infinity,0,,,10,12,0,70,1
o199,2,0,1,infinity,1,,,11,13,0,79,1
o199,2,0,2,infinity,2,,,12,14,0,81,1
o199,2,0,3,infinity,3,,,13,15,0,87,1
o199,2,1,0,infinity,0,,,10,12,0,69,1
o199,2,1,1,infinity,1,,,11,13,0,79,1
o199,2,1,2,infinity,2,,,12,14,0,82,1
o199,2,1,3,infinity,3,,,13,15,0,88,1
o199,2,2,0,infinity,0,,,10,12,0,69,1
o199,2,2,1,infinity,1,,,11,13,0,79,1
o199,2,2,2,infinity,2,,,12,14,0,82,1
o199,2,2,3,infinity,3,,,13,15,0,88,1
o199,3,0,0,infinity,0,,,12,14,0,94,1
o199,3,0,1,infinity,1,,,13,15,0,105,1
o199,3,0,2,infinity,2,,,14,16,0,107,1
o199,3,0,3,infinity,3,,,15,17,0,114,1
o199,3,1,0,infinity,0,,,12,14,0,93,1
o199,3,1,1,infinity,1,,,13,15,0,105,1
o199,3,1,2,infinity,2,,,14,16,0,108,1
o199,3,1,3,infinity,3,,,15,17,0,115,1
o199,3,2,0,infinity,0,,,12,14,0,93,1
o199,3,2,1,infinity,1,,,13,15,0,105,1
o199,3,2,2,infinity,2,,,14,16,0,108,1
o199,3,2,3,infinity,3,,,15,17,0,115,1
o199,3,3,0,infinity,0,,,12,14,0,93,1
o199,3,3,1,infinity,1,,,13,15,0,105,1
o199,3,3,2,infinity,2,,,14,16,0,108,1
o199,3,3,3,infinity,3,,,15,17,0,115,1
o200,0,0,0,1,0,,,6,8,0,6,1
o200,0,0,1,2,1,,,7,9,0,7,1
o200,0,0,2,3,2,,,8,10,0,7,1
o200,0,0,3,4,3,,,9,11,0,7,1
o200,1,0,0,1,0,,,8,10,0,7,1
o200,1,0,1,2,1,,,9,11,0,11,1
o200,1,0,2,3,2,,,10,12,0,11,1
o200,1,0,3,4,3,,,11,13,0,11,1
o200,1,1,0,1,0,,,8,10,0,6,1
o200,1,1,1,2,1,,,9,11,0,8,1
o200,1,1,2,3,2,,,10,12,0,8,1
o200,1,1,3,4,3,,,11,13,0,8,1
o200,2,0,0,1,0,,,10,12,0,9,1
o200,2,0,1,2,1,,,11,13,0,13,1
o200,2,0,2,3,2,,,12,14,0,13,1
o200,2,0,3,4,3,,,13,15,0,13,1
o200,2,1,0,1,0,,,10,12,0,8,1
o200,2,1,1,2,1,,,11,13,0,13,1
o200,2,1,2,3,2,,,12,14,0,13,1
o200,2,1,3,4,3,,,13,15,0,13,1
o200,2,2,0,1,0,,,10,12,0,7,1
o200,2,2,1,2,1,,,11,13,0,9,1
o200,2,2,2,3,2,,,12,14,0,9,1
o200,2,2,3,4,3,,,13,15,0,9,1
o200,3,0,0,1,0,,,12,14,0,11,1
o200,3,0,1,2,1,,,13,15,0,15,1
o200,3,0,2,3,2,,,14,16,0,15,1
o200,3,0,3,4,3,,,15,17,0,15,1
o200,3,1,0,1,0,,,12,14,0,10,1
o200,3,1,1,2,1,,,13,15,0,15,1
o200,3,1,2,3,2,,,14,16,0,15,1
o200,3,1,3,4,3,,,15,17,0,15,1
o200,3,2,0,1,0,,,12,14,0,9,1
o200,3,2,1,2,1,,,13,15,0,15,1
o200,3,2,2,3,2,,,14,16,0,15,1
o200,3,2,3,4,3,,,15,17,0,15,1
o200,3,3,0,1,0,,,12,14,0,8,1
o200,3,3,1,2,1,,,13,15,0,10,1
o200,3,3,2,3,2,,,14,16,0,10,1
o200,3,3,3,4,3,,,15,17,0,10,1
o201,0,0,0,1,0,,,6,8,0,21,1
o201,0,0,1,2,1,,,7,9,0,23,1
o201,0,0,2,3,2,,,8,10,0,25,1
o201,0,0,3,4,3,,,9,11,0,27,1
o201,1,0,0,infinity,0,,,8,10,0,45,1
o201,1,0,1,infinity,1,,,9,11,0,49,1
o201,1,0,2,infinity,2,,,10,12,0,53,1
o201,1,0,3,infinity,3,,,11,13,0,57,1
o201,1,1,0,infinity,0,,,8,10,0,44,1
o201,1,1,1,infinity,1,,,9,11,0,37,1
o201,1,1,2,infinity,2,,,10,12,0,50,1
o201,1,1,3,infinity,3,,,11,13,0,43,1
o201,2,0,0,infinity,0,,,10,12,0,55,1
o201,2,0,1,infinity,1,,,11,13,0,59,1
o201,2,0,2,infinity,2,,,12,14,0,63,1
o201,2,0,3,infinity,3,,,13,15,0,67,1
o201,2,1,0,infinity,0,,,10,12,0,54,1
o201,2,1,1,infinity,1,,,11,13,0,57,1
o201,2,1,2,infinity,2,,,12,14,0,61,1
o201,2,1,3,infinity,3,,,13,15,0,65,1
o201,2,2,0,infinity,0,,,10,12,0,53,1
o201,2,2,1,infinity,1,,,11,13,0,58,1
o201,2,2,2,infinity,2,,,12,14,0,62,1
o201,2,2,3,infinity,3,,,13,15,0,66,1
o201,3,0,0,infinity,0,,,12,14,0,65,1
o201,3,0,1,infinity,1,,,13,15,0,69,1
o201,3,0,2,infinity,2,,,14,16,0,73,1
o201,3,0,3,infinity,3,,,15,17,0,77,1
o201,3,1,0,infinity,0,,,12,14,0,64,1
o201,3,1,1,infinity,1,,,13,15,0,67,1
o201,3,1,2,infinity,2,,,14,16,0,71,1
o201,3,1,3,infinity,3,,,15,17,0,75,1
o201,3,2,0,infinity,0,,,12,14,0,63,1
o201,3,2,1,infinity,1,,,13,15,0,68,1
o201,3,2,2,infinity,2,,,14,16,0,72,1
o201,3,2,3,infinity,3,,,15,17,0,76,1
o201,3,3,0,infinity,0,,,12,14,0,63,1
o201,3,3,1,infinity,1,,,13,15,0,68,1
o201,3,3,2,infinity,2,,,14,16,0,72,1
o201,3,3,3,infinity,3,,,15,17,0,76,1
o202,0,0,0,1,0,,,6,8,0,6,1
o202,0,0,1,2,1,,,7,9,0,6,1
o202,0,0,2,3,2,,,8,10,0,6,1
o202,0,0,3,4,3,,,9,11,0,6,1
o202,1,0,0,1,0,,,8,10,0,8,1
o202,1,0,1,2,1,,,9,11,0,11,1
o202,1,0,2,3,2,,,10,12,0,11,1
o202,1,0,3,4,3,,,11,13,0,11,1
o202,1,1,0,1,0,,,8,10,0,7,1
o202,1,1,1,2,1,,,9,11,0,7,1
o202,1,1,2,3,2,,,10,12,0,7,1
o202,1,1,3,4,3,,,11,13,0,7,1
o202,2,0,0,1,0,,,10,12,0,10,1
o202,2,0,1,2,1,,,11,13,0,14,1
o202,2,0,2,3,2,,,12,14,0,14,1
o202,2,0,3,4,3,,,13,15,0,14,1
o202,2,1,0,1,0,,,10,12,0,9,1
o202,2,1,1,2,1,,,11,13,0,13,1
o202,2,1,2,3,2,,,12,14,0,13,1
o202,2,1,3,4,3,,,13,15,0,13,1
o202,2,2,0,1,0,,,10,12,0,8,1
o202,2,2,1,2,1,,,11,13,0,8,1
o202,2,2,2,3,2,,,12,14,0,8,1
o202,2,2,3,4,3,,,13,15,0,8,1
o202,3,0,0,1,0,,,12,14,0,12,1
o202,3,0,1,2,1,,,13,15,0,17,1
o202,3,0,2,3,2,,,14,16,0,17,1
o202,3,0,3,4,3,,,15,17,0,17,1
o202,3,1,0,1,0,,,12,14,0,11,1
o202,3,1,1,2,1,,,13,15,0,16,1
o202,3,1,2,3,2,,,14,16,0,16,1
o202,3,1,3,4,3,,,15,17,0,16,1
o202,3,2,0,1,0,,,12,14,0,10,1
o202,3,2,1,2,1,,,13,15,0,15,1
o202,3,2,2,3,2,,,14,16,0,15,1
o202,3,2,3,4,3,,,15,17,0,15,1
o202,3,3,0,1,0,,,12,14,0,9,1
o202,3,3,1,2,1,,,13,15,0,9,1
o202,3,3,2,3,2,,,14,16,0,9,1
o202,3,3,3,4,3,,,15,17,0,9,1
o203,0,0,0,1,0,,,6,8,0,13,1
o203,0,0,1,2,1,,,7,9,0,14,1
o203,0,0,2,3,2,,,8,10,0,15,1
o203,0,0,3,4,3,,,9,11,0,16,1
o203,1,0,0,2,0,,,8,10,0,18,1
o203,1,0,1,3,1,,,9,11,0,21,1
o203,1,0,2,4,2,,,10,12,0,22,1
o203,1,0,3,5,3,,,11,13,0,23,1
o203,1,1,0,2,0,,,8,10,0,17,1
o203,1,1,1,3,1,,,9,11,0,18,1
o203,1,1,2,4,2,,,10,12,0,19,1
o203,1,1,3,5,3,,,11,13,0,20,1
o203,2,0,0,3,0,,,10,12,0,23,1
o203,2,0,1,4,1,,,11,13,0,27,1
o203,2,0,2,5,2,,,12,14,0,28,1
o203,2,0,3,6,3,,,13,15,0,29,1
o203,2,1,0,3,0,,,10,12,0,22,1
o203,2,1,1,4,1,,,11,13,0,26,1
o203,2,1,2,5,2,,,12,14,0,27,1
o203,2,1,3,6,3,,,13,15,0,28,1
o203,2,2,0,3,0,,,10,12,0,21,1
o203,2,2,1,4,1,,,11,13,0,22,1
o203,2,2,2,5,2,,,12,14,0,23,1
o203,2,2,3,6,3,,,13,15,0,24,1
o203,3,0,0,4,0,,,12,14,0,28,1
o203,3,0,1,5,1,,,13,15,0,33,1
o203,3,0,2,6,2,,,14,16,0,34,1
o203,3,0,3,7,3,,,15,17,0,35,1
o203,3,1,0,4,0,,,12,14,0,27,1
o203,3,1,1,5,1,,,13,15,0,32,1
o203,3,1,2,6,2,,,14,16,0,33,1
o203,3,1,3,7,3,,,15,17,0,34,1
o203,3,2,0,4,0,,,12,14,0,26,1
o203,3,2,1,5,1,,,13,15,0,31,1
o203,3,2,2,6,2,,,14,16,0,32,1
o203,3,2,3,7,3,,,15,17,0,33,1
o203,3,3,0,4,0,,,12,14,0,25,1
o203,3,3,1,5,1,,,13,15,0,26,1
o203,3,3,2,6,2,,,14,16,0,27,1
o203,3,3,3,7,3,,,15,17,0,28,1
o204,0,0,0,infinity,0,,,6,8,0,19,1
o204,0,0,1,infinity,1,,,7,9,0,20,1
o204,0,0,2,infinity,2,,,8,10,0,21,1
o204,0,0,3,infinity,3,,,9,11,0,22,1
o204,1,0,0,infinity,0,,,8,10,0,25,1
o204,1,0,1,infinity,1,,,9,11,0,27,1
o204,1,0,2,infinity,2,,,10,12,0,29,1
o204,1,0,3,infinity,3,,,11,13,0,31,1
o204,1,1,0,infinity,0,,,8,10,0,24,1
o204,1,1,1,infinity,1,,,9,11,0,27,1
o204,1,1,2,infinity,2,,,10,12,0,29,1
o204,1,1,3,infinity,3,,,11,13,0,31,1
o204,2,0,0,infinity,0,,,10,12,0,31,1
o204,2,0,1,infinity,1,,,11,13,0,33,1
o204,2,0,2,infinity,2,,,12,14,0,35,1
o204,2,0,3,infinity,3,,,13,15,0,37,1
o204,2,1,0,infinity,0,,,10,12,0,30,1
o204,2,1,1,infinity,1,,,11,13,0,33,1
o204,2,1,2,infinity,2,,,12,14,0,35,1
o204,2,1,3,infinity,3,,,13,15,0,37,1
o204,2,2,0,infinity,0,,,10,12,0,30,1
o204,2,2,1,infinity,1,,,11,13,0,33,1
o204,2,2,2,infinity,2,,,12,14,0,35,1
o204,2,2,3,infinity,3,,,13,15,0,37,1
o204,3,0,0,infinity,0,,,12,14,0,37,1
o204,3,0,1,infinity,1,,,13,15,0,39,1
o204,3,0,2,infinity,2,,,14,16,0,41,1
o204,3,0,3,infinity,3,,,15,17,0,43,1
o204,3,1,0,infinity,0,,,12,14,0,36,1
o204,3,1,1,infinity,1,,,13,15,0,39,1
o204,3,1,2,infinity,2,,,14,16,0,41,1
o204,3,1,3,infinity,3,,,15,17,0,43,1
o204,3,2,0,infinity,0,,,12,14,0,36,1
o204,3,2,1,infinity,1,,,13,15,0,39,1
o204,3,2,2,infinity,2,,,14,16,0,41,1
o204,3,2,3,infinity,3,,,15,17,0,43,1
o204,3,3,0,infinity,0,,,12,14,0,36,1
o204,3,3,1,infinity,1,,,13,15,0,39,1
o204,3,3,2,infinity,2,,,14,16,0,41,1
o204,3,3,3,infinity,3,,,15,17,0,43,1
o205,0,0,0,infinity,0,,,6,8,0,25,1
o205,0,0,1,infinity,1,,,7,9,0,27,1
o205,0,0,2,infinity,2,,,8,10,0,29,1
o205,0,0,3,infinity,3,,,9,11,0,31,1
o205,1,0,0,infinity,0,,,8,10,0,41,1
o205,1,0,1,infinity,1,,,9,11,0,45,1
o205,1,0,2,infinity,2,,,10,12,0,49,1
o205,1,0,3,infinity,3,,,11,13,0,53,1
o205,1,1,0,infinity,0,,,8,10,0,40,1
o205,1,1,1,infinity,1,,,9,11,0,42,1
o205,1,1,2,infinity,2,,,10,12,0,44,1
o205,1,1,3,infinity,3,,,11,13,0,46,1
o205,2,0,0,infinity,0,,,10,12,0,51,1
o205,2,0,1,infinity,1,,,11,13,0,55,1
o205,2,0,2,infinity,2,,,12,14,0,59,1
o205,2,0,3,infinity,3,,,13,15,0,63,1
o205,2,1,0,infinity,0,,,10,12,0,50,1
o205,2,1,1,infinity,1,,,11,13,0,54,1
o205,2,1,2,infinity,2,,,12,14,0,57,1
o205,2,1,3,infinity,3,,,13,15,0,61,1
o205,2,2,0,infinity,0,,,10,12,0,49,1
o205,2,2,1,infinity,1,,,11,13,0,54,1
o205,2,2,2,infinity,2,,,12,14,0,58,1
o205,2,2,3,infinity,3,,,13,15,0,62,1
o205,3,0,0,infinity,0,,,12,14,0,61,1
o205,3,0,1,infinity,1,,,13,15,0,65,1
o205,3,0,2,infinity,2,,,14,16,0,69,1
o205,3,0,3,infinity,3,,,15,17,0,73,1
o205,3,1,0,infinity,0,,,12,14,0,60,1
o205,3,1,1,infinity,1,,,13,15,0,64,1
o205,3,1,2,infinity,2,,,14,16,0,67,1
o205,3,1,3,infinity,3,,,15,17,0,71,1
o205,3,2,0,infinity,0,,,12,14,0,59,1
o205,3,2,1,infinity,1,,,13,15,0,64,1
o205,3,2,2,infinity,2,,,14,16,0,68,1
o205,3,2,3,infinity,3,,,15,17,0,72,1
o205,3,3,0,infinity,0,,,12,14,0,59,1
o205,3,3,1,infinity,1,,,13,15,0,64,1
o205,3,3,2,infinity,2,,,14,16,0,68,1
o205,3,3,3,infinity,3,,,15,17,0,72,1
o206,0,0,0,infinity,0,,,6,8,0,19,1
o206,0,0,1,infinity,1,,,7,9,0,20,1
o206,0,0,2,infinity,2,,,8,10,0,21,1
o206,0,0,3,infinity,3,,,9,11,0,22,1
o206,1,0,0,infinity,0,,,8,10,0,26,1
o206,1,0,1,infinity,1,,,9,11,0,28,1
o206,1,0,2,infinity,2,,,10,12,0,30,1
o206,1,0,3,infinity,3,,,11,13,0,32,1
o206,1,1,0,infinity,0,,,8,10,0,25,1
o206,1,1,1,infinity,1,,,9,11,0,27,1
o206,1,1,2,infinity,2,,,10,12,0,29,1
o206,1,1,3,infinity,3,,,11,13,0,31,1
o206,2,0,0,infinity,0,,,10,12,0,33,1
o206,2,0,1,infinity,1,,,11,13,0,35,1
o206,2,0,2,infinity,2,,,12,14,0,37,1
o206,2,0,3,infinity,3,,,13,15,0,39,1
o206,2,1,0,infinity,0,,,10,12,0,32,1
o206,2,1,1,infinity,1,,,11,13,0,34,1
o206,2,1,2,infinity,2,,,12,14,0,36,1
o206,2,1,3,infinity,3,,,13,15,0,38,1
o206,2,2,0,infinity,0,,,10,12,0,31,1
o206,2,2,1,infinity,1,,,11,13,0,33,1
o206,2,2,2,infinity,2,,,12,14,0,35,1
o206,2,2,3,infinity,3,,,13,15,0,37,1
o206,3,0,0,infinity,0,,,12,14,0,40,1
o206,3,0,1,infinity,1,,,13,15,0,42,1
o206,3,0,2,infinity,2,,,14,16,0,44,1
o206,3,0,3,infinity,3,,,15,17,0,46,1
o206,3,1,0,infinity,0,,,12,14,0,39,1
o206,3,1,1,infinity,1,,,13,15,0,41,1
o206,3,1,2,infinity,2,,,14,16,0,43,1
o206,3,1,3,infinity,3,,,15,17,0,45,1
o206,3,2,0,infinity,0,,,12,14,0,38,1
o206,3,2,1,infinity,1,,,13,15,0,40,1
o206,3,2,2,infinity,2,,,14,16,0,42,1
o206,3,2,3,infinity,3,,,15,17,0,44,1
o206,3,3,0,infinity,0,,,12,14,0,37,1
o206,3,3,1,infinity,1,,,13,15,0,39,1
o206,3,3,2,infinity,2,,,14,16,0,41,1
o206,3,3,3,infinity,3,,,15,17,0,43,1
o207,0,0,0,infinity,0,,,6,8,0,18,1
o207,0,0,1,infinity,1,,,7,9,0,19,1
o207,0,0,2,infinity,2,,,8,10,0,20,1
o207,0,0,3,infinity,3,,,9,11,0,21,1
o207,1,0,0,infinity,0,,,8,10,0,32,1
o207,1,0,1,infinity,1,,,9,11,0,35,1
o207,1,0,2,infinity,2,,,10,12,0,38,1
o207,1,0,3,infinity,3,,,11,13,0,41,1
o207,1,1,0,infinity,0,,,8,10,0,31,1
o207,1,1,1,infinity,1,,,9,11,0,32,1
o207,1,1,2,infinity,2,,,10,12,0,33,1
o207,1,1,3,infinity,3,,,11,13,0,34,1
o207,2,0,0,infinity,0,,,10,12,0,49,1
o207,2,0,1,infinity,1,,,11,13,0,53,1
o207,2,0,2,infinity,2,,,12,14,0,57,1
o207,2,0,3,infinity,3,,,13,15,0,61,1
o207,2,1,0,infinity,0,,,10,12,0,48,1
o207,2,1,1,infinity,1,,,11,13,0,52,1
o207,2,1,2,infinity,2,,,12,14,0,56,1
o207,2,1,3,infinity,3,,,13,15,0,60,1
o207,2,2,0,infinity,0,,,10,12,0,47,1
o207,2,2,1,infinity,1,,,11,13,0,48,1
o207,2,2,2,infinity,2,,,12,14,0,49,1
o207,2,2,3,infinity,3,,,13,15,0,50,1
o207,3,0,0,infinity,0,,,12,14,0,69,1
o207,3,0,1,infinity,1,,,13,15,0,74,1
o207,3,0,2,infinity,2,,,14,16,0,79,1
o207,3,0,3,infinity,3,,,15,17,0,84,1
o207,3,1,0,infinity,0,,,12,14,0,68,1
o207,3,1,1,infinity,1,,,13,15,0,73,1
o207,3,1,2,infinity,2,,,14,16,0,78,1
o207,3,1,3,infinity,3,,,15,17,0,83,1
o207,3,2,0,infinity,0,,,12,14,0,67,1
o207,3,2,1,infinity,1,,,13,15,0,72,1
o207,3,2,2,infinity,2,,,14,16,0,77,1
o207,3,2,3,infinity,3,,,15,17,0,82,1
o207,3,3,0,infinity,0,,,12,14,0,66,1
o207,3,3,1,infinity,1,,,13,15,0,67,1
o207,3,3,2,infinity,2,,,14,16,0,68,1
o207,3,3,3,infinity,3,,,15,17,0,69,1
o208,0,0,0,1,1,,,6,8,0,19,1
o208,0,0,1,2,2,,,7,9,0,23,1
o208,0,0,2,3,3,,,8,10,0,25,1
o208,0,0,3,4,4,,,9,11,0,27,1
o208,1,0,0,2,2,,,8,10,0,26,1
o208,1,0,1,3,2,,,9,11,0,31,1
o208,1,0,2,4,3,,,10,12,0,34,1
o208,1,0,3,5,4,,,11,13,0,36,1
o208,1,1,0,2,2,,,8,10,0,26,1
o208,1,1,1,2,2,,,9,11,0,28,1
o208,1,1,2,3,3,,,10,12,0,32,1
o208,1,1,3,4,4,,,11,13,0,34,1
o208,2,0,0,3,3,,,10,12,0,33,1
o208,2,0,1,4,3,,,11,13,0,39,1
o208,2,0,2,5,3,,,12,14,0,42,1
o208,2,0,3,6,4,,,13,15,0,45,1
o208,2,1,0,3,3,,,10,12,0,33,1
o208,2,1,1,3,3,,,11,13,0,35,1
o208,2,1,2,4,3,,,12,14,0,40,1
o208,2,1,3,5,4,,,13,15,0,43,1
o208,2,2,0,3,2,,,10,12,0,34,1
o208,2,2,1,3,3,,,11,13,0,35,1
o208,2,2,2,3,3,,,12,14,0,37,1
o208,2,2,3,4,4,,,13,15,0,41,1
o208,3,0,0,4,4,,,12,14,0,40,1
o208,3,0,1,5,4,,,13,15,0,47,1
o208,3,0,2,6,4,,,14,16,0,50,1
o208,3,0,3,7,4,,,15,17,0,53,1
o208,3,1,0,4,4,,,12,14,0,40,1
o208,3,1,1,4,4,,,13,15,0,42,1
o208,3,1,2,5,4,,,14,16,0,48,1
o208,3,1,3,6,4,,,15,17,0,51,1
o208,3,2,0,4,3,,,12,14,0,42,1
o208,3,2,1,4,4,,,13,15,0,42,1
o208,3,2,2,4,4,,,14,16,0,44,1
o208,3,2,3,5,4,,,15,17,0,49,1
o208,3,3,0,4,2,,,12,14,0,41,1
o208,3,3,1,4,3,,,13,15,0,43,1
o208,3,3,2,4,4,,,14,16,0,44,1
o208,3,3,3,4,4,,,15,17,0,46,1
o209,0,0,0,1,2,1,1,6,8,1,19,1
o209,0,0,1,2,2,,,7,9,0,23,1
o209,0,0,2,3,3,,,8,10,0,25,1
o209,0,0,3,4,4,,,9,11,0,27,1
o209,1,0,0,infinity,3,,,8,10,0,43,1
o209,1,0,1,infinity,3,,,9,11,0,48,1
o209,1,0,2,infinity,3,,,10,12,0,52,1
o209,1,0,3,infinity,4,,,11,13,0,56,1
o209,1,1,0,infinity,2,,,8,10,0,44,1
o209,1,1,1,infinity,3,,,9,11,0,47,1
o209,1,1,2,infinity,3,,,10,12,0,51,1
o209,1,1,3,infinity,4,,,11,13,0,55,1
o209,2,0,0,infinity,4,,,10,12,0,62,1
o209,2,0,1,infinity,4,,,11,13,0,68,1
o209,2,0,2,infinity,4,,,12,14,0,73,1
o209,2,0,3,infinity,4,,,13,15,0,78,1
o209,2,1,0,infinity,3,,,10,12,0,64,1
o209,2,1,1,infinity,4,,,11,13,0,67,1
o209,2,1,2,infinity,4,,,12,14,0,72,1
o209,2,1,3,infinity,4,,,13,15,0,77,1
o209,2,2,0,infinity,2,,,10,12,0,63,1
o209,2,2,1,infinity,3,,,11,13,0,68,1
o209,2,2,2,infinity,4,,,12,14,0,72,1
o209,2,2,3,infinity,4,,,13,15,0,77,1
o209,3,0,0,infinity,5,,,12,14,0,84,1
o209,3,0,1,infinity,5,,,13,15,0,91,1
o209,3,0,2,infinity,5,,,14,16,0,97,1
o209,3,0,3,infinity,5,,,15,17,0,103,1
o209,3,1,0,infinity,4,,,12,14,0,87,1
o209,3,1,1,infinity,5,,,13,15,0,90,1
o209,3,1,2,infinity,5,,,14,16,0,96,1
o209,3,1,3,infinity,5,,,15,17,0,102,1
o209,3,2,0,infinity,3,,,12,14,0,86,1
o209,3,2,1,infinity,4,,,13,15,0,92,1
o209,3,2,2,infinity,5,,,14,16,0,96,1
o209,3,2,3,infinity,5,,,15,17,0,102,1
o209,3,3,0,infinity,2,,,12,14,0,85,1
o209,3,3,1,infinity,3,,,13,15,0,91,1
o209,3,3,2,infinity,4,,,14,16,0,97,1
o209,3,3,3,infinity,5,,,15,17,0,102,1
o210,0,0,0,1,1,,,6,8,0,20,1
o210,0,0,1,2,2,,,7,9,0,24,1
o210,0,0,2,3,3,,,8,10,0,26,1
o210,0,0,3,4,4,,,9,11,0,28,1
o210,1,0,0,2,1,,,8,10,0,27,1
o210,1,0,1,3,2,,,9,11,0,32,1
o210,1,0,2,4,3,,,10,12,0,35,1
o210,1,0,3,5,4,,,11,13,0,37,1
o210,1,1,0,2,1,,,8,10,0,28,1
o210,1,1,1,2,2,,,9,11,0,29,1
o210,1,1,2,3,3,,,10,12,0,33,1
o210,1,1,3,4,4,,,11,13,0,35,1
o210,2,0,0,3,1,,,10,12,0,34,1
o210,2,0,1,4,2,,,11,13,0,40,1
o210,2,0,2,5,3,,,12,14,0,43,1
o210,2,0,3,6,4,,,13,15,0,46,1
o210,2,1,0,3,1,,,10,12,0,36,1
o210,2,1,1,3,2,,,11,13,0,36,1
o210,2,1,2,4,3,,,12,14,0,41,1
o210,2,1,3,5,4,,,13,15,0,44,1
o210,2,2,0,3,1,,,10,12,0,35,1
o210,2,2,1,3,2,,,11,13,0,37,1
o210,2,2,2,3,3,,,12,14,0,38,1
o210,2,2,3,4,4,,,13,15,0,42,1
o210,3,0,0,4,1,,,12,14,0,41,1
o210,3,0,1,5,2,,,13,15,0,48,1
o210,3,0,2,6,3,,,14,16,0,51,1
o210,3,0,3,7,4,,,15,17,0,54,1
o210,3,1,0,4,1,,,12,14,0,44,1
o210,3,1,1,4,2,,,13,15,0,43,1
o210,3,1,2,5,3,,,14,16,0,49,1
o210,3,1,3,6,4,,,15,17,0,52,1
o210,3,2,0,4,1,,,12,14,0,43,1
o210,3,2,1,4,2,,,13,15,0,45,1
o210,3,2,2,4,3,,,14,16,0,45,1
o210,3,2,3,5,4,,,15,17,0,50,1
o210,3,3,0,4,1,,,12,14,0,42,1
o210,3,3,1,4,2,,,13,15,0,44,1
o210,3,3,2,4,3,,,14,16,0,46,1
o210,3,3,3,4,4,,,15,17,0,47,1
o211,0,0,0,1,2,1,1,6,8,1,19,1
o211,0,0,1,2,2,,,7,9,0,23,1
o211,0,0,2,3,3,,,8,10,0,25,1
o211,0,0,3,4,4,,,9,11,0,27,1
o211,1,0,0,3,3,,,8,10,0,27,1
o211,1,0,1,4,3,,,9,11,0,33,1
o211,1,0,2,5,3,,,10,12,0,37,1
o211,1,0,3,6,4,,,11,13,0,39,1
o211,1,1,0,3,2,,,8,10,0,28,1
o211,1,1,1,3,3,,,9,11,0,29,1
o211,1,1,2,4,3,,,10,12,0,34,1
o211,1,1,3,5,4,,,11,13,0,36,1
o211,2,0,0,5,4,,,10,12,0,37,1
o211,2,0,1,6,4,,,11,13,0,45,1
o211,2,0,2,7,4,,,12,14,0,50,1
o211,2,0,3,8,4,,,13,15,0,55,1
o211,2,1,0,5,3,,,10,12,0,39,1
o211,2,1,1,5,4,,,11,13,0,39,1
o211,2,1,2,6,4,,,12,14,0,46,1
o211,2,1,3,7,4,,,13,15,0,51,1
o211,2,2,0,5,2,,,10,12,0,38,1
o211,2,2,1,5,3,,,11,13,0,40,1
o211,2,2,2,5,4,,,12,14,0,41,1
o211,2,2,3,6,4,,,13,15,0,47,1
o211,3,0,0,7,5,,,12,14,0,49,1
o211,3,0,1,8,5,,,13,15,0,59,1
o211,3,0,2,9,5,,,14,16,0,65,1
o211,3,0,3,10,5,,,15,17,0,71,1
o211,3,1,0,7,4,,,12,14,0,52,1
o211,3,1,1,7,5,,,13,15,0,51,1
o211,3,1,2,8,5,,,14,16,0,60,1
o211,3,1,3,9,5,,,15,17,0,66,1
o211,3,2,0,7,3,,,12,14,0,51,1
o211,3,2,1,7,4,,,13,15,0,53,1
o211,3,2,2,7,5,,,14,16,0,53,1
o211,3,2,3,8,5,,,15,17,0,61,1
o211,3,3,0,7,2,,,12,14,0,50,1
o211,3,3,1,7,3,,,13,15,0,52,1
o211,3,3,2,7,4,,,14,16,0,54,1
o211,3,3,3,7,5,,,15,17,0,55,1
o212,0,0,0,infinity,1,,,6,8,0,27,1
o212,0,0,1,infinity,2,,,7,9,0,29,1
o212,0,0,2,infinity,3,,,8,10,0,31,1
o212,0,0,3,infinity,4,,,9,11,0,33,1
o212,1,0,0,infinity,2,,,8,10,0,51,1
o212,1,0,1,infinity,2,,,9,11,0,56,1
o212,1,0,2,infinity,3,,,10,12,0,56,1
o212,1,0,3,infinity,4,,,11,13,0,63,1
o212,1,1,0,infinity,2,,,8,10,0,46,1
o212,1,1,1,infinity,2,,,9,11,0,55,1
o212,1,1,2,infinity,3,,,10,12,0,57,1
o212,1,1,3,infinity,4,,,11,13,0,61,1
o212,2,0,0,infinity,3,,,10,12,0,72,1
o212,2,0,1,infinity,3,,,11,13,0,78,1
o212,2,0,2,infinity,3,,,12,14,0,81,1
o212,2,0,3,infinity,4,,,13,15,0,87,1
o212,2,1,0,infinity,3,,,10,12,0,69,1
o212,2,1,1,infinity,3,,,11,13,0,77,1
o212,2,1,2,infinity,3,,,12,14,0,83,1
o212,2,1,3,infinity,4,,,13,15,0,87,1
o212,2,2,0,infinity,2,,,10,12,0,70,1
o212,2,2,1,infinity,3,,,11,13,0,75,1
o212,2,2,2,infinity,3,,,12,14,0,82,1
o212,2,2,3,infinity,4,,,13,15,0,88,1
o212,3,0,0,infinity,4,,,12,14,0,96,1
o212,3,0,1,infinity,4,,,13,15,0,103,1
o212,3,0,2,infinity,4,,,14,16,0,106,1
o212,3,0,3,infinity,4,,,15,17,0,113,1
o212,3,1,0,infinity,4,,,12,14,0,92,1
o212,3,1,1,infinity,4,,,13,15,0,102,1
o212,3,1,2,infinity,4,,,14,16,0,109,1
o212,3,1,3,infinity,4,,,15,17,0,113,1
o212,3,2,0,infinity,3,,,12,14,0,94,1
o212,3,2,1,infinity,4,,,13,15,0,99,1
o212,3,2,2,infinity,4,,,14,16,0,108,1
o212,3,2,3,infinity,4,,,15,17,0,115,1
o212,3,3,0,infinity,2,,,12,14,0,93,1
o212,3,3,1,infinity,3,,,13,15,0,100,1
o212,3,3,2,infinity,4,,,14,16,0,106,1
o212,3,3,3,infinity,4,,,15,17,0,114,1
o213,0,0,0,infinity,infinity,,,6,8,0,25,1
o213,0,0,1,infinity,infinity,,,7,9,0,25,1
o213,0,0,2,infinity,infinity,,,8,10,0,25,1
o213,0,0,3,infinity,infinity,,,9,11,0,25,1
o213,1,0,0,infinity,infinity,,,8,10,0,47,1
o213,1,0,1,infinity,infinity,,,9,11,0,47,1
o213,1,0,2,infinity,infinity,,,10,12,0,47,1
o213,1,0,3,infinity,infinity,,,11,13,0,47,1
o213,1,1,0,infinity,infinity,,,8,10,0,46,1
o213,1,1,1,infinity,infinity,,,9,11,0,46,1
o213,1,1,2,infinity,infinity,,,10,12,0,46,1
o213,1,1,3,infinity,infinity,,,11,13,0,46,1
o213,2,0,0,infinity,infinity,,,10,12,0,66,1
o213,2,0,1,infinity,infinity,,,11,13,0,66,1
o213,2,0,2,infinity,infinity,,,12,14,0,66,1
o213,2,0,3,infinity,infinity,,,13,15,0,66,1
o213,2,1,0,infinity,infinity,,,10,12,0,67,1
o213,2,1,1,infinity,infinity,,,11,13,0,67,1
o213,2,1,2,infinity,infinity,,,12,14,0,67,1
o213,2,1,3,infinity,infinity,,,13,15,0,67,1
o213,2,2,0,infinity,infinity,,,10,12,0,66,1
o213,2,2,1,infinity,infinity,,,11,13,0,66,1
o213,2,2,2,infinity,infinity,,,12,14,0,66,1
o213,2,2,3,infinity,infinity,,,13,15,0,66,1
o213,3,0,0,infinity,infinity,,,12,14,0,88,1
o213,3,0,1,infinity,infinity,,,13,15,0,88,1
o213,3,0,2,infinity,infinity,,,14,16,0,88,1
o213,3,0,3,infinity,infinity,,,15,17,0,88,1
o213,3,1,0,infinity,infinity,,,12,14,0,89,1
o213,3,1,1,infinity,infinity,,,13,15,0,89,1
o213,3,1,2,infinity,infinity,,,14,16,0,89,1
o213,3,1,3,infinity,infinity,,,15,17,0,89,1
o213,3,2,0,infinity,infinity,,,12,14,0,90,1
o213,3,2,1,infinity,infinity,,,13,15,0,90,1
o213,3,2,2,infinity,infinity,,,14,16,0,90,1
o213,3,2,3,infinity,infinity,,,15,17,0,90,1
o213,3,3,0,infinity,infinity,,,12,14,0,89,1
o213,3,3,1,infinity,infinity,,,13,15,0,89,1
o213,3,3,2,infinity,infinity,,,14,16,0,89,1
o213,3,3,3,infinity,infinity,,,15,17,0,89,1
o214,0,0,0,infinity,1,,,6,8,0,26,1
o214,0,0,1,infinity,2,,,7,9,0,28,1
o214,0,0,2,infinity,3,,,8,10,0,30,1
o214,0,0,3,infinity,4,,,9,11,0,32,1
o214,1,0,0,infinity,1,,,8,10,0,53,1
o214,1,0,1,infinity,2,,,9,11,0,53,1
o214,1,0,2,infinity,3,,,10,12,0,60,1
o214,1,0,3,infinity,4,,,11,13,0,63,1
o214,1,1,0,infinity,1,,,8,10,0,52,1
o214,1,1,1,infinity,2,,,9,11,0,54,1
o214,1,1,2,infinity,3,,,10,12,0,58,1
o214,1,1,3,infinity,4,,,11,13,0,64,1
o214,2,0,0,infinity,1,,,10,12,0,76,1
o214,2,0,1,infinity,2,,,11,13,0,75,1
o214,2,0,2,infinity,3,,,12,14,0,84,1
o214,2,0,3,infinity,4,,,13,15,0,87,1
o214,2,1,0,infinity,1,,,10,12,0,75,1
o214,2,1,1,infinity,2,,,11,13,0,77,1
o214,2,1,2,infinity,3,,,12,14,0,81,1
o214,2,1,3,infinity,4,,,13,15,0,89,1
o214,2,2,0,infinity,1,,,10,12,0,74,1
o214,2,2,1,infinity,2,,,11,13,0,76,1
o214,2,2,2,infinity,3,,,12,14,0,82,1
o214,2,2,3,infinity,4,,,13,15,0,87,1
o214,3,0,0,infinity,1,,,12,14,0,102,1
o214,3,0,1,infinity,2,,,13,15,0,100,1
o214,3,0,2,infinity,3,,,14,16,0,111,1
o214,3,0,3,infinity,4,,,15,17,0,114,1
o214,3,1,0,infinity,1,,,12,14,0,101,1
o214,3,1,1,infinity,2,,,13,15,0,103,1
o214,3,1,2,infinity,3,,,14,16,0,107,1
o214,3,1,3,infinity,4,,,15,17,0,117,1
o214,3,2,0,infinity,1,,,12,14,0,100,1
o214,3,2,1,infinity,2,,,13,15,0,102,1
o214,3,2,2,infinity,3,,,14,16,0,109,1
o214,3,2,3,infinity,4,,,15,17,0,114,1
o214,3,3,0,infinity,1,,,12,14,0,99,1
o214,3,3,1,infinity,2,,,13,15,0,101,1
o214,3,3,2,infinity,3,,,14,16,0,108,1
o214,3,3,3,infinity,4,,,15,17,0,115,1
o215,0,0,0,infinity,infinity,,,6,8,0,25,1
o215,0,0,1,infinity,infinity,,,7,9,0,25,1
o215,0,0,2,infinity,infinity,,,8,10,0,25,1
o215,0,0,3,infinity,infinity,,,9,11,0,25,1
o215,1,0,0,infinity,infinity,,,8,10,0,55,1
o215,1,0,1,infinity,infinity,,,9,11,0,55,1
o215,1,0,2,infinity,infinity,,,10,12,0,55,1
o215,1,0,3,infinity,infinity,,,11,13,0,55,1
o215,1,1,0,infinity,infinity,,,8,10,0,54,1
o215,1,1,1,infinity,infinity,,,9,11,0,54,1
o215,1,1,2,infinity,infinity,,,10,12,0,54,1
o215,1,1,3,infinity,infinity,,,11,13,0,54,1
o215,2,0,0,infinity,infinity,,,10,12,0,85,1
o215,2,0,1,infinity,infinity,,,11,13,0,85,1
o215,2,0,2,infinity,infinity,,,12,14,0,85,1
o215,2,0,3,infinity,infinity,,,13,15,0,85,1
o215,2,1,0,infinity,infinity,,,10,12,0,86,1
o215,2,1,1,infinity,infinity,,,11,13,0,86,1
o215,2,1,2,infinity,infinity,,,12,14,0,86,1
o215,2,1,3,infinity,infinity,,,13,15,0,86,1
o215,2,2,0,infinity,infinity,,,10,12,0,84,1
o215,2,2,1,infinity,infinity,,,11,13,0,84,1
o215,2,2,2,infinity,infinity,,,12,14,0,84,1
o215,2,2,3,infinity,infinity,,,13,15,0,84,1
o215,3,0,0,infinity,infinity,,,12,14,0,121,1
o215,3,0,1,infinity,infinity,,,13,15,0,121,1
o215,3,0,2,infinity,infinity,,,14,16,0,121,1
o215,3,0,3,infinity,infinity,,,15,17,0,121,1
o215,3,1,0,infinity,infinity,,,12,14,0,122,1
o215,3,1,1,infinity,infinity,,,13,15,0,122,1
o215,3,1,2,infinity,infinity,,,14,16,0,122,1
o215,3,1,3,infinity,infinity,,,15,17,0,122,1
o215,3,2,0,infinity,infinity,,,12,14,0,123,1
o215,3,2,1,infinity,infinity,,,13,15,0,123,1
o215,3,2,2,infinity,infinity,,,14,16,0,123,1
o215,3,2,3,infinity,infinity,,,15,17,0,123,1
o215,3,3,0,infinity,infinity,,,12,14,0,120,1
o215,3,3,1,infinity,infinity,,,13,15,0,120,1
o215,3,3,2,infinity,infinity,,,14,16,0,120,1
o215,3,3,3,infinity,infinity,,,15,17,0,120,1
o216,0,0,0,1,1,,,6,8,0,21,1
o216,0,0,1,2,2,,,7,9,0,23,1
o216,0,0,2,3,3,,,8,10,0,25,1
o216,0,0,3,4,4,,,9,11,0,27,1
o216,1,0,0,2,2,,,8,10,0,28,1
o216,1,0,1,3,2,,,9,11,0,31,1
o216,1,0,2,4,3,,,10,12,0,33,1
o216,1,0,3,5,4,,,11,13,0,35,1
o216,1,1,0,1,2,1,1,8,10,1,25,1
o216,1,1,1,2,2,,,9,11,0,29,1
o216,1,1,2,3,3,,,10,12,0,31,1
o216,1,1,3,4,4,,,11,13,0,33,1
o216,2,0,0,3,3,,,10,12,0,35,1
o216,2,0,1,4,3,,,11,13,0,38,1
o216,2,0,2,5,3,,,12,14,0,41,1
o216,2,0,3,6,4,,,13,15,0,43,1
o216,2,1,0,2,3,2,2,10,12,1,31,1
o216,2,1,1,3,3,,,11,13,0,36,1
o216,2,1,2,4,3,,,12,14,0,39,1
o216,2,1,3,5,4,,,13,15,0,41,1
o216,2,2,0,2,2,,,10,12,0,32,1
o216,2,2,1,2,3,2,2,11,13,1,33,1
o216,2,2,2,3,3,,,12,14,0,37,1
o216,2,2,3,4,4,,,13,15,0,39,1
o216,3,0,0,4,4,,,12,14,0,42,1
o216,3,0,1,5,4,,,13,15,0,45,1
o216,3,0,2,6,4,,,14,16,0,48,1
o216,3,0,3,7,4,,,15,17,0,51,1
o216,3,1,0,3,4,3,3,12,14,1,37,1
o216,3,1,1,4,4,,,13,15,0,43,1
o216,3,1,2,5,4,,,14,16,0,46,1
o216,3,1,3,6,4,,,15,17,0,49,1
o216,3,2,0,3,3,,,12,14,0,39,1
o216,3,2,1,3,4,3,3,13,15,1,39,1
o216,3,2,2,4,4,,,14,16,0,44,1
o216,3,2,3,5,4,,,15,17,0,47,1
o216,3,3,0,3,2,,,12,14,0,38,1
o216,3,3,1,3,3,,,13,15,0,40,1
o216,3,3,2,3,4,3,3,14,16,1,41,1
o216,3,3,3,4,4,,,15,17,0,45,1
o217,0,0,0,1,2,1,1,6,8,1,19,1
o217,0,0,1,2,2,,,7,9,0,21,1
o217,0,0,2,3,3,,,8,10,0,23,1
o217,0,0,3,4,4,,,9,11,0,25,1
o217,1,0,0,infinity,3,,,8,10,0,42,1
o217,1,0,1,infinity,3,,,9,11,0,45,1
o217,1,0,2,infinity,3,,,10,12,0,48,1
o217,1,0,3,infinity,4,,,11,13,0,51,1
o217,1,1,0,infinity,2,,,8,10,0,42,1
o217,1,1,1,infinity,3,,,9,11,0,35,1
o217,1,1,2,infinity,3,,,10,12,0,48,1
o217,1,1,3,infinity,4,,,11,13,0,41,1
o217,2,0,0,infinity,4,,,10,12,0,61,1
o217,2,0,1,infinity,4,,,11,13,0,65,1
o217,2,0,2,infinity,4,,,12,14,0,68,1
o217,2,0,3,infinity,4,,,13,15,0,73,1
o217,2,1,0,infinity,3,,,10,12,0,62,1
o217,2,1,1,infinity,4,,,11,13,0,62,1
o217,2,1,2,infinity,4,,,12,14,0,69,1
o217,2,1,3,infinity,4,,,13,15,0,72,1
o217,2,2,0,infinity,2,,,10,12,0,61,1
o217,2,2,1,infinity,3,,,11,13,0,63,1
o217,2,2,2,infinity,4,,,12,14,0,67,1
o217,2,2,3,infinity,4,,,13,15,0,73,1
o217,3,0,0,infinity,5,,,12,14,0,83,1
o217,3,0,1,infinity,5,,,13,15,0,88,1
o217,3,0,2,infinity,5,,,14,16,0,91,1
o217,3,0,3,infinity,5,,,15,17,0,97,1
o217,3,1,0,infinity,4,,,12,14,0,85,1
o217,3,1,1,infinity,5,,,13,15,0,84,1
o217,3,1,2,infinity,5,,,14,16,0,93,1
o217,3,1,3,infinity,5,,,15,17,0,96,1
o217,3,2,0,infinity,3,,,12,14,0,84,1
o217,3,2,1,infinity,4,,,13,15,0,86,1
o217,3,2,2,infinity,5,,,14,16,0,90,1
o217,3,2,3,infinity,5,,,15,17,0,98,1
o217,3,3,0,infinity,2,,,12,14,0,83,1
o217,3,3,1,infinity,3,,,13,15,0,85,1
o217,3,3,2,infinity,4,,,14,16,0,91,1
o217,3,3,3,infinity,5,,,15,17,0,96,1
o218,0,0,0,1,1,,,6,8,0,19,1
o218,0,0,1,2,2,,,7,9,0,19,1
o218,0,0,2,3,3,,,8,10,0,19,1
o218,0,0,3,4,4,,,9,11,0,19,1
o218,1,0,0,2,1,,,8,10,0,24,1
o218,1,0,1,3,2,,,9,11,0,24,1
o218,1,0,2,4,3,,,10,12,0,24,1
o218,1,0,3,5,4,,,11,13,0,24,1
o218,1,1,0,1,1,,,8,10,0,24,1
o218,1,1,1,2,2,,,9,11,0,24,1
o218,1,1,2,3,3,,,10,12,0,24,1
o218,1,1,3,4,4,,,11,13,0,24,1
o218,2,0,0,3,1,,,10,12,0,29,1
o218,2,0,1,4,2,,,11,13,0,29,1
o218,2,0,2,5,3,,,12,14,0,29,1
o218,2,0,3,6,4,,,13,15,0,29,1
o218,2,1,0,2,1,,,10,12,0,29,1
o218,2,1,1,3,2,,,11,13,0,29,1
o218,2,1,2,4,3,,,12,14,0,29,1
o218,2,1,3,5,4,,,13,15,0,29,1
o218,2,2,0,1,1,,,10,12,0,29,1
o218,2,2,1,2,2,,,11,13,0,29,1
o218,2,2,2,3,3,,,12,14,0,29,1
o218,2,2,3,4,4,,,13,15,0,29,1
o218,3,0,0,4,1,,,12,14,0,34,1
o218,3,0,1,5,2,,,13,15,0,34,1
o218,3,0,2,6,3,,,14,16,0,34,1
o218,3,0,3,7,4,,,15,17,0,34,1
o218,3,1,0,3,1,,,12,14,0,34,1
o218,3,1,1,4,2,,,13,15,0,34,1
o218,3,1,2,5,3,,,14,16,0,34,1
o218,3,1,3,6,4,,,15,17,0,34,1
o218,3,2,0,2,1,,,12,14,0,34,1
o218,3,2,1,3,2,,,13,15,0,34,1
o218,3,2,2,4,3,,,14,16,0,34,1
o218,3,2,3,5,4,,,15,17,0,34,1
o218,3,3,0,1,1,,,12,14,0,34,1
o218,3,3,1,2,2,,,13,15,0,34,1
o218,3,3,2,3,3,,,14,16,0,34,1
o218,3,3,3,4,4,,,15,17,0,34,1
o219,0,0,0,1,1,,,6,8,0,20,1
o219,0,0,1,2,2,,,7,9,0,21,1
o219,0,0,2,3,3,,,8,10,0,22,1
o219,0,0,3,4,4,,,9,11,0,23,1
o219,1,0,0,3,2,,,8,10,0,28,1
o219,1,0,1,4,2,,,9,11,0,29,1
o219,1,0,2,5,3,,,10,12,0,30,1
o219,1,0,3,6,4,,,11,13,0,31,1
o219,1,1,0,2,2,,,8,10,0,26,1
o219,1,1,1,3,2,,,9,11,0,27,1
o219,1,1,2,4,3,,,10,12,0,28,1
o219,1,1,3,5,4,,,11,13,0,29,1
o219,2,0,0,5,3,,,10,12,0,38,1
o219,2,0,1,6,3,,,11,13,0,39,1
o219,2,0,2,7,3,,,12,14,0,40,1
o219,2,0,3,8,4,,,13,15,0,41,1
o219,2,1,0,4,3,,,10,12,0,35,1
o219,2,1,1,5,3,,,11,13,0,36,1
o219,2,1,2,6,3,,,12,14,0,37,1
o219,2,1,3,7,4,,,13,15,0,38,1
o219,2,2,0,3,2,,,10,12,0,32,1
o219,2,2,1,4,3,,,11,13,0,33,1
o219,2,2,2,5,3,,,12,14,0,34,1
o219,2,2,3,6,4,,,13,15,0,35,1
o219,3,0,0,7,4,,,12,14,0,50,1
o219,3,0,1,8,4,,,13,15,0,51,1
o219,3,0,2,9,4,,,14,16,0,52,1
o219,3,0,3,10,4,,,15,17,0,53,1
o219,3,1,0,6,4,,,12,14,0,46,1
o219,3,1,1,7,4,,,13,15,0,47,1
o219,3,1,2,8,4,,,14,16,0,48,1
o219,3,1,3,9,4,,,15,17,0,49,1
o219,3,2,0,5,3,,,12,14,0,42,1
o219,3,2,1,6,4,,,13,15,0,43,1
o219,3,2,2,7,4,,,14,16,0,44,1
o219,3,2,3,8,4,,,15,17,0,45,1
o219,3,3,0,4,2,,,12,14,0,38,1
o219,3,3,1,5,3,,,13,15,0,39,1
o219,3,3,2,6,4,,,14,16,0,40,1
o219,3,3,3,7,4,,,15,17,0,41,1
o220,0,0,0,infinity,1,,,6,8,0,26,1
o220,0,0,1,infinity,2,,,7,9,0,28,1
o220,0,0,2,infinity,3,,,8,10,0,30,1
o220,0,0,3,infinity,4,,,9,11,0,32,1
o220,1,0,0,infinity,2,,,8,10,0,35,1
o220,1,0,1,infinity,2,,,9,11,0,38,1
o220,1,0,2,infinity,3,,,10,12,0,41,1
o220,1,0,3,infinity,4,,,11,13,0,44,1
o220,1,1,0,infinity,2,,,8,10,0,33,1
o220,1,1,1,infinity,2,,,9,11,0,37,1
o220,1,1,2,infinity,3,,,10,12,0,40,1
o220,1,1,3,infinity,4,,,11,13,0,43,1
o220,2,0,0,infinity,3,,,10,12,0,44,1
o220,2,0,1,infinity,3,,,11,13,0,47,1
o220,2,0,2,infinity,3,,,12,14,0,50,1
o220,2,0,3,infinity,4,,,13,15,0,53,1
o220,2,1,0,infinity,3,,,10,12,0,41,1
o220,2,1,1,infinity,3,,,11,13,0,46,1
o220,2,1,2,infinity,3,,,12,14,0,49,1
o220,2,1,3,infinity,4,,,13,15,0,52,1
o220,2,2,0,infinity,2,,,10,12,0,42,1
o220,2,2,1,infinity,3,,,11,13,0,44,1
o220,2,2,2,infinity,3,,,12,14,0,48,1
o220,2,2,3,infinity,4,,,13,15,0,51,1
o220,3,0,0,infinity,4,,,12,14,0,53,1
o220,3,0,1,infinity,4,,,13,15,0,56,1
o220,3,0,2,infinity,4,,,14,16,0,59,1
o220,3,0,3,infinity,4,,,15,17,0,62,1
o220,3,1,0,infinity,4,,,12,14,0,49,1
o220,3,1,1,infinity,4,,,13,15,0,55,1
o220,3,1,2,infinity,4,,,14,16,0,58,1
o220,3,1,3,infinity,4,,,15,17,0,61,1
o220,3,2,0,infinity,3,,,12,14,0,51,1
o220,3,2,1,infinity,4,,,13,15,0,52,1
o220,3,2,2,infinity,4,,,14,16,0,57,1
o220,3,2,3,infinity,4,,,15,17,0,60,1
o220,3,3,0,infinity,2,,,12,14,0,50,1
o220,3,3,1,infinity,3,,,13,15,0,53,1
o220,3,3,2,infinity,4,,,14,16,0,55,1
o220,3,3,3,infinity,4,,,15,17,0,59,1
o221,0,0,0,infinity,infinity,,,6,8,0,24,1
o221,0,0,1,infinity,infinity,,,7,9,0,24,1
o221,0,0,2,infinity,infinity,,,8,10,0,24,1
o221,0,0,3,infinity,infinity,,,9,11,0,24,1
o221,1,0,0,infinity,infinity,,,8,10,0,38,1
o221,1,0,1,infinity,infinity,,,9,11,0,38,1
o221,1,0,2,infinity,infinity,,,10,12,0,38,1
o221,1,0,3,infinity,infinity,,,11,13,0,38,1
o221,1,1,0,infinity,infinity,,,8,10,0,39,1
o221,1,1,1,infinity,infinity,,,9,11,0,39,1
o221,1,1,2,infinity,infinity,,,10,12,0,39,1
o221,1,1,3,infinity,infinity,,,11,13,0,39,1
o221,2,0,0,infinity,infinity,,,10,12,0,55,1
o221,2,0,1,infinity,infinity,,,11,13,0,55,1
o221,2,0,2,infinity,infinity,,,12,14,0,55,1
o221,2,0,3,infinity,infinity,,,13,15,0,55,1
o221,2,1,0,infinity,infinity,,,10,12,0,56,1
o221,2,1,1,infinity,infinity,,,11,13,0,56,1
o221,2,1,2,infinity,infinity,,,12,14,0,56,1
o221,2,1,3,infinity,infinity,,,13,15,0,56,1
o221,2,2,0,infinity,infinity,,,10,12,0,57,1
o221,2,2,1,infinity,infinity,,,11,13,0,57,1
o221,2,2,2,infinity,infinity,,,12,14,0,57,1
o221,2,2,3,infinity,infinity,,,13,15,0,57,1
o221,3,0,0,infinity,infinity,,,12,14,0,75,1
o221,3,0,1,infinity,infinity,,,13,15,0,75,1
o221,3,0,2,infinity,infinity,,,14,16,0,75,1
o221,3,0,3,infinity,infinity,,,15,17,0,75,1
o221,3,1,0,infinity,infinity,,,12,14,0,76,1
o221,3,1,1,infinity,infinity,,,13,15,0,76,1
o221,3,1,2,infinity,infinity,,,14,16,0,76,1
o221,3,1,3,infinity,infinity,,,15,17,0,76,1
o221,3,2,0,infinity,infinity,,,12,14,0,77,1
o221,3,2,1,infinity,infinity,,,13,15,0,77,1
o221,3,2,2,infinity,infinity,,,14,16,0,77,1
o221,3,2,3,infinity,infinity,,,15,17,0,77,1
o221,3,3,0,infinity,infinity,,,12,14,0,78,1
o221,3,3,1,infinity,infinity,,,13,15,0,78,1
o221,3,3,2,infinity,infinity,,,14,16,0,78,1
o221,3,3,3,infinity,infinity,,,15,17,0,78,1
o222,0,0,0,infinity,1,,,6,8,0,26,1
o222,0,0,1,infinity,2,,,7,9,0,27,1
o222,0,0,2,infinity,3,,,8,10,0,28,1
o222,0,0,3,infinity,4,,,9,11,0,29,1
o222,1,0,0,infinity,1,,,8,10,0,34,1
o222,1,0,1,infinity,2,,,9,11,0,36,1
o222,1,0,2,infinity,3,,,10,12,0,38,1
o222,1,0,3,infinity,4,,,11,13,0,40,1
o222,1,1,0,infinity,1,,,8,10,0,34,1
o222,1,1,1,infinity,2,,,9,11,0,36,1
o222,1,1,2,infinity,3,,,10,12,0,38,1
o222,1,1,3,infinity,4,,,11,13,0,40,1
o222,2,0,0,infinity,1,,,10,12,0,42,1
o222,2,0,1,infinity,2,,,11,13,0,44,1
o222,2,0,2,infinity,3,,,12,14,0,46,1
o222,2,0,3,infinity,4,,,13,15,0,48,1
o222,2,1,0,infinity,1,,,10,12,0,42,1
o222,2,1,1,infinity,2,,,11,13,0,44,1
o222,2,1,2,infinity,3,,,12,14,0,46,1
o222,2,1,3,infinity,4,,,13,15,0,48,1
o222,2,2,0,infinity,1,,,10,12,0,42,1
o222,2,2,1,infinity,2,,,11,13,0,44,1
o222,2,2,2,infinity,3,,,12,14,0,46,1
o222,2,2,3,infinity,4,,,13,15,0,48,1
o222,3,0,0,infinity,1,,,12,14,0,50,1
o222,3,0,1,infinity,2,,,13,15,0,52,1
o222,3,0,2,infinity,3,,,14,16,0,54,1
o222,3,0,3,infinity,4,,,15,17,0,56,1
o222,3,1,0,infinity,1,,,12,14,0,50,1
o222,3,1,1,infinity,2,,,13,15,0,52,1
o222,3,1,2,infinity,3,,,14,16,0,54,1
o222,3,1,3,infinity,4,,,15,17,0,56,1
o222,3,2,0,infinity,1,,,12,14,0,50,1
o222,3,2,1,infinity,2,,,13,15,0,52,1
o222,3,2,2,infinity,3,,,14,16,0,54,1
o222,3,2,3,infinity,4,,,15,17,0,56,1
o222,3,3,0,infinity,1,,,12,14,0,50,1
o222,3,3,1,infinity,2,,,13,15,0,52,1
o222,3,3,2,infinity,3,,,14,16,0,54,1
o222,3,3,3,infinity,4,,,15,17,0,56,1
o223,0,0,0,infinity,infinity,,,6,8,0,24,1
o223,0,0,1,infinity,infinity,,,7,9,0,24,1
o223,0,0,2,infinity,infinity,,,8,10,0,24,1
o223,0,0,3,infinity,infinity,,,9,11,0,24,1
o223,1,0,0,infinity,infinity,,,8,10,0,38,1
o223,1,0,1,infinity,infinity,,,9,11,0,38,1
o223,1,0,2,infinity,infinity,,,10,12,0,38,1
o223,1,0,3,infinity,infinity,,,11,13,0,38,1
o223,1,1,0,infinity,infinity,,,8,10,0,39,1
o223,1,1,1,infinity,infinity,,,9,11,0,39,1
o223,1,1,2,infinity,infinity,,,10,12,0,39,1
o223,1,1,3,infinity,infinity,,,11,13,0,39,1
o223,2,0,0,infinity,infinity,,,10,12,0,55,1
o223,2,0,1,infinity,infinity,,,11,13,0,55,1
o223,2,0,2,infinity,infinity,,,12,14,0,55,1
o223,2,0,3,infinity,infinity,,,13,15,0,55,1
o223,2,1,0,infinity,infinity,,,10,12,0,56,1
o223,2,1,1,infinity,infinity,,,11,13,0,56,1
o223,2,1,2,infinity,infinity,,,12,14,0,56,1
o223,2,1,3,infinity,infinity,,,13,15,0,56,1
o223,2,2,0,infinity,infinity,,,10,12,0,57,1
o223,2,2,1,infinity,infinity,,,11,13,0,57,1
o223,2,2,2,infinity,infinity,,,12,14,0,57,1
o223,2,2,3,infinity,infinity,,,13,15,0,57,1
o223,3,0,0,infinity,infinity,,,12,14,0,75,1
o223,3,0,1,infinity,infinity,,,13,15,0,75,1
o223,3,0,2,infinity,infinity,,,14,16,0,75,1
o223,3,0,3,infinity,infinity,,,15,17,0,75,1
o223,3,1,0,infinity,infinity,,,12,14,0,76,1
o223,3,1,1,infinity,infinity,,,13,15,0,76,1
o223,3,1,2,infinity,infinity,,,14,16,0,76,1
o223,3,1,3,infinity,infinity,,,15,17,0,76,1
o223,3,2,0,infinity,infinity,,,12,14,0,77,1
o223,3,2,1,infinity,infinity,,,13,15,0,77,1
o223,3,2,2,infinity,infinity,,,14,16,0,77,1
o223,3,2,3,infinity,infinity,,,15,17,0,77,1
o223,3,3,0,infinity,infinity,,,12,14,0,78,1
o223,3,3,1,infinity,infinity,,,13,15,0,78,1
o223,3,3,2,infinity,infinity,,,14,16,0,78,1
o223,3,3,3,infinity,infinity,,,15,17,0,78,1
o224,0,0,0,1,0,,,6,8,0,7,1
o224,0,0,1,2,1,,,7,9,0,8,1
o224,0,0,2,3,2,,,8,10,0,8,1
o224,0,0,3,4,3,,,9,11,0,8,1
o224,1,0,0,1,0,,,8,10,0,10,1
o224,1,0,1,2,1,,,9,11,0,14,1
o224,1,0,2,3,2,,,10,12,0,14,1
o224,1,0,3,4,3,,,11,13,0,14,1
o224,1,1,0,1,0,,,8,10,0,9,1
o224,1,1,1,2,1,,,9,11,0,10,1
o224,1,1,2,3,2,,,10,12,0,10,1
o224,1,1,3,4,3,,,11,13,0,10,1
o224,2,0,0,1,0,,,10,12,0,13,1
o224,2,0,1,2,1,,,11,13,0,18,1
o224,2,0,2,3,2,,,12,14,0,18,1
o224,2,0,3,4,3,,,13,15,0,18,1
o224,2,1,0,1,0,,,10,12,0,15,1
o224,2,1,1,2,1,,,11,13,0,18,1
o224,2,1,2,3,2,,,12,14,0,18,1
o224,2,1,3,4,3,,,13,15,0,18,1
o224,2,2,0,1,0,,,10,12,0,11,1
o224,2,2,1,2,1,,,11,13,0,12,1
o224,2,2,2,3,2,,,12,14,0,12,1
o224,2,2,3,4,3,,,13,15,0,12,1
o224,3,0,0,1,0,,,12,14,0,16,1
o224,3,0,1,2,1,,,13,15,0,22,1
o224,3,0,2,3,2,,,14,16,0,22,1
o224,3,0,3,4,3,,,15,17,0,22,1
o224,3,1,0,1,0,,,12,14,0,19,1
o224,3,1,1,2,1,,,13,15,0,22,1
o224,3,1,2,3,2,,,14,16,0,22,1
o224,3,1,3,4,3,,,15,17,0,22,1
o224,3,2,0,1,0,,,12,14,0,16,1
o224,3,2,1,2,1,,,13,15,0,22,1
o224,3,2,2,3,2,,,14,16,0,22,1
o224,3,2,3,4,3,,,15,17,0,22,1
o224,3,3,0,1,0,,,12,14,0,13,1
o224,3,3,1,2,1,,,13,15,0,14,1
o224,3,3,2,3,2,,,14,16,0,14,1
o224,3,3,3,4,3,,,15,17,0,14,1
o225,0,0,0,1,0,,,6,8,0,20,1
o225,0,0,1,2,1,,,7,9,0,24,1
o225,0,0,2,3,2,,,8,10,0,26,1
o225,0,0,3,4,3,,,9,11,0,28,1
o225,1,0,0,infinity,1,,,8,10,0,37,1
o225,1,0,1,infinity,1,,,9,11,0,50,1
o225,1,0,2,infinity,2,,,10,12,0,44,1
o225,1,0,3,infinity,3,,,11,13,0,56,1
o225,1,1,0,infinity,0,,,8,10,0,38,1
o225,1,1,1,infinity,1,,,9,11,0,50,1
o225,1,1,2,infinity,2,,,10,12,0,43,1
o225,1,1,3,infinity,3,,,11,13,0,56,1
o225,2,0,0,infinity,1,,,10,12,0,57,1
o225,2,0,1,infinity,1,,,11,13,0,62,1
o225,2,0,2,infinity,2,,,12,14,0,66,1
o225,2,0,3,infinity,3,,,13,15,0,70,1
o225,2,1,0,infinity,1,,,10,12,0,58,1
o225,2,1,1,infinity,1,,,11,13,0,62,1
o225,2,1,2,infinity,2,,,12,14,0,65,1
o225,2,1,3,infinity,3,,,13,15,0,69,1
o225,2,2,0,infinity,0,,,10,12,0,58,1
o225,2,2,1,infinity,1,,,11,13,0,61,1
o225,2,2,2,infinity,2,,,12,14,0,66,1
o225,2,2,3,infinity,3,,,13,15,0,70,1
o225,3,0,0,infinity,1,,,12,14,0,69,1
o225,3,0,1,infinity,1,,,13,15,0,74,1
o225,3,0,2,infinity,2,,,14,16,0,78,1
o225,3,0,3,infinity,3,,,15,17,0,82,1
o225,3,1,0,infinity,1,,,12,14,0,70,1
o225,3,1,1,infinity,1,,,13,15,0,74,1
o225,3,1,2,infinity,2,,,14,16,0,77,1
o225,3,1,3,infinity,3,,,15,17,0,81,1
o225,3,2,0,infinity,1,,,12,14,0,70,1
o225,3,2,1,infinity,1,,,13,15,0,73,1
o225,3,2,2,infinity,2,,,14,16,0,78,1
o225,3,2,3,infinity,3,,,15,17,0,82,1
o225,3,3,0,infinity,0,,,12,14,0,70,1
o225,3,3,1,infinity,1,,,13,15,0,73,1
o225,3,3,2,infinity,2,,,14,16,0,78,1
o225,3,3,3,infinity,3,,,15,17,0,82,1
o226,0,0,0,1,0,,,6,8,0,7,1
o226,0,0,1,2,1,,,7,9,0,8,1
o226,0,0,2,3,2,,,8,10,0,8,1
o226,0,0,3,4,3,,,9,11,0,8,1
o226,1,0,0,1,0,,,8,10,0,9,1
o226,1,0,1,2,1,,,9,11,0,12,1
o226,1,0,2,3,2,,,10,12,0,12,1
o226,1,0,3,4,3,,,11,13,0,12,1
o226,1,1,0,1,0,,,8,10,0,8,1
o226,1,1,1,2,1,,,9,11,0,9,1
o226,1,1,2,3,2,,,10,12,0,9,1
o226,1,1,3,4,3,,,11,13,0,9,1
o226,2,0,0,1,0,,,10,12,0,11,1
o226,2,0,1,2,1,,,11,13,0,14,1
o226,2,0,2,3,2,,,12,14,0,14,1
o226,2,0,3,4,3,,,13,15,0,14,1
o226,2,1,0,1,0,,,10,12,0,12,1
o226,2,1,1,2,1,,,11,13,0,14,1
o226,2,1,2,3,2,,,12,14,0,14,1
o226,2,1,3,4,3,,,13,15,0,14,1
o226,2,2,0,1,0,,,10,12,0,9,1
o226,2,2,1,2,1,,,11,13,0,10,1
o226,2,2,2,3,2,,,12,14,0,10,1
o226,2,2,3,4,3,,,13,15,0,10,1
o226,3,0,0,1,0,,,12,14,0,13,1
o226,3,0,1,2,1,,,13,15,0,16,1
o226,3,0,2,3,2,,,14,16,0,16,1
o226,3,0,3,4,3,,,15,17,0,16,1
o226,3,1,0,1,0,,,12,14,0,14,1
o226,3,1,1,2,1,,,13,15,0,16,1
o226,3,1,2,3,2,,,14,16,0,16,1
o226,3,1,3,4,3,,,15,17,0,16,1
o226,3,2,0,1,0,,,12,14,0,14,1
o226,3,2,1,2,1,,,13,15,0,16,1
o226,3,2,2,3,2,,,14,16,0,16,1
o226,3,2,3,4,3,,,15,17,0,16,1
o226,3,3,0,1,0,,,12,14,0,10,1
o226,3,3,1,2,1,,,13,15,0,11,1
o226,3,3,2,3,2,,,14,16,0,11,1
o226,3,3,3,4,3,,,15,17,0,11,1
o227,0,0,0,1,0,,,6,8,0,13,1
o227,0,0,1,2,1,,,7,9,0,16,1
o227,0,0,2,3,2,,,8,10,0,17,1
o227,0,0,3,4,3,,,9,11,0,18,1
o227,1,0,0,2,1,,,8,10,0,17,1
o227,1,0,1,3,1,,,9,11,0,21,1
o227,1,0,2,4,2,,,10,12,0,22,1
o227,1,0,3,5,3,,,11,13,0,23,1
o227,1,1,0,2,0,,,8,10,0,18,1
o227,1,1,1,3,1,,,9,11,0,21,1
o227,1,1,2,4,2,,,10,12,0,22,1
o227,1,1,3,5,3,,,11,13,0,23,1
o227,2,0,0,3,2,,,10,12,0,21,1
o227,2,0,1,4,2,,,11,13,0,26,1
o227,2,0,2,5,2,,,12,14,0,27,1
o227,2,0,3,6,3,,,13,15,0,28,1
o227,2,1,0,3,1,,,10,12,0,23,1
o227,2,1,1,4,1,,,11,13,0,27,1
o227,2,1,2,5,2,,,12,14,0,28,1
o227,2,1,3,6,3,,,13,15,0,29,1
o227,2,2,0,3,0,,,10,12,0,22,1
o227,2,2,1,4,1,,,11,13,0,26,1
o227,2,2,2,5,2,,,12,14,0,27,1
o227,2,2,3,6,3,,,13,15,0,28,1
o227,3,0,0,4,3,,,12,14,0,25,1
o227,3,0,1,5,3,,,13,15,0,31,1
o227,3,0,2,6,3,,,14,16,0,32,1
o227,3,0,3,7,3,,,15,17,0,33,1
o227,3,1,0,4,2,,,12,14,0,28,1
o227,3,1,1,5,2,,,13,15,0,33,1
o227,3,1,2,6,2,,,14,16,0,34,1
o227,3,1,3,7,3,,,15,17,0,35,1
o227,3,2,0,4,1,,,12,14,0,27,1
o227,3,2,1,5,1,,,13,15,0,32,1
o227,3,2,2,6,2,,,14,16,0,33,1
o227,3,2,3,7,3,,,15,17,0,34,1
o227,3,3,0,4,0,,,12,14,0,26,1
o227,3,3,1,5,1,,,13,15,0,31,1
o227,3,3,2,6,2,,,14,16,0,32,1
o227,3,3,3,7,3,,,15,17,0,33,1
o228,0,0,0,infinity,0,,,6,8,0,28,1
o228,0,0,1,infinity,1,,,7,9,0,30,1
o228,0,0,2,infinity,2,,,8,10,0,32,1
o228,0,0,3,infinity,3,,,9,11,0,34,1
o228,1,0,0,infinity,0,,,8,10,0,47,1
o228,1,0,1,infinity,1,,,9,11,0,50,1
o228,1,0,2,infinity,2,,,10,12,0,54,1
o228,1,0,3,infinity,3,,,11,13,0,58,1
o228,1,1,0,infinity,0,,,8,10,0,46,1
o228,1,1,1,infinity,1,,,9,11,0,51,1
o228,1,1,2,infinity,2,,,10,12,0,55,1
o228,1,1,3,infinity,3,,,11,13,0,59,1
o228,2,0,0,infinity,0,,,10,12,0,59,1
o228,2,0,1,infinity,1,,,11,13,0,62,1
o228,2,0,2,infinity,2,,,12,14,0,66,1
o228,2,0,3,infinity,3,,,13,15,0,70,1
o228,2,1,0,infinity,0,,,10,12,0,58,1
o228,2,1,1,infinity,1,,,11,13,0,63,1
o228,2,1,2,infinity,2,,,12,14,0,67,1
o228,2,1,3,infinity,3,,,13,15,0,71,1
o228,2,2,0,infinity,0,,,10,12,0,58,1
o228,2,2,1,infinity,1,,,11,13,0,63,1
o228,2,2,2,infinity,2,,,12,14,0,67,1
o228,2,2,3,infinity,3,,,13,15,0,71,1
o228,3,0,0,infinity,0,,,12,14,0,71,1
o228,3,0,1,infinity,1,,,13,15,0,74,1
o228,3,0,2,infinity,2,,,14,16,0,78,1
o228,3,0,3,infinity,3,,,15,17,0,82,1
o228,3,1,0,infinity,0,,,12,14,0,70,1
o228,3,1,1,infinity,1,,,13,15,0,75,1
o228,3,1,2,infinity,2,,,14,16,0,79,1
o228,3,1,3,infinity,3,,,15,17,0,83,1
o228,3,2,0,infinity,0,,,12,14,0,70,1
o228,3,2,1,infinity,1,,,13,15,0,75,1
o228,3,2,2,infinity,2,,,14,16,0,79,1
o228,3,2,3,infinity,3,,,15,17,0,83,1
o228,3,3,0,infinity,0,,,12,14,0,70,1
o228,3,3,1,infinity,1,,,13,15,0,75,1
o228,3,3,2,infinity,2,,,14,16,0,79,1
o228,3,3,3,infinity,3,,,15,17,0,83,1
o229,0,0,0,infinity,1,,,6,8,0,26,1
o229,0,0,1,infinity,1,,,7,9,0,21,1
o229,0,0,2,infinity,2,,,8,10,0,28,1
o229,0,0,3,infinity,3,,,9,11,0,23,1
o229,1,0,0,infinity,1,,,8,10,0,44,1
o229,1,0,1,infinity,1,,,9,11,0,32,1
o229,1,0,2,infinity,2,,,10,12,0,49,1
o229,1,0,3,infinity,3,,,11,13,0,37,1
o229,1,1,0,infinity,1,,,8,10,0,44,1
o229,1,1,1,infinity,1,,,9,11,0,33,1
o229,1,1,2,infinity,2,,,10,12,0,49,1
o229,1,1,3,infinity,3,,,11,13,0,37,1
o229,2,0,0,infinity,1,,,10,12,0,56,1
o229,2,0,1,infinity,1,,,11,13,0,41,1
o229,2,0,2,infinity,2,,,12,14,0,61,1
o229,2,0,3,infinity,3,,,13,15,0,46,1
o229,2,1,0,infinity,1,,,10,12,0,56,1
o229,2,1,1,infinity,1,,,11,13,0,42,1
o229,2,1,2,infinity,2,,,12,14,0,61,1
o229,2,1,3,infinity,3,,,13,15,0,46,1
o229,2,2,0,infinity,1,,,10,12,0,56,1
o229,2,2,1,infinity,1,,,11,13,0,41,1
o229,2,2,2,infinity,2,,,12,14,0,61,1
o229,2,2,3,infinity,3,,,13,15,0,47,1
o229,3,0,0,infinity,1,,,12,14,0,68,1
o229,3,0,1,infinity,1,,,13,15,0,50,1
o229,3,0,2,infinity,2,,,14,16,0,73,1
o229,3,0,3,infinity,3,,,15,17,0,55,1
o229,3,1,0,infinity,1,,,12,14,0,68,1
o229,3,1,1,infinity,1,,,13,15,0,51,1
o229,3,1,2,infinity,2,,,14,16,0,73,1
o229,3,1,3,infinity,3,,,15,17,0,55,1
o229,3,2,0,infinity,1,,,12,14,0,68,1
o229,3,2,1,infinity,1,,,13,15,0,50,1
o229,3,2,2,infinity,2,,,14,16,0,73,1
o229,3,2,3,infinity,3,,,15,17,0,56,1
o229,3,3,0,infinity,1,,,12,14,0,68,1
o229,3,3,1,infinity,1,,,13,15,0,50,1
o229,3,3,2,infinity,2,,,14,16,0,73,1
o229,3,3,3,infinity,3,,,15,17,0,56,1
o230,0,0,0,infinity,0,,,6,8,0,20,1
o230,0,0,1,infinity,1,,,7,9,0,21,1
o230,0,0,2,infinity,2,,,8,10,0,22,1
o230,0,0,3,infinity,3,,,9,11,0,23,1
o230,1,0,0,infinity,0,,,8,10,0,35,1
o230,1,0,1,infinity,1,,,9,11,0,27,1
o230,1,0,2,infinity,2,,,10,12,0,39,1
o230,1,0,3,infinity,3,,,11,13,0,31,1
o230,1,1,0,infinity,0,,,8,10,0,35,1
o230,1,1,1,infinity,1,,,9,11,0,28,1
o230,1,1,2,infinity,2,,,10,12,0,39,1
o230,1,1,3,infinity,3,,,11,13,0,32,1
o230,2,0,0,infinity,0,,,10,12,0,43,1
o230,2,0,1,infinity,1,,,11,13,0,33,1
o230,2,0,2,infinity,2,,,12,14,0,47,1
o230,2,0,3,infinity,3,,,13,15,0,37,1
o230,2,1,0,infinity,0,,,10,12,0,43,1
o230,2,1,1,infinity,1,,,11,13,0,34,1
o230,2,1,2,infinity,2,,,12,14,0,47,1
o230,2,1,3,infinity,3,,,13,15,0,38,1
o230,2,2,0,infinity,0,,,10,12,0,43,1
o230,2,2,1,infinity,1,,,11,13,0,34,1
o230,2,2,2,infinity,2,,,12,14,0,47,1
o230,2,2,3,infinity,3,,,13,15,0,38,1
o230,3,0,0,infinity,0,,,12,14,0,51,1
o230,3,0,1,infinity,1,,,13,15,0,39,1
o230,3,0,2,infinity,2,,,14,16,0,55,1
o230,3,0,3,infinity,3,,,15,17,0,43,1
o230,3,1,0,infinity,0,,,12,14,0,51,1
o230,3,1,1,infinity,1,,,13,15,0,40,1
o230,3,1,2,infinity,2,,,14,16,0,55,1
o230,3,1,3,infinity,3,,,15,17,0,44,1
o230,3,2,0,infinity,0,,,12,14,0,51,1
o230,3,2,1,infinity,1,,,13,15,0,40,1
o230,3,2,2,infinity,2,,,14,16,0,55,1
o230,3,2,3,infinity,3,,,15,17,0,44,1
o230,3,3,0,infinity,0,,,12,14,0,51,1
o230,3,3,1,infinity,1,,,13,15,0,40,1
o230,3,3,2,infinity,2,,,14,16,0,55,1
o230,3,3,3,infinity,3,,,15,17,0,44,1
o231,0,0,0,infinity,1,,,6,8,0,27,1
o231,0,0,1,infinity,1,,,7,9,0,29,1
o231,0,0,2,infinity,2,,,8,10,0,31,1
o231,0,0,3,infinity,3,,,9,11,0,33,1
o231,1,0,0,infinity,2,,,8,10,0,52,1
o231,1,0,1,infinity,2,,,9,11,0,51,1
o231,1,0,2,infinity,2,,,10,12,0,59,1
o231,1,0,3,infinity,3,,,11,13,0,61,1
o231,1,1,0,infinity,1,,,8,10,0,52,1
o231,1,1,1,infinity,1,,,9,11,0,52,1
o231,1,1,2,infinity,2,,,10,12,0,59,1
o231,1,1,3,infinity,3,,,11,13,0,62,1
o231,2,0,0,infinity,3,,,10,12,0,73,1
o231,2,0,1,infinity,3,,,11,13,0,75,1
o231,2,0,2,infinity,3,,,12,14,0,81,1
o231,2,0,3,infinity,3,,,13,15,0,87,1
o231,2,1,0,infinity,2,,,10,12,0,74,1
o231,2,1,1,infinity,2,,,11,13,0,77,1
o231,2,1,2,infinity,2,,,12,14,0,83,1
o231,2,1,3,infinity,3,,,13,15,0,89,1
o231,2,2,0,infinity,1,,,10,12,0,73,1
o231,2,2,1,infinity,1,,,11,13,0,76,1
o231,2,2,2,infinity,2,,,12,14,0,82,1
o231,2,2,3,infinity,3,,,13,15,0,88,1
o231,3,0,0,infinity,4,,,12,14,0,97,1
o231,3,0,1,infinity,4,,,13,15,0,99,1
o231,3,0,2,infinity,4,,,14,16,0,106,1
o231,3,0,3,infinity,4,,,15,17,0,113,1
o231,3,1,0,infinity,3,,,12,14,0,99,1
o231,3,1,1,infinity,3,,,13,15,0,102,1
o231,3,1,2,infinity,3,,,14,16,0,109,1
o231,3,1,3,infinity,3,,,15,17,0,116,1
o231,3,2,0,infinity,2,,,12,14,0,98,1
o231,3,2,1,infinity,2,,,13,15,0,101,1
o231,3,2,2,infinity,2,,,14,16,0,108,1
o231,3,2,3,infinity,3,,,15,17,0,115,1
o231,3,3,0,infinity,1,,,12,14,0,97,1
o231,3,3,1,infinity,1,,,13,15,0,100,1
o231,3,3,2,infinity,2,,,14,16,0,107,1
o231,3,3,3,infinity,3,,,15,17,0,114,1
o232,0,0,0,1,0,,,6,8,0,6,1
o232,0,0,1,2,1,,,7,9,0,7,1
o232,0,0,2,3,2,,,8,10,0,7,1
o232,0,0,3,4,3,,,9,11,0,7,1
o232,1,0,0,1,0,,,8,10,0,10,1
o232,1,0,1,2,1,,,9,11,0,12,1
o232,1,0,2,3,2,,,10,12,0,12,1
o232,1,0,3,4,3,,,11,13,0,12,1
o232,1,1,0,1,0,,,8,10,0,7,1
o232,1,1,1,2,1,,,9,11,0,8,1
o232,1,1,2,3,2,,,10,12,0,8,1
o232,1,1,3,4,3,,,11,13,0,8,1
o232,2,0,0,1,0,,,10,12,0,13,1
o232,2,0,1,2,1,,,11,13,0,15,1
o232,2,0,2,3,2,,,12,14,0,15,1
o232,2,0,3,4,3,,,13,15,0,15,1
o232,2,1,0,1,0,,,10,12,0,10,1
o232,2,1,1,2,1,,,11,13,0,13,1
o232,2,1,2,3,2,,,12,14,0,13,1
o232,2,1,3,4,3,,,13,15,0,13,1
o232,2,2,0,1,0,,,10,12,0,8,1
o232,2,2,1,2,1,,,11,13,0,9,1
o232,2,2,2,3,2,,,12,14,0,9,1
o232,2,2,3,4,3,,,13,15,0,9,1
o232,3,0,0,1,0,,,12,14,0,16,1
o232,3,0,1,2,1,,,13,15,0,18,1
o232,3,0,2,3,2,,,14,16,0,18,1
o232,3,0,3,4,3,,,15,17,0,18,1
o232,3,1,0,1,0,,,12,14,0,12,1
o232,3,1,1,2,1,,,13,15,0,15,1
o232,3,1,2,3,2,,,14,16,0,15,1
o232,3,1,3,4,3,,,15,17,0,15,1
o232,3,2,0,1,0,,,12,14,0,14,1
o232,3,2,1,2,1,,,13,15,0,16,1
o232,3,2,2,3,2,,,14,16,0,16,1
o232,3,2,3,4,3,,,15,17,0,16,1
o232,3,3,0,1,0,,,12,14,0,9,1
o232,3,3,1,2,1,,,13,15,0,10,1
o232,3,3,2,3,2,,,14,16,0,10,1
o232,3,3,3,4,3,,,15,17,0,10,1
o233,0,0,0,1,0,,,6,8,0,19,1
o233,0,0,1,2,1,,,7,9,0,14,1
o233,0,0,2,3,2,,,8,10,0,21,1
o233,0,0,3,4,3,,,9,11,0,16,1
o233,1,0,0,infinity,1,,,8,10,0,35,1
o233,1,0,1,infinity,1,,,9,11,0,28,1
o233,1,0,2,infinity,2,,,10,12,0,39,1
o233,1,0,3,infinity,3,,,11,13,0,32,1
o233,1,1,0,infinity,0,,,8,10,0,34,1
o233,1,1,1,infinity,1,,,9,11,0,26,1
o233,1,1,2,infinity,2,,,10,12,0,38,1
o233,1,1,3,infinity,3,,,11,13,0,30,1
o233,2,0,0,infinity,1,,,10,12,0,44,1
o233,2,0,1,infinity,1,,,11,13,0,35,1
o233,2,0,2,infinity,2,,,12,14,0,48,1
o233,2,0,3,infinity,3,,,13,15,0,39,1
o233,2,1,0,infinity,1,,,10,12,0,42,1
o233,2,1,1,infinity,1,,,11,13,0,32,1
o233,2,1,2,infinity,2,,,12,14,0,46,1
o233,2,1,3,infinity,3,,,13,15,0,36,1
o233,2,2,0,infinity,0,,,10,12,0,42,1
o233,2,2,1,infinity,1,,,11,13,0,33,1
o233,2,2,2,infinity,2,,,12,14,0,46,1
o233,2,2,3,infinity,3,,,13,15,0,37,1
o233,3,0,0,infinity,1,,,12,14,0,53,1
o233,3,0,1,infinity,1,,,13,15,0,42,1
o233,3,0,2,infinity,2,,,14,16,0,57,1
o233,3,0,3,infinity,3,,,15,17,0,46,1
o233,3,1,0,infinity,1,,,12,14,0,50,1
o233,3,1,1,infinity,1,,,13,15,0,38,1
o233,3,1,2,infinity,2,,,14,16,0,54,1
o233,3,1,3,infinity,3,,,15,17,0,42,1
o233,3,2,0,infinity,1,,,12,14,0,51,1
o233,3,2,1,infinity,1,,,13,15,0,40,1
o233,3,2,2,infinity,2,,,14,16,0,55,1
o233,3,2,3,infinity,3,,,15,17,0,44,1
o233,3,3,0,infinity,0,,,12,14,0,50,1
o233,3,3,1,infinity,1,,,13,15,0,38,1
o233,3,3,2,infinity,2,,,14,16,0,54,1
o233,3,3,3,infinity,3,,,15,17,0,43,1
o234,0,0,0,1,0,,,6,8,0,4,1
o234,0,0,1,2,1,,,7,9,0,4,1
o234,0,0,2,3,2,,,8,10,0,4,1
o234,0,0,3,4,3,,,9,11,0,4,1
o234,1,0,0,1,0,,,8,10,0,7,1
o234,1,0,1,2,1,,,9,11,0,7,1
o234,1,0,2,3,2,,,10,12,0,7,1
o234,1,0,3,4,3,,,11,13,0,7,1
o234,1,1,0,1,0,,,8,10,0,5,1
o234,1,1,1,2,1,,,9,11,0,5,1
o234,1,1,2,3,2,,,10,12,0,5,1
o234,1,1,3,4,3,,,11,13,0,5,1
o234,2,0,0,1,0,,,10,12,0,9,1
o234,2,0,1,2,1,,,11,13,0,9,1
o234,2,0,2,3,2,,,12,14,0,9,1
o234,2,0,3,4,3,,,13,15,0,9,1
o234,2,1,0,1,0,,,10,12,0,9,1
o234,2,1,1,2,1,,,11,13,0,9,1
o234,2,1,2,3,2,,,12,14,0,9,1
o234,2,1,3,4,3,,,13,15,0,9,1
o234,2,2,0,1,0,,,10,12,0,6,1
o234,2,2,1,2,1,,,11,13,0,6,1
o234,2,2,2,3,2,,,12,14,0,6,1
o234,2,2,3,4,3,,,13,15,0,6,1
o234,3,0,0,1,0,,,12,14,0,11,1
o234,3,0,1,2,1,,,13,15,0,11,1
o234,3,0,2,3,2,,,14,16,0,11,1
o234,3,0,3,4,3,,,15,17,0,11,1
o234,3,1,0,1,0,,,12,14,0,11,1
o234,3,1,1,2,1,,,13,15,0,11,1
o234,3,1,2,3,2,,,14,16,0,11,1
o234,3,1,3,4,3,,,15,17,0,11,1
o234,3,2,0,1,0,,,12,14,0,11,1
o234,3,2,1,2,1,,,13,15,0,11,1
o234,3,2,2,3,2,,,14,16,0,11,1
o234,3,2,3,4,3,,,15,17,0,11,1
o234,3,3,0,1,0,,,12,14,0,7,1
o234,3,3,1,2,1,,,13,15,0,7,1
o234,3,3,2,3,2,,,14,16,0,7,1
o234,3,3,3,4,3,,,15,17,0,7,1
o235,0,0,0,1,0,,,6,8,0,12,1
o235,0,0,1,2,1,,,7,9,0,13,1
o235,0,0,2,3,2,,,8,10,0,14,1
o235,0,0,3,4,3,,,9,11,0,15,1
o235,1,0,0,2,1,,,8,10,0,17,1
o235,1,0,1,3,1,,,9,11,0,18,1
o235,1,0,2,4,2,,,10,12,0,19,1
o235,1,0,3,5,3,,,11,13,0,20,1
o235,1,1,0,2,0,,,8,10,0,16,1
o235,1,1,1,3,1,,,9,11,0,17,1
o235,1,1,2,4,2,,,10,12,0,18,1
o235,1,1,3,5,3,,,11,13,0,19,1
o235,2,0,0,3,2,,,10,12,0,22,1
o235,2,0,1,4,2,,,11,13,0,23,1
o235,2,0,2,5,2,,,12,14,0,24,1
o235,2,0,3,6,3,,,13,15,0,25,1
o235,2,1,0,3,1,,,10,12,0,21,1
o235,2,1,1,4,1,,,11,13,0,22,1
o235,2,1,2,5,2,,,12,14,0,23,1
o235,2,1,3,6,3,,,13,15,0,24,1
o235,2,2,0,3,0,,,10,12,0,20,1
o235,2,2,1,4,1,,,11,13,0,21,1
o235,2,2,2,5,2,,,12,14,0,22,1
o235,2,2,3,6,3,,,13,15,0,23,1
o235,3,0,0,4,3,,,12,14,0,27,1
o235,3,0,1,5,3,,,13,15,0,28,1
o235,3,0,2,6,3,,,14,16,0,29,1
o235,3,0,3,7,3,,,15,17,0,30,1
o235,3,1,0,4,2,,,12,14,0,26,1
o235,3,1,1,5,2,,,13,15,0,27,1
o235,3,1,2,6,2,,,14,16,0,28,1
o235,3,1,3,7,3,,,15,17,0,29,1
o235,3,2,0,4,1,,,12,14,0,25,1
o235,3,2,1,5,1,,,13,15,0,26,1
o235,3,2,2,6,2,,,14,16,0,27,1
o235,3,2,3,7,3,,,15,17,0,28,1
o235,3,3,0,4,0,,,12,14,0,24,1
o235,3,3,1,5,1,,,13,15,0,25,1
o235,3,3,2,6,2,,,14,16,0,26,1
o235,3,3,3,7,3,,,15,17,0,27,1
o236,0,0,0,infinity,0,,,6,8,0,20,1
o236,0,0,1,infinity,1,,,7,9,0,21,1
o236,0,0,2,infinity,2,,,8,10,0,22,1
o236,0,0,3,infinity,3,,,9,11,0,23,1
o236,1,0,0,infinity,0,,,8,10,0,27,1
o236,1,0,1,infinity,1,,,9,11,0,29,1
o236,1,0,2,infinity,2,,,10,12,0,31,1
o236,1,0,3,infinity,3,,,11,13,0,33,1
o236,1,1,0,infinity,0,,,8,10,0,25,1
o236,1,1,1,infinity,1,,,9,11,0,28,1
o236,1,1,2,infinity,2,,,10,12,0,30,1
o236,1,1,3,infinity,3,,,11,13,0,32,1
o236,2,0,0,infinity,0,,,10,12,0,34,1
o236,2,0,1,infinity,1,,,11,13,0,36,1
o236,2,0,2,infinity,2,,,12,14,0,38,1
o236,2,0,3,infinity,3,,,13,15,0,40,1
o236,2,1,0,infinity,0,,,10,12,0,31,1
o236,2,1,1,infinity,1,,,11,13,0,34,1
o236,2,1,2,infinity,2,,,12,14,0,36,1
o236,2,1,3,infinity,3,,,13,15,0,38,1
o236,2,2,0,infinity,0,,,10,12,0,32,1
o236,2,2,1,infinity,1,,,11,13,0,34,1
o236,2,2,2,infinity,2,,,12,14,0,36,1
o236,2,2,3,infinity,3,,,13,15,0,38,1
o236,3,0,0,infinity,0,,,12,14,0,41,1
o236,3,0,1,infinity,1,,,13,15,0,43,1
o236,3,0,2,infinity,2,,,14,16,0,45,1
o236,3,0,3,infinity,3,,,15,17,0,47,1
o236,3,1,0,infinity,0,,,12,14,0,37,1
o236,3,1,1,infinity,1,,,13,15,0,40,1
o236,3,1,2,infinity,2,,,14,16,0,42,1
o236,3,1,3,infinity,3,,,15,17,0,44,1
o236,3,2,0,infinity,0,,,12,14,0,39,1
o236,3,2,1,infinity,1,,,13,15,0,41,1
o236,3,2,2,infinity,2,,,14,16,0,43,1
o236,3,2,3,infinity,3,,,15,17,0,45,1
o236,3,3,0,infinity,0,,,12,14,0,37,1
o236,3,3,1,infinity,1,,,13,15,0,40,1
o236,3,3,2,infinity,2,,,14,16,0,42,1
o236,3,3,3,infinity,3,,,15,17,0,44,1
o237,0,0,0,infinity,1,,,6,8,0,26,1
o237,0,0,1,infinity,1,,,7,9,0,28,1
o237,0,0,2,infinity,2,,,8,10,0,30,1
o237,0,0,3,infinity,3,,,9,11,0,32,1
o237,1,0,0,infinity,1,,,8,10,0,42,1
o237,1,0,1,infinity,1,,,9,11,0,46,1
o237,1,0,2,infinity,2,,,10,12,0,50,1
o237,1,0,3,infinity,3,,,11,13,0,54,1
o237,1,1,0,infinity,1,,,8,10,0,41,1
o237,1,1,1,infinity,1,,,9,11,0,43,1
o237,1,1,2,infinity,2,,,10,12,0,45,1
o237,1,1,3,infinity,3,,,11,13,0,47,1
o237,2,0,0,infinity,1,,,10,12,0,53,1
o237,2,0,1,infinity,1,,,11,13,0,57,1
o237,2,0,2,infinity,2,,,12,14,0,61,1
o237,2,0,3,infinity,3,,,13,15,0,65,1
o237,2,1,0,infinity,1,,,10,12,0,51,1
o237,2,1,1,infinity,1,,,11,13,0,55,1
o237,2,1,2,infinity,2,,,12,14,0,58,1
o237,2,1,3,infinity,3,,,13,15,0,62,1
o237,2,2,0,infinity,1,,,10,12,0,51,1
o237,2,2,1,infinity,1,,,11,13,0,55,1
o237,2,2,2,infinity,2,,,12,14,0,59,1
o237,2,2,3,infinity,3,,,13,15,0,63,1
o237,3,0,0,infinity,1,,,12,14,0,64,1
o237,3,0,1,infinity,1,,,13,15,0,68,1
o237,3,0,2,infinity,2,,,14,16,0,72,1
o237,3,0,3,infinity,3,,,15,17,0,76,1
o237,3,1,0,infinity,1,,,12,14,0,61,1
o237,3,1,1,infinity,1,,,13,15,0,65,1
o237,3,1,2,infinity,2,,,14,16,0,68,1
o237,3,1,3,infinity,3,,,15,17,0,72,1
o237,3,2,0,infinity,1,,,12,14,0,62,1
o237,3,2,1,infinity,1,,,13,15,0,66,1
o237,3,2,2,infinity,2,,,14,16,0,70,1
o237,3,2,3,infinity,3,,,15,17,0,74,1
o237,3,3,0,infinity,1,,,12,14,0,61,1
o237,3,3,1,infinity,1,,,13,15,0,64,1
o237,3,3,2,infinity,2,,,14,16,0,69,1
o237,3,3,3,infinity,3,,,15,17,0,73,1
o238,0,0,0,infinity,0,,,6,8,0,18,1
o238,0,0,1,infinity,1,,,7,9,0,19,1
o238,0,0,2,infinity,2,,,8,10,0,20,1
o238,0,0,3,infinity,3,,,9,11,0,21,1
o238,1,0,0,infinity,0,,,8,10,0,24,1
o238,1,0,1,infinity,1,,,9,11,0,26,1
o238,1,0,2,infinity,2,,,10,12,0,28,1
o238,1,0,3,infinity,3,,,11,13,0,30,1
o238,1,1,0,infinity,0,,,8,10,0,24,1
o238,1,1,1,infinity,1,,,9,11,0,26,1
o238,1,1,2,infinity,2,,,10,12,0,28,1
o238,1,1,3,infinity,3,,,11,13,0,30,1
o238,2,0,0,infinity,0,,,10,12,0,30,1
o238,2,0,1,infinity,1,,,11,13,0,32,1
o238,2,0,2,infinity,2,,,12,14,0,34,1
o238,2,0,3,infinity,3,,,13,15,0,36,1
o238,2,1,0,infinity,0,,,10,12,0,30,1
o238,2,1,1,infinity,1,,,11,13,0,32,1
o238,2,1,2,infinity,2,,,12,14,0,34,1
o238,2,1,3,infinity,3,,,13,15,0,36,1
o238,2,2,0,infinity,0,,,10,12,0,30,1
o238,2,2,1,infinity,1,,,11,13,0,32,1
o238,2,2,2,infinity,2,,,12,14,0,34,1
o238,2,2,3,infinity,3,,,13,15,0,36,1
o238,3,0,0,infinity,0,,,12,14,0,36,1
o238,3,0,1,infinity,1,,,13,15,0,38,1
o238,3,0,2,infinity,2,,,14,16,0,40,1
o238,3,0,3,infinity,3,,,15,17,0,42,1
o238,3,1,0,infinity,0,,,12,14,0,36,1
o238,3,1,1,infinity,1,,,13,15,0,38,1
o238,3,1,2,infinity,2,,,14,16,0,40,1
o238,3,1,3,infinity,3,,,15,17,0,42,1
o238,3,2,0,infinity,0,,,12,14,0,36,1
o238,3,2,1,infinity,1,,,13,15,0,38,1
o238,3,2,2,infinity,2,,,14,16,0,40,1
o238,3,2,3,infinity,3,,,15,17,0,42,1
o238,3,3,0,infinity,0,,,12,14,0,36,1
o238,3,3,1,infinity,1,,,13,15,0,38,1
o238,3,3,2,infinity,2,,,14,16,0,40,1
o238,3,3,3,infinity,3,,,15,17,0,42,1
o239,0,0,0,infinity,infinity,,,6,8,0,18,1
o239,0,0,1,infinity,infinity,,,7,9,0,19,1
o239,0,0,2,infinity,infinity,,,8,10,0,20,1
o239,0,0,3,infinity,infinity,,,9,11,0,21,1
o239,1,0,0,infinity,infinity,,,8,10,0,31,1
o239,1,0,1,infinity,infinity,,,9,11,0,34,1
o239,1,0,2,infinity,infinity,,,10,12,0,37,1
o239,1,0,3,infinity,infinity,,,11,13,0,40,1
o239,1,1,0,infinity,infinity,,,8,10,0,31,1
o239,1,1,1,infinity,infinity,,,9,11,0,32,1
o239,1,1,2,infinity,infinity,,,10,12,0,33,1
o239,1,1,3,infinity,infinity,,,11,13,0,34,1
o239,2,0,0,infinity,infinity,,,10,12,0,47,1
o239,2,0,1,infinity,infinity,,,11,13,0,51,1
o239,2,0,2,infinity,infinity,,,12,14,0,55,1
o239,2,0,3,infinity,infinity,,,13,15,0,59,1
o239,2,1,0,infinity,infinity,,,10,12,0,47,1
o239,2,1,1,infinity,infinity,,,11,13,0,51,1
o239,2,1,2,infinity,infinity,,,12,14,0,55,1
o239,2,1,3,infinity,infinity,,,13,15,0,59,1
o239,2,2,0,infinity,infinity,,,10,12,0,47,1
o239,2,2,1,infinity,infinity,,,11,13,0,48,1
o239,2,2,2,infinity,infinity,,,12,14,0,49,1
o239,2,2,3,infinity,infinity,,,13,15,0,50,1
o239,3,0,0,infinity,infinity,,,12,14,0,66,1
o239,3,0,1,infinity,infinity,,,13,15,0,71,1
o239,3,0,2,infinity,infinity,,,14,16,0,76,1
o239,3,0,3,infinity,infinity,,,15,17,0,81,1
o239,3,1,0,infinity,infinity,,,12,14,0,66,1
o239,3,1,1,infinity,infinity,,,13,15,0,71,1
o239,3,1,2,infinity,infinity,,,14,16,0,76,1
o239,3,1,3,infinity,infinity,,,15,17,0,81,1
o239,3,2,0,infinity,infinity,,,12,14,0,66,1
o239,3,2,1,infinity,infinity,,,13,15,0,71,1
o239,3,2,2,infinity,infinity,,,14,16,0,76,1
o239,3,2,3,infinity,infinity,,,15,17,0,81,1
o239,3,3,0,infinity,infinity,,,12,14,0,66,1
o239,3,3,1,infinity,infinity,,,13,15,0,67,1
o239,3,3,2,infinity,infinity,,,14,16,0,68,1
o239,3,3,3,infinity,infinity,,,15,17,0,69,1
o240,0,0,0,1,1,,,6,8,0,5,1
o240,0,0,1,2,2,,,7,9,0,7,1
o240,0,0,2,3,3,,,8,10,0,7,1
o240,0,0,3,4,4,,,9,11,0,7,1
o240,1,0,0,1,1,,,8,10,0,7,1
o240,1,0,1,2,2,,,9,11,0,9,1
o240,1,0,2,3,3,,,10,12,0,9,1
o240,1,0,3,4,4,,,11,13,0,9,1
o240,1,1,0,1,1,,,8,10,0,7,1
o240,1,1,1,2,2,,,9,11,0,9,1
o240,1,1,2,3,3,,,10,12,0,9,1
o240,1,1,3,4,4,,,11,13,0,9,1
o240,2,0,0,1,1,,,10,12,0,9,1
o240,2,0,1,2,2,,,11,13,0,11,1
o240,2,0,2,3,3,,,12,14,0,11,1
o240,2,0,3,4,4,,,13,15,0,11,1
o240,2,1,0,1,1,,,10,12,0,9,1
o240,2,1,1,2,2,,,11,13,0,11,1
o240,2,1,2,3,3,,,12,14,0,11,1
o240,2,1,3,4,4,,,13,15,0,11,1
o240,2,2,0,1,1,,,10,12,0,9,1
o240,2,2,1,2,2,,,11,13,0,11,1
o240,2,2,2,3,3,,,12,14,0,11,1
o240,2,2,3,4,4,,,13,15,0,11,1
o240,3,0,0,1,1,,,12,14,0,11,1
o240,3,0,1,2,2,,,13,15,0,13,1
o240,3,0,2,3,3,,,14,16,0,13,1
o240,3,0,3,4,4,,,15,17,0,13,1
o240,3,1,0,1,1,,,12,14,0,11,1
o240,3,1,1,2,2,,,13,15,0,13,1
o240,3,1,2,3,3,,,14,16,0,13,1
o240,3,1,3,4,4,,,15,17,0,13,1
o240,3,2,0,1,1,,,12,14,0,11,1
o240,3,2,1,2,2,,,13,15,0,13,1
o240,3,2,2,3,3,,,14,16,0,13,1
o240,3,2,3,4,4,,,15,17,0,13,1
o240,3,3,0,1,1,,,12,14,0,11,1
o240,3,3,1,2,2,,,13,15,0,13,1
o240,3,3,2,3,3,,,14,16,0,13,1
o240,3,3,3,4,4,,,15,17,0,13,1
o241,0,0,0,1,1,,,6,8,0,12,1
o241,0,0,1,2,2,,,7,9,0,22,1
o241,0,0,2,3,3,,,8,10,0,16,1
o241,0,0,3,4,4,,,9,11,0,24,1
o241,1,0,0,infinity,3,,,8,10,0,27,1
o241,1,0,1,infinity,3,,,9,11,0,48,1
o241,1,0,2,infinity,3,,,10,12,0,33,1
o241,1,0,3,infinity,4,,,11,13,0,52,1
o241,1,1,0,infinity,1,,,8,10,0,28,1
o241,1,1,1,infinity,2,,,9,11,0,48,1
o241,1,1,2,infinity,3,,,10,12,0,31,1
o241,1,1,3,infinity,4,,,11,13,0,52,1
o241,2,0,0,infinity,3,,,10,12,0,39,1
o241,2,0,1,infinity,3,,,11,13,0,69,1
o241,2,0,2,infinity,3,,,12,14,0,47,1
o241,2,0,3,infinity,4,,,13,15,0,74,1
o241,2,1,0,infinity,3,,,10,12,0,41,1
o241,2,1,1,infinity,3,,,11,13,0,69,1
o241,2,1,2,infinity,3,,,12,14,0,44,1
o241,2,1,3,infinity,4,,,13,15,0,74,1
o241,2,2,0,infinity,1,,,10,12,0,40,1
o241,2,2,1,infinity,2,,,11,13,0,69,1
o241,2,2,2,infinity,3,,,12,14,0,44,1
o241,2,2,3,infinity,4,,,13,15,0,74,1
o241,3,0,0,infinity,5,,,12,14,0,52,1
o241,3,0,1,infinity,5,,,13,15,0,93,1
o241,3,0,2,infinity,5,,,14,16,0,62,1
o241,3,0,3,infinity,5,,,15,17,0,99,1
o241,3,1,0,infinity,3,,,12,14,0,55,1
o241,3,1,1,infinity,4,,,13,15,0,93,1
o241,3,1,2,infinity,5,,,14,16,0,58,1
o241,3,1,3,infinity,5,,,15,17,0,99,1
o241,3,2,0,infinity,3,,,12,14,0,54,1
o241,3,2,1,infinity,4,,,13,15,0,93,1
o241,3,2,2,infinity,5,,,14,16,0,58,1
o241,3,2,3,infinity,5,,,15,17,0,99,1
o241,3,3,0,infinity,1,,,12,14,0,53,1
o241,3,3,1,infinity,2,,,13,15,0,93,1
o241,3,3,2,infinity,3,,,14,16,0,59,1
o241,3,3,3,infinity,4,,,15,17,0,99,1
o242,0,0,0,1,1,,,6,8,0,5,1
o242,0,0,1,2,2,,,7,9,0,8,1
o242,0,0,2,3,3,,,8,10,0,8,1
o242,0,0,3,4,4,,,9,11,0,8,1
o242,1,0,0,1,1,,,8,10,0,7,1
o242,1,0,1,2,2,,,9,11,0,10,1
o242,1,0,2,3,3,,,10,12,0,10,1
o242,1,0,3,4,4,,,11,13,0,10,1
o242,1,1,0,1,1,,,8,10,0,8,1
o242,1,1,1,2,2,,,9,11,0,10,1
o242,1,1,2,3,3,,,10,12,0,10,1
o242,1,1,3,4,4,,,11,13,0,10,1
o242,2,0,0,1,1,,,10,12,0,8,1
o242,2,0,1,2,2,,,11,13,0,11,1
o242,2,0,2,3,3,,,12,14,0,11,1
o242,2,0,3,4,4,,,13,15,0,11,1
o242,2,1,0,1,1,,,10,12,0,10,1
o242,2,1,1,2,2,,,11,13,0,11,1
o242,2,1,2,3,3,,,12,14,0,11,1
o242,2,1,3,4,4,,,13,15,0,11,1
o242,2,2,0,1,1,,,10,12,0,9,1
o242,2,2,1,2,2,,,11,13,0,11,1
o242,2,2,2,3,3,,,12,14,0,11,1
o242,2,2,3,4,4,,,13,15,0,11,1
o242,3,0,0,1,1,,,12,14,0,9,1
o242,3,0,1,2,2,,,13,15,0,12,1
o242,3,0,2,3,3,,,14,16,0,12,1
o242,3,0,3,4,4,,,15,17,0,12,1
o242,3,1,0,1,1,,,12,14,0,11,1
o242,3,1,1,2,2,,,13,15,0,12,1
o242,3,1,2,3,3,,,14,16,0,12,1
o242,3,1,3,4,4,,,15,17,0,12,1
o242,3,2,0,1,1,,,12,14,0,11,1
o242,3,2,1,2,2,,,13,15,0,12,1
o242,3,2,2,3,3,,,14,16,0,12,1
o242,3,2,3,4,4,,,15,17,0,12,1
o242,3,3,0,1,1,,,12,14,0,10,1
o242,3,3,1,2,2,,,13,15,0,12,1
o242,3,3,2,3,3,,,14,16,0,12,1
o242,3,3,3,4,4,,,15,17,0,12,1
o243,0,0,0,1,1,,,6,8,0,12,1
o243,0,0,1,2,2,,,7,9,0,15,1
o243,0,0,2,3,3,,,8,10,0,16,1
o243,0,0,3,4,4,,,9,11,0,17,1
o243,1,0,0,2,2,,,8,10,0,16,1
o243,1,0,1,3,2,,,9,11,0,20,1
o243,1,0,2,4,3,,,10,12,0,22,1
o243,1,0,3,5,4,,,11,13,0,23,1
o243,1,1,0,2,1,,,8,10,0,17,1
o243,1,1,1,3,2,,,9,11,0,20,1
o243,1,1,2,4,3,,,10,12,0,21,1
o243,1,1,3,5,4,,,11,13,0,22,1
o243,2,0,0,3,3,,,10,12,0,20,1
o243,2,0,1,4,3,,,11,13,0,25,1
o243,2,0,2,5,3,,,12,14,0,28,1
o243,2,0,3,6,4,,,13,15,0,29,1
o243,2,1,0,3,2,,,10,12,0,22,1
o243,2,1,1,4,3,,,11,13,0,25,1
o243,2,1,2,5,3,,,12,14,0,26,1
o243,2,1,3,6,4,,,13,15,0,28,1
o243,2,2,0,3,1,,,10,12,0,21,1
o243,2,2,1,4,2,,,11,13,0,25,1
o243,2,2,2,5,3,,,12,14,0,26,1
o243,2,2,3,6,4,,,13,15,0,27,1
o243,3,0,0,4,4,,,12,14,0,24,1
o243,3,0,1,5,4,,,13,15,0,30,1
o243,3,0,2,6,4,,,14,16,0,34,1
o243,3,0,3,7,4,,,15,17,0,35,1
o243,3,1,0,4,3,,,12,14,0,27,1
o243,3,1,1,5,4,,,13,15,0,30,1
o243,3,1,2,6,4,,,14,16,0,31,1
o243,3,1,3,7,4,,,15,17,0,34,1
o243,3,2,0,4,2,,,12,14,0,26,1
o243,3,2,1,5,3,,,13,15,0,31,1
o243,3,2,2,6,4,,,14,16,0,31,1
o243,3,2,3,7,4,,,15,17,0,32,1
o243,3,3,0,4,1,,,12,14,0,25,1
o243,3,3,1,5,2,,,13,15,0,30,1
o243,3,3,2,6,3,,,14,16,0,31,1
o243,3,3,3,7,4,,,15,17,0,32,1
o244,0,0,0,infinity,1,,,6,8,0,20,1
o244,0,0,1,infinity,2,,,7,9,0,28,1
o244,0,0,2,infinity,3,,,8,10,0,22,1
o244,0,0,3,infinity,4,,,9,11,0,30,1
o244,1,0,0,infinity,1,,,8,10,0,32,1
o244,1,0,1,infinity,2,,,9,11,0,47,1
o244,1,0,2,infinity,3,,,10,12,0,35,1
o244,1,0,3,infinity,4,,,11,13,0,52,1
o244,1,1,0,infinity,1,,,8,10,0,30,1
o244,1,1,1,infinity,2,,,9,11,0,55,1
o244,1,1,2,infinity,3,,,10,12,0,36,1
o244,1,1,3,infinity,4,,,11,13,0,60,1
o244,2,0,0,infinity,1,,,10,12,0,41,1
o244,2,0,1,infinity,2,,,11,13,0,59,1
o244,2,0,2,infinity,3,,,12,14,0,44,1
o244,2,0,3,infinity,4,,,13,15,0,64,1
o244,2,1,0,infinity,1,,,10,12,0,39,1
o244,2,1,1,infinity,2,,,11,13,0,59,1
o244,2,1,2,infinity,3,,,12,14,0,46,1
o244,2,1,3,infinity,4,,,13,15,0,64,1
o244,2,2,0,infinity,1,,,10,12,0,39,1
o244,2,2,1,infinity,2,,,11,13,0,69,1
o244,2,2,2,infinity,3,,,12,14,0,45,1
o244,2,2,3,infinity,4,,,13,15,0,74,1
o244,3,0,0,infinity,1,,,12,14,0,50,1
o244,3,0,1,infinity,2,,,13,15,0,71,1
o244,3,0,2,infinity,3,,,14,16,0,53,1
o244,3,0,3,infinity,4,,,15,17,0,76,1
o244,3,1,0,infinity,1,,,12,14,0,48,1
o244,3,1,1,infinity,2,,,13,15,0,71,1
o244,3,1,2,infinity,3,,,14,16,0,55,1
o244,3,1,3,infinity,4,,,15,17,0,76,1
o244,3,2,0,infinity,1,,,12,14,0,48,1
o244,3,2,1,infinity,2,,,13,15,0,71,1
o244,3,2,2,infinity,3,,,14,16,0,55,1
o244,3,2,3,infinity,4,,,15,17,0,76,1
o244,3,3,0,infinity,1,,,12,14,0,48,1
o244,3,3,1,infinity,2,,,13,15,0,83,1
o244,3,3,2,infinity,3,,,14,16,0,54,1
o244,3,3,3,infinity,4,,,15,17,0,88,1
o245,0,0,0,infinity,infinity,,,6,8,0,19,1
o245,0,0,1,infinity,infinity,,,7,9,0,19,1
o245,0,0,2,infinity,infinity,,,8,10,0,19,1
o245,0,0,3,infinity,infinity,,,9,11,0,19,1
o245,1,0,0,infinity,infinity,,,8,10,0,33,1
o245,1,0,1,infinity,infinity,,,9,11,0,33,1
o245,1,0,2,infinity,infinity,,,10,12,0,33,1
o245,1,0,3,infinity,infinity,,,11,13,0,33,1
o245,1,1,0,infinity,infinity,,,8,10,0,33,1
o245,1,1,1,infinity,infinity,,,9,11,0,33,1
o245,1,1,2,infinity,infinity,,,10,12,0,33,1
o245,1,1,3,infinity,infinity,,,11,13,0,33,1
o245,2,0,0,infinity,infinity,,,10,12,0,50,1
o245,2,0,1,infinity,infinity,,,11,13,0,50,1
o245,2,0,2,infinity,infinity,,,12,14,0,50,1
o245,2,0,3,infinity,infinity,,,13,15,0,50,1
o245,2,1,0,infinity,infinity,,,10,12,0,50,1
o245,2,1,1,infinity,infinity,,,11,13,0,50,1
o245,2,1,2,infinity,infinity,,,12,14,0,50,1
o245,2,1,3,infinity,infinity,,,13,15,0,50,1
o245,2,2,0,infinity,infinity,,,10,12,0,50,1
o245,2,2,1,infinity,infinity,,,11,13,0,50,1
o245,2,2,2,infinity,infinity,,,12,14,0,50,1
o245,2,2,3,infinity,infinity,,,13,15,0,50,1
o245,3,0,0,infinity,infinity,,,12,14,0,70,1
o245,3,0,1,infinity,infinity,,,13,15,0,70,1
o245,3,0,2,infinity,infinity,,,14,16,0,70,1
o245,3,0,3,infinity,infinity,,,15,17,0,70,1
o245,3,1,0,infinity,infinity,,,12,14,0,70,1
o245,3,1,1,infinity,infinity,,,13,15,0,70,1
o245,3,1,2,infinity,infinity,,,14,16,0,70,1
o245,3,1,3,infinity,infinity,,,15,17,0,70,1
o245,3,2,0,infinity,infinity,,,12,14,0,70,1
o245,3,2,1,infinity,infinity,,,13,15,0,70,1
o245,3,2,2,infinity,infinity,,,14,16,0,70,1
o245,3,2,3,infinity,infinity,,,15,17,0,70,1
o245,3,3,0,infinity,infinity,,,12,14,0,70,1
o245,3,3,1,infinity,infinity,,,13,15,0,70,1
o245,3,3,2,infinity,infinity,,,14,16,0,70,1
o245,3,3,3,infinity,infinity,,,15,17,0,70,1
o246,0,0,0,infinity,1,,,6,8,0,27,1
o246,0,0,1,infinity,2,,,7,9,0,21,1
o246,0,0,2,infinity,3,,,8,10,0,29,1
o246,0,0,3,infinity,4,,,9,11,0,23,1
o246,1,0,0,infinity,1,,,8,10,0,44,1
o246,1,0,1,infinity,2,,,9,11,0,32,1
o246,1,0,2,infinity,3,,,10,12,0,49,1
o246,1,0,3,infinity,4,,,11,13,0,37,1
o246,1,1,0,infinity,1,,,8,10,0,52,1
o246,1,1,1,infinity,2,,,9,11,0,33,1
o246,1,1,2,infinity,3,,,10,12,0,57,1
o246,1,1,3,infinity,4,,,11,13,0,38,1
o246,2,0,0,infinity,1,,,10,12,0,54,1
o246,2,0,1,infinity,2,,,11,13,0,39,1
o246,2,0,2,infinity,3,,,12,14,0,59,1
o246,2,0,3,infinity,4,,,13,15,0,44,1
o246,2,1,0,infinity,1,,,10,12,0,54,1
o246,2,1,1,infinity,2,,,11,13,0,41,1
o246,2,1,2,infinity,3,,,12,14,0,59,1
o246,2,1,3,infinity,4,,,13,15,0,46,1
o246,2,2,0,infinity,1,,,10,12,0,64,1
o246,2,2,1,infinity,2,,,11,13,0,40,1
o246,2,2,2,infinity,3,,,12,14,0,69,1
o246,2,2,3,infinity,4,,,13,15,0,45,1
o246,3,0,0,infinity,1,,,12,14,0,64,1
o246,3,0,1,infinity,2,,,13,15,0,46,1
o246,3,0,2,infinity,3,,,14,16,0,69,1
o246,3,0,3,infinity,4,,,15,17,0,51,1
o246,3,1,0,infinity,1,,,12,14,0,64,1
o246,3,1,1,infinity,2,,,13,15,0,48,1
o246,3,1,2,infinity,3,,,14,16,0,69,1
o246,3,1,3,infinity,4,,,15,17,0,53,1
o246,3,2,0,infinity,1,,,12,14,0,64,1
o246,3,2,1,infinity,2,,,13,15,0,48,1
o246,3,2,2,infinity,3,,,14,16,0,69,1
o246,3,2,3,infinity,4,,,15,17,0,53,1
o246,3,3,0,infinity,1,,,12,14,0,76,1
o246,3,3,1,infinity,2,,,13,15,0,47,1
o246,3,3,2,infinity,3,,,14,16,0,81,1
o246,3,3,3,infinity,4,,,15,17,0,52,1
o247,0,0,0,infinity,infinity,,,6,8,0,25,1
o247,0,0,1,infinity,infinity,,,7,9,0,25,1
o247,0,0,2,infinity,infinity,,,8,10,0,25,1
o247,0,0,3,infinity,infinity,,,9,11,0,25,1
o247,1,0,0,infinity,infinity,,,8,10,0,46,1
o247,1,0,1,infinity,infinity,,,9,11,0,46,1
o247,1,0,2,infinity,infinity,,,10,12,0,46,1
o247,1,0,3,infinity,infinity,,,11,13,0,46,1
o247,1,1,0,infinity,infinity,,,8,10,0,47,1
o247,1,1,1,infinity,infinity,,,9,11,0,47,1
o247,1,1,2,infinity,infinity,,,10,12,0,47,1
o247,1,1,3,infinity,infinity,,,11,13,0,47,1
o247,2,0,0,infinity,infinity,,,10,12,0,65,1
o247,2,0,1,infinity,infinity,,,11,13,0,65,1
o247,2,0,2,infinity,infinity,,,12,14,0,65,1
o247,2,0,3,infinity,infinity,,,13,15,0,65,1
o247,2,1,0,infinity,infinity,,,10,12,0,66,1
o247,2,1,1,infinity,infinity,,,11,13,0,66,1
o247,2,1,2,infinity,infinity,,,12,14,0,66,1
o247,2,1,3,infinity,infinity,,,13,15,0,66,1
o247,2,2,0,infinity,infinity,,,10,12,0,67,1
o247,2,2,1,infinity,infinity,,,11,13,0,67,1
o247,2,2,2,infinity,infinity,,,12,14,0,67,1
o247,2,2,3,infinity,infinity,,,13,15,0,67,1
o247,3,0,0,infinity,infinity,,,12,14,0,87,1
o247,3,0,1,infinity,infinity,,,13,15,0,87,1
o247,3,0,2,infinity,infinity,,,14,16,0,87,1
o247,3,0,3,infinity,infinity,,,15,17,0,87,1
o247,3,1,0,infinity,infinity,,,12,14,0,88,1
o247,3,1,1,infinity,infinity,,,13,15,0,88,1
o247,3,1,2,infinity,infinity,,,14,16,0,88,1
o247,3,1,3,infinity,infinity,,,15,17,0,88,1
o247,3,2,0,infinity,infinity,,,12,14,0,89,1
o247,3,2,1,infinity,infinity,,,13,15,0,89,1
o247,3,2,2,infinity,infinity,,,14,16,0,89,1
o247,3,2,3,infinity,infinity,,,15,17,0,89,1
o247,3,3,0,infinity,infinity,,,12,14,0,90,1
o247,3,3,1,infinity,infinity,,,13,15,0,90,1
o247,3,3,2,infinity,infinity,,,14,16,0,90,1
o247,3,3,3,infinity,infinity,,,15,17,0,90,1
o248,0,0,0,1,1,,,6,8,0,6,1
o248,0,0,1,2,2,,,7,9,0,7,1
o248,0,0,2,3,3,,,8,10,0,7,1
o248,0,0,3,4,4,,,9,11,0,7,1
o248,1,0,0,1,1,,,8,10,0,8,1
o248,1,0,1,2,2,,,9,11,0,9,1
o248,1,0,2,3,3,,,10,12,0,9,1
o248,1,0,3,4,4,,,11,13,0,9,1
o248,1,1,0,1,1,,,8,10,0,6,1
o248,1,1,1,2,2,,,9,11,0,9,1
o248,1,1,2,3,3,,,10,12,0,9,1
o248,1,1,3,4,4,,,11,13,0,9,1
o248,2,0,0,1,1,,,10,12,0,10,1
o248,2,0,1,2,2,,,11,13,0,11,1
o248,2,0,2,3,3,,,12,14,0,11,1
o248,2,0,3,4,4,,,13,15,0,11,1
o248,2,1,0,1,1,,,10,12,0,7,1
o248,2,1,1,2,2,,,11,13,0,10,1
o248,2,1,2,3,3,,,12,14,0,10,1
o248,2,1,3,4,4,,,13,15,0,10,1
o248,2,2,0,1,1,,,10,12,0,8,1
o248,2,2,1,2,2,,,11,13,0,10,1
o248,2,2,2,3,3,,,12,14,0,10,1
o248,2,2,3,4,4,,,13,15,0,10,1
o248,3,0,0,1,1,,,12,14,0,12,1
o248,3,0,1,2,2,,,13,15,0,13,1
o248,3,0,2,3,3,,,14,16,0,13,1
o248,3,0,3,4,4,,,15,17,0,13,1
o248,3,1,0,1,1,,,12,14,0,8,1
o248,3,1,1,2,2,,,13,15,0,11,1
o248,3,1,2,3,3,,,14,16,0,11,1
o248,3,1,3,4,4,,,15,17,0,11,1
o248,3,2,0,1,1,,,12,14,0,10,1
o248,3,2,1,2,2,,,13,15,0,11,1
o248,3,2,2,3,3,,,14,16,0,11,1
o248,3,2,3,4,4,,,15,17,0,11,1
o248,3,3,0,1,1,,,12,14,0,8,1
o248,3,3,1,2,2,,,13,15,0,11,1
o248,3,3,2,3,3,,,14,16,0,11,1
o248,3,3,3,4,4,,,15,17,0,11,1
o249,0,0,0,1,1,,,6,8,0,20,1
o249,0,0,1,2,2,,,7,9,0,14,1
o249,0,0,2,3,3,,,8,10,0,22,1
o249,0,0,3,4,4,,,9,11,0,16,1
o249,1,0,0,infinity,2,,,8,10,0,43,1
o249,1,0,1,infinity,2,,,9,11,0,28,1
o249,1,0,2,infinity,3,,,10,12,0,47,1
o249,1,0,3,infinity,4,,,11,13,0,32,1
o249,1,1,0,infinity,1,,,8,10,0,43,1
o249,1,1,1,infinity,2,,,9,11,0,26,1
o249,1,1,2,infinity,3,,,10,12,0,47,1
o249,1,1,3,infinity,4,,,11,13,0,30,1
o249,2,0,0,infinity,3,,,10,12,0,62,1
o249,2,0,1,infinity,4,,,11,13,0,40,1
o249,2,0,2,infinity,4,,,12,14,0,67,1
o249,2,0,3,infinity,4,,,13,15,0,45,1
o249,2,1,0,infinity,3,,,10,12,0,62,1
o249,2,1,1,infinity,4,,,11,13,0,37,1
o249,2,1,2,infinity,4,,,12,14,0,67,1
o249,2,1,3,infinity,4,,,13,15,0,42,1
o249,2,2,0,infinity,1,,,10,12,0,62,1
o249,2,2,1,infinity,2,,,11,13,0,38,1
o249,2,2,2,infinity,3,,,12,14,0,67,1
o249,2,2,3,infinity,4,,,13,15,0,43,1
o249,3,0,0,infinity,4,,,12,14,0,84,1
o249,3,0,1,infinity,4,,,13,15,0,53,1
o249,3,0,2,infinity,4,,,14,16,0,90,1
o249,3,0,3,infinity,4,,,15,17,0,59,1
o249,3,1,0,infinity,3,,,12,14,0,84,1
o249,3,1,1,infinity,4,,,13,15,0,49,1
o249,3,1,2,infinity,4,,,14,16,0,90,1
o249,3,1,3,infinity,4,,,15,17,0,55,1
o249,3,2,0,infinity,3,,,12,14,0,84,1
o249,3,2,1,infinity,4,,,13,15,0,51,1
o249,3,2,2,infinity,4,,,14,16,0,90,1
o249,3,2,3,infinity,4,,,15,17,0,57,1
o249,3,3,0,infinity,1,,,12,14,0,84,1
o249,3,3,1,infinity,2,,,13,15,0,50,1
o249,3,3,2,infinity,3,,,14,16,0,90,1
o249,3,3,3,infinity,4,,,15,17,0,55,1
o250,0,0,0,1,1,,,6,8,0,5,1
o250,0,0,1,2,2,,,7,9,0,5,1
o250,0,0,2,3,3,,,8,10,0,5,1
o250,0,0,3,4,4,,,9,11,0,5,1
o250,1,0,0,1,1,,,8,10,0,6,1
o250,1,0,1,2,2,,,9,11,0,6,1
o250,1,0,2,3,3,,,10,12,0,6,1
o250,1,0,3,4,4,,,11,13,0,6,1
o250,1,1,0,1,1,,,8,10,0,6,1
o250,1,1,1,2,2,,,9,11,0,6,1
o250,1,1,2,3,3,,,10,12,0,6,1
o250,1,1,3,4,4,,,11,13,0,6,1
o250,2,0,0,1,1,,,10,12,0,7,1
o250,2,0,1,2,2,,,11,13,0,7,1
o250,2,0,2,3,3,,,12,14,0,7,1
o250,2,0,3,4,4,,,13,15,0,7,1
o250,2,1,0,1,1,,,10,12,0,7,1
o250,2,1,1,2,2,,,11,13,0,7,1
o250,2,1,2,3,3,,,12,14,0,7,1
o250,2,1,3,4,4,,,13,15,0,7,1
o250,2,2,0,1,1,,,10,12,0,7,1
o250,2,2,1,2,2,,,11,13,0,7,1
o250,2,2,2,3,3,,,12,14,0,7,1
o250,2,2,3,4,4,,,13,15,0,7,1
o250,3,0,0,1,1,,,12,14,0,8,1
o250,3,0,1,2,2,,,13,15,0,8,1
o250,3,0,2,3,3,,,14,16,0,8,1
o250,3,0,3,4,4,,,15,17,0,8,1
o250,3,1,0,1,1,,,12,14,0,8,1
o250,3,1,1,2,2,,,13,15,0,8,1
o250,3,1,2,3,3,,,14,16,0,8,1
o250,3,1,3,4,4,,,15,17,0,8,1
o250,3,2,0,1,1,,,12,14,0,8,1
o250,3,2,1,2,2,,,13,15,0,8,1
o250,3,2,2,3,3,,,14,16,0,8,1
o250,3,2,3,4,4,,,15,17,0,8,1
o250,3,3,0,1,1,,,12,14,0,8,1
o250,3,3,1,2,2,,,13,15,0,8,1
o250,3,3,2,3,3,,,14,16,0,8,1
o250,3,3,3,4,4,,,15,17,0,8,1
o251,0,0,0,1,1,,,6,8,0,12,1
o251,0,0,1,2,2,,,7,9,0,13,1
o251,0,0,2,3,3,,,8,10,0,14,1
o251,0,0,3,4,4,,,9,11,0,15,1
o251,1,0,0,2,2,,,8,10,0,16,1
o251,1,0,1,3,2,,,9,11,0,18,1
o251,1,0,2,4,3,,,10,12,0,19,1
o251,1,0,3,5,4,,,11,13,0,20,1
o251,1,1,0,2,1,,,8,10,0,16,1
o251,1,1,1,3,2,,,9,11,0,17,1
o251,1,1,2,4,3,,,10,12,0,18,1
o251,1,1,3,5,4,,,11,13,0,19,1
o251,2,0,0,3,3,,,10,12,0,20,1
o251,2,0,1,4,3,,,11,13,0,23,1
o251,2,0,2,5,3,,,12,14,0,24,1
o251,2,0,3,6,4,,,13,15,0,25,1
o251,2,1,0,3,2,,,10,12,0,21,1
o251,2,1,1,4,3,,,11,13,0,21,1
o251,2,1,2,5,3,,,12,14,0,23,1
o251,2,1,3,6,4,,,13,15,0,24,1
o251,2,2,0,3,1,,,10,12,0,20,1
o251,2,2,1,4,2,,,11,13,0,21,1
o251,2,2,2,5,3,,,12,14,0,22,1
o251,2,2,3,6,4,,,13,15,0,23,1
o251,3,0,0,4,4,,,12,14,0,24,1
o251,3,0,1,5,4,,,13,15,0,28,1
o251,3,0,2,6,4,,,14,16,0,29,1
o251,3,0,3,7,4,,,15,17,0,30,1
o251,3,1,0,4,3,,,12,14,0,26,1
o251,3,1,1,5,4,,,13,15,0,25,1
o251,3,1,2,6,4,,,14,16,0,28,1
o251,3,1,3,7,4,,,15,17,0,29,1
o251,3,2,0,4,2,,,12,14,0,25,1
o251,3,2,1,5,3,,,13,15,0,26,1
o251,3,2,2,6,4,,,14,16,0,26,1
o251,3,2,3,7,4,,,15,17,0,28,1
o251,3,3,0,4,1,,,12,14,0,24,1
o251,3,3,1,5,2,,,13,15,0,25,1
o251,3,3,2,6,3,,,14,16,0,26,1
o251,3,3,3,7,4,,,15,17,0,27,1
o252,0,0,0,infinity,1,,,6,8,0,19,1
o252,0,0,1,infinity,2,,,7,9,0,20,1
o252,0,0,2,infinity,3,,,8,10,0,21,1
o252,0,0,3,infinity,4,,,9,11,0,22,1
o252,1,0,0,infinity,1,,,8,10,0,26,1
o252,1,0,1,infinity,2,,,9,11,0,28,1
o252,1,0,2,infinity,3,,,10,12,0,30,1
o252,1,0,3,infinity,4,,,11,13,0,32,1
o252,1,1,0,infinity,1,,,8,10,0,24,1
o252,1,1,1,infinity,2,,,9,11,0,27,1
o252,1,1,2,infinity,3,,,10,12,0,29,1
o252,1,1,3,infinity,4,,,11,13,0,31,1
o252,2,0,0,infinity,1,,,10,12,0,33,1
o252,2,0,1,infinity,2,,,11,13,0,35,1
o252,2,0,2,infinity,3,,,12,14,0,37,1
o252,2,0,3,infinity,4,,,13,15,0,39,1
o252,2,1,0,infinity,1,,,10,12,0,30,1
o252,2,1,1,infinity,2,,,11,13,0,34,1
o252,2,1,2,infinity,3,,,12,14,0,36,1
o252,2,1,3,infinity,4,,,13,15,0,38,1
o252,2,2,0,infinity,1,,,10,12,0,31,1
o252,2,2,1,infinity,2,,,11,13,0,33,1
o252,2,2,2,infinity,3,,,12,14,0,35,1
o252,2,2,3,infinity,4,,,13,15,0,37,1
o252,3,0,0,infinity,1,,,12,14,0,40,1
o252,3,0,1,infinity,2,,,13,15,0,42,1
o252,3,0,2,infinity,3,,,14,16,0,44,1
o252,3,0,3,infinity,4,,,15,17,0,46,1
o252,3,1,0,infinity,1,,,12,14,0,36,1
o252,3,1,1,infinity,2,,,13,15,0,40,1
o252,3,1,2,infinity,3,,,14,16,0,42,1
o252,3,1,3,infinity,4,,,15,17,0,44,1
o252,3,2,0,infinity,1,,,12,14,0,38,1
o252,3,2,1,infinity,2,,,13,15,0,40,1
o252,3,2,2,infinity,3,,,14,16,0,42,1
o252,3,2,3,infinity,4,,,15,17,0,44,1
o252,3,3,0,infinity,1,,,12,14,0,36,1
o252,3,3,1,infinity,2,,,13,15,0,39,1
o252,3,3,2,infinity,3,,,14,16,0,41,1
o252,3,3,3,infinity,4,,,15,17,0,43,1
o253,0,0,0,infinity,infinity,,,6,8,0,24,1
o253,0,0,1,infinity,infinity,,,7,9,0,24,1
o253,0,0,2,infinity,infinity,,,8,10,0,24,1
o253,0,0,3,infinity,infinity,,,9,11,0,24,1
o253,1,0,0,infinity,infinity,,,8,10,0,37,1
o253,1,0,1,infinity,infinity,,,9,11,0,37,1
o253,1,0,2,infinity,infinity,,,10,12,0,37,1
o253,1,0,3,infinity,infinity,,,11,13,0,37,1
o253,1,1,0,infinity,infinity,,,8,10,0,39,1
o253,1,1,1,infinity,infinity,,,9,11,0,39,1
o253,1,1,2,infinity,infinity,,,10,12,0,39,1
o253,1,1,3,infinity,infinity,,,11,13,0,39,1
o253,2,0,0,infinity,infinity,,,10,12,0,55,1
o253,2,0,1,infinity,infinity,,,11,13,0,55,1
o253,2,0,2,infinity,infinity,,,12,14,0,55,1
o253,2,0,3,infinity,infinity,,,13,15,0,55,1
o253,2,1,0,infinity,infinity,,,10,12,0,55,1
o253,2,1,1,infinity,infinity,,,11,13,0,55,1
o253,2,1,2,infinity,infinity,,,12,14,0,55,1
o253,2,1,3,infinity,infinity,,,13,15,0,55,1
o253,2,2,0,infinity,infinity,,,10,12,0,57,1
o253,2,2,1,infinity,infinity,,,11,13,0,57,1
o253,2,2,2,infinity,infinity,,,12,14,0,57,1
o253,2,2,3,infinity,infinity,,,13,15,0,57,1
o253,3,0,0,infinity,infinity,,,12,14,0,74,1
o253,3,0,1,infinity,infinity,,,13,15,0,74,1
o253,3,0,2,infinity,infinity,,,14,16,0,74,1
o253,3,0,3,infinity,infinity,,,15,17,0,74,1
o253,3,1,0,infinity,infinity,,,12,14,0,76,1
o253,3,1,1,infinity,infinity,,,13,15,0,76,1
o253,3,1,2,infinity,infinity,,,14,16,0,76,1
o253,3,1,3,infinity,infinity,,,15,17,0,76,1
o253,3,2,0,infinity,infinity,,,12,14,0,76,1
o253,3,2,1,infinity,infinity,,,13,15,0,76,1
o253,3,2,2,infinity,infinity,,,14,16,0,76,1
o253,3,2,3,infinity,infinity,,,15,17,0,76,1
o253,3,3,0,infinity,infinity,,,12,14,0,78,1
o253,3,3,1,infinity,infinity,,,13,15,0,78,1
o253,3,3,2,infinity,infinity,,,14,16,0,78,1
o253,3,3,3,infinity,infinity,,,15,17,0,78,1
o254,0,0,0,infinity,1,,,6,8,0,18,1
o254,0,0,1,infinity,2,,,7,9,0,19,1
o254,0,0,2,infinity,3,,,8,10,0,20,1
o254,0,0,3,infinity,4,,,9,11,0,21,1
o254,1,0,0,infinity,1,,,8,10,0,25,1
o254,1,0,1,infinity,2,,,9,11,0,27,1
o254,1,0,2,infinity,3,,,10,12,0,29,1
o254,1,0,3,infinity,4,,,11,13,0,31,1
o254,1,1,0,infinity,1,,,8,10,0,24,1
o254,1,1,1,infinity,2,,,9,11,0,26,1
o254,1,1,2,infinity,3,,,10,12,0,28,1
o254,1,1,3,infinity,4,,,11,13,0,30,1
o254,2,0,0,infinity,1,,,10,12,0,31,1
o254,2,0,1,infinity,2,,,11,13,0,33,1
o254,2,0,2,infinity,3,,,12,14,0,35,1
o254,2,0,3,infinity,4,,,13,15,0,37,1
o254,2,1,0,infinity,1,,,10,12,0,31,1
o254,2,1,1,infinity,2,,,11,13,0,33,1
o254,2,1,2,infinity,3,,,12,14,0,35,1
o254,2,1,3,infinity,4,,,13,15,0,37,1
o254,2,2,0,infinity,1,,,10,12,0,30,1
o254,2,2,1,infinity,2,,,11,13,0,32,1
o254,2,2,2,infinity,3,,,12,14,0,34,1
o254,2,2,3,infinity,4,,,13,15,0,36,1
o254,3,0,0,infinity,1,,,12,14,0,37,1
o254,3,0,1,infinity,2,,,13,15,0,39,1
o254,3,0,2,infinity,3,,,14,16,0,41,1
o254,3,0,3,infinity,4,,,15,17,0,43,1
o254,3,1,0,infinity,1,,,12,14,0,37,1
o254,3,1,1,infinity,2,,,13,15,0,39,1
o254,3,1,2,infinity,3,,,14,16,0,41,1
o254,3,1,3,infinity,4,,,15,17,0,43,1
o254,3,2,0,infinity,1,,,12,14,0,37,1
o254,3,2,1,infinity,2,,,13,15,0,39,1
o254,3,2,2,infinity,3,,,14,16,0,41,1
o254,3,2,3,infinity,4,,,15,17,0,43,1
o254,3,3,0,infinity,1,,,12,14,0,36,1
o254,3,3,1,infinity,2,,,13,15,0,38,1
o254,3,3,2,infinity,3,,,14,16,0,40,1
o254,3,3,3,infinity,4,,,15,17,0,42,1
o255,0,0,0,infinity,infinity,,,6,8,0,17,1
o255,0,0,1,infinity,infinity,,,7,9,0,17,1
o255,0,0,2,infinity,infinity,,,8,10,0,17,1
o255,0,0,3,infinity,infinity,,,9,11,0,17,1
o255,1,0,0,infinity,infinity,,,8,10,0,30,1
o255,1,0,1,infinity,infinity,,,9,11,0,30,1
o255,1,0,2,infinity,infinity,,,10,12,0,30,1
o255,1,0,3,infinity,infinity,,,11,13,0,30,1
o255,1,1,0,infinity,infinity,,,8,10,0,30,1
o255,1,1,1,infinity,infinity,,,9,11,0,30,1
o255,1,1,2,infinity,infinity,,,10,12,0,30,1
o255,1,1,3,infinity,infinity,,,11,13,0,30,1
o255,2,0,0,infinity,infinity,,,10,12,0,46,1
o255,2,0,1,infinity,infinity,,,11,13,0,46,1
o255,2,0,2,infinity,infinity,,,12,14,0,46,1
o255,2,0,3,infinity,infinity,,,13,15,0,46,1
o255,2,1,0,infinity,infinity,,,10,12,0,46,1
o255,2,1,1,infinity,infinity,,,11,13,0,46,1
o255,2,1,2,infinity,infinity,,,12,14,0,46,1
o255,2,1,3,infinity,infinity,,,13,15,0,46,1
o255,2,2,0,infinity,infinity,,,10,12,0,46,1
o255,2,2,1,infinity,infinity,,,11,13,0,46,1
o255,2,2,2,infinity,infinity,,,12,14,0,46,1
o255,2,2,3,infinity,infinity,,,13,15,0,46,1
o255,3,0,0,infinity,infinity,,,12,14,0,65,1
o255,3,0,1,infinity,infinity,,,13,15,0,65,1
o255,3,0,2,infinity,infinity,,,14,16,0,65,1
o255,3,0,3,infinity,infinity,,,15,17,0,65,1
o255,3,1,0,infinity,infinity,,,12,14,0,65,1
o255,3,1,1,infinity,infinity,,,13,15,0,65,1
o255,3,1,2,infinity,infinity,,,14,16,0,65,1
o255,3,1,3,infinity,infinity,,,15,17,0,65,1
o255,3,2,0,infinity,infinity,,,12,14,0,65,1
o255,3,2,1,infinity,infinity,,,13,15,0,65,1
o255,3,2,2,infinity,infinity,,,14,16,0,65,1
o255,3,2,3,infinity,infinity,,,15,17,0,65,1
o255,3,3,0,infinity,infinity,,,12,14,0,65,1
o255,3,3,1,infinity,infinity,,,13,15,0,65,1
o255,3,3,2,infinity,infinity,,,14,16,0,65,1
o255,3,3,3,infinity,infinity,,,15,17,0,65,1
